issuer,year,asset_class,metric,value,currency,unit,scope,pdf,pdf_page,note,qualification,extraction_file
CSN,2016,Terrenos,gross_cost,264629,BRL,thousands,consolidated,CSN_2016_DFP.pdf,84,11,Parsed official note11; class totals checked; impairment not assumed zero,CSN_2016_2025_cells.csv
CSN,2016,Terrenos,accumulated_depreciation,0,BRL,thousands,consolidated,CSN_2016_DFP.pdf,84,11,Parsed official note11; class totals checked; impairment not assumed zero,CSN_2016_2025_cells.csv
CSN,2016,Terrenos,net,264629,BRL,thousands,consolidated,CSN_2016_DFP.pdf,84,11,Parsed official note11; class totals checked; impairment not assumed zero,CSN_2016_2025_cells.csv
CSN,2016,Terrenos,annual_ppe_depreciation,0,BRL,thousands,consolidated,CSN_2016_DFP.pdf,84,11,Parsed official note11; class totals checked; impairment not assumed zero,CSN_2016_2025_cells.csv
CSN,2016,Edificações e infraestrutura,gross_cost,3637903,BRL,thousands,consolidated,CSN_2016_DFP.pdf,84,11,Parsed official note11; class totals checked; impairment not assumed zero,CSN_2016_2025_cells.csv
CSN,2016,Edificações e infraestrutura,accumulated_depreciation,822224,BRL,thousands,consolidated,CSN_2016_DFP.pdf,84,11,Parsed official note11; class totals checked; impairment not assumed zero,CSN_2016_2025_cells.csv
CSN,2016,Edificações e infraestrutura,net,2815679,BRL,thousands,consolidated,CSN_2016_DFP.pdf,84,11,Parsed official note11; class totals checked; impairment not assumed zero,CSN_2016_2025_cells.csv
CSN,2016,Edificações e infraestrutura,annual_ppe_depreciation,116760,BRL,thousands,consolidated,CSN_2016_DFP.pdf,84,11,Parsed official note11; class totals checked; impairment not assumed zero,CSN_2016_2025_cells.csv
CSN,2016,Máquinas equipamentos e instalações,gross_cost,20712371,BRL,thousands,consolidated,CSN_2016_DFP.pdf,84,11,Parsed official note11; class totals checked; impairment not assumed zero,CSN_2016_2025_cells.csv
CSN,2016,Máquinas equipamentos e instalações,accumulated_depreciation,8342741,BRL,thousands,consolidated,CSN_2016_DFP.pdf,84,11,Parsed official note11; class totals checked; impairment not assumed zero,CSN_2016_2025_cells.csv
CSN,2016,Máquinas equipamentos e instalações,net,12369630,BRL,thousands,consolidated,CSN_2016_DFP.pdf,84,11,Parsed official note11; class totals checked; impairment not assumed zero,CSN_2016_2025_cells.csv
CSN,2016,Máquinas equipamentos e instalações,annual_ppe_depreciation,1096668,BRL,thousands,consolidated,CSN_2016_DFP.pdf,84,11,Parsed official note11; class totals checked; impairment not assumed zero,CSN_2016_2025_cells.csv
CSN,2016,Móveis e utensílios,gross_cost,173821,BRL,thousands,consolidated,CSN_2016_DFP.pdf,84,11,Parsed official note11; class totals checked; impairment not assumed zero,CSN_2016_2025_cells.csv
CSN,2016,Móveis e utensílios,accumulated_depreciation,140658,BRL,thousands,consolidated,CSN_2016_DFP.pdf,84,11,Parsed official note11; class totals checked; impairment not assumed zero,CSN_2016_2025_cells.csv
CSN,2016,Móveis e utensílios,net,33163,BRL,thousands,consolidated,CSN_2016_DFP.pdf,84,11,Parsed official note11; class totals checked; impairment not assumed zero,CSN_2016_2025_cells.csv
CSN,2016,Móveis e utensílios,annual_ppe_depreciation,5822,BRL,thousands,consolidated,CSN_2016_DFP.pdf,84,11,Parsed official note11; class totals checked; impairment not assumed zero,CSN_2016_2025_cells.csv
CSN,2016,Obras em andamento,gross_cost,2260864,BRL,thousands,consolidated,CSN_2016_DFP.pdf,84,11,Parsed official note11; class totals checked; impairment not assumed zero,CSN_2016_2025_cells.csv
CSN,2016,Obras em andamento,accumulated_depreciation,0,BRL,thousands,consolidated,CSN_2016_DFP.pdf,84,11,Parsed official note11; class totals checked; impairment not assumed zero,CSN_2016_2025_cells.csv
CSN,2016,Obras em andamento,net,2260864,BRL,thousands,consolidated,CSN_2016_DFP.pdf,84,11,Parsed official note11; class totals checked; impairment not assumed zero,CSN_2016_2025_cells.csv
CSN,2016,Obras em andamento,annual_ppe_depreciation,0,BRL,thousands,consolidated,CSN_2016_DFP.pdf,84,11,Parsed official note11; class totals checked; impairment not assumed zero,CSN_2016_2025_cells.csv
CSN,2016,Outros,gross_cost,676529,BRL,thousands,consolidated,CSN_2016_DFP.pdf,84,11,Parsed official note11; class totals checked; impairment not assumed zero,CSN_2016_2025_cells.csv
CSN,2016,Outros,accumulated_depreciation,284615,BRL,thousands,consolidated,CSN_2016_DFP.pdf,84,11,Parsed official note11; class totals checked; impairment not assumed zero,CSN_2016_2025_cells.csv
CSN,2016,Outros,net,391914,BRL,thousands,consolidated,CSN_2016_DFP.pdf,84,11,Parsed official note11; class totals checked; impairment not assumed zero,CSN_2016_2025_cells.csv
CSN,2016,Outros,annual_ppe_depreciation,34929,BRL,thousands,consolidated,CSN_2016_DFP.pdf,84,11,Parsed official note11; class totals checked; impairment not assumed zero,CSN_2016_2025_cells.csv
CSN,2017,Terrenos,gross_cost,279740,BRL,thousands,consolidated,CSN_2017_DFP.pdf,66,11,Parsed official note11; class totals checked; impairment not assumed zero,CSN_2016_2025_cells.csv
CSN,2017,Terrenos,accumulated_depreciation,0,BRL,thousands,consolidated,CSN_2017_DFP.pdf,66,11,Parsed official note11; class totals checked; impairment not assumed zero,CSN_2016_2025_cells.csv
CSN,2017,Terrenos,net,279740,BRL,thousands,consolidated,CSN_2017_DFP.pdf,66,11,Parsed official note11; class totals checked; impairment not assumed zero,CSN_2016_2025_cells.csv
CSN,2017,Terrenos,annual_ppe_depreciation,0,BRL,thousands,consolidated,CSN_2017_DFP.pdf,66,11,Parsed official note11; class totals checked; impairment not assumed zero,CSN_2016_2025_cells.csv
CSN,2017,Edificações e infraestrutura,gross_cost,3819929,BRL,thousands,consolidated,CSN_2017_DFP.pdf,66,11,Parsed official note11; class totals checked; impairment not assumed zero,CSN_2016_2025_cells.csv
CSN,2017,Edificações e infraestrutura,accumulated_depreciation,1022982,BRL,thousands,consolidated,CSN_2017_DFP.pdf,66,11,Parsed official note11; class totals checked; impairment not assumed zero,CSN_2016_2025_cells.csv
CSN,2017,Edificações e infraestrutura,net,2796947,BRL,thousands,consolidated,CSN_2017_DFP.pdf,66,11,Parsed official note11; class totals checked; impairment not assumed zero,CSN_2016_2025_cells.csv
CSN,2017,Edificações e infraestrutura,annual_ppe_depreciation,156580,BRL,thousands,consolidated,CSN_2017_DFP.pdf,66,11,Parsed official note11; class totals checked; impairment not assumed zero,CSN_2016_2025_cells.csv
CSN,2017,Máquinas equipamentos e instalações,gross_cost,21674362,BRL,thousands,consolidated,CSN_2017_DFP.pdf,66,11,Parsed official note11; class totals checked; impairment not assumed zero,CSN_2016_2025_cells.csv
CSN,2017,Máquinas equipamentos e instalações,accumulated_depreciation,9688442,BRL,thousands,consolidated,CSN_2017_DFP.pdf,66,11,Parsed official note11; class totals checked; impairment not assumed zero,CSN_2016_2025_cells.csv
CSN,2017,Máquinas equipamentos e instalações,net,11985920,BRL,thousands,consolidated,CSN_2017_DFP.pdf,66,11,Parsed official note11; class totals checked; impairment not assumed zero,CSN_2016_2025_cells.csv
CSN,2017,Máquinas equipamentos e instalações,annual_ppe_depreciation,1174852,BRL,thousands,consolidated,CSN_2017_DFP.pdf,66,11,Parsed official note11; class totals checked; impairment not assumed zero,CSN_2016_2025_cells.csv
CSN,2017,Móveis e utensílios,gross_cost,164152,BRL,thousands,consolidated,CSN_2017_DFP.pdf,66,11,Parsed official note11; class totals checked; impairment not assumed zero,CSN_2016_2025_cells.csv
CSN,2017,Móveis e utensílios,accumulated_depreciation,131049,BRL,thousands,consolidated,CSN_2017_DFP.pdf,66,11,Parsed official note11; class totals checked; impairment not assumed zero,CSN_2016_2025_cells.csv
CSN,2017,Móveis e utensílios,net,33103,BRL,thousands,consolidated,CSN_2017_DFP.pdf,66,11,Parsed official note11; class totals checked; impairment not assumed zero,CSN_2016_2025_cells.csv
CSN,2017,Móveis e utensílios,annual_ppe_depreciation,5656,BRL,thousands,consolidated,CSN_2017_DFP.pdf,66,11,Parsed official note11; class totals checked; impairment not assumed zero,CSN_2016_2025_cells.csv
CSN,2017,Obras em andamento,gross_cost,2475935,BRL,thousands,consolidated,CSN_2017_DFP.pdf,66,11,Parsed official note11; class totals checked; impairment not assumed zero,CSN_2016_2025_cells.csv
CSN,2017,Obras em andamento,accumulated_depreciation,0,BRL,thousands,consolidated,CSN_2017_DFP.pdf,66,11,Parsed official note11; class totals checked; impairment not assumed zero,CSN_2016_2025_cells.csv
CSN,2017,Obras em andamento,net,2475935,BRL,thousands,consolidated,CSN_2017_DFP.pdf,66,11,Parsed official note11; class totals checked; impairment not assumed zero,CSN_2016_2025_cells.csv
CSN,2017,Obras em andamento,annual_ppe_depreciation,0,BRL,thousands,consolidated,CSN_2017_DFP.pdf,66,11,Parsed official note11; class totals checked; impairment not assumed zero,CSN_2016_2025_cells.csv
CSN,2017,Outros,gross_cost,669096,BRL,thousands,consolidated,CSN_2017_DFP.pdf,66,11,Parsed official note11; class totals checked; impairment not assumed zero,CSN_2016_2025_cells.csv
CSN,2017,Outros,accumulated_depreciation,275902,BRL,thousands,consolidated,CSN_2017_DFP.pdf,66,11,Parsed official note11; class totals checked; impairment not assumed zero,CSN_2016_2025_cells.csv
CSN,2017,Outros,net,393194,BRL,thousands,consolidated,CSN_2017_DFP.pdf,66,11,Parsed official note11; class totals checked; impairment not assumed zero,CSN_2016_2025_cells.csv
CSN,2017,Outros,annual_ppe_depreciation,43105,BRL,thousands,consolidated,CSN_2017_DFP.pdf,66,11,Parsed official note11; class totals checked; impairment not assumed zero,CSN_2016_2025_cells.csv
CSN,2018,Terrenos,gross_cost,287854,BRL,thousands,consolidated,CSN_2018_DFP.pdf,66,11,Parsed official note11; class totals checked; impairment not assumed zero,CSN_2016_2025_cells.csv
CSN,2018,Terrenos,accumulated_depreciation,0,BRL,thousands,consolidated,CSN_2018_DFP.pdf,66,11,Parsed official note11; class totals checked; impairment not assumed zero,CSN_2016_2025_cells.csv
CSN,2018,Terrenos,net,287854,BRL,thousands,consolidated,CSN_2018_DFP.pdf,66,11,Parsed official note11; class totals checked; impairment not assumed zero,CSN_2016_2025_cells.csv
CSN,2018,Terrenos,annual_ppe_depreciation,0,BRL,thousands,consolidated,CSN_2018_DFP.pdf,66,11,Parsed official note11; class totals checked; impairment not assumed zero,CSN_2016_2025_cells.csv
CSN,2018,Edificações e infraestrutura,gross_cost,3751429,BRL,thousands,consolidated,CSN_2018_DFP.pdf,66,11,Parsed official note11; class totals checked; impairment not assumed zero,CSN_2016_2025_cells.csv
CSN,2018,Edificações e infraestrutura,accumulated_depreciation,1072791,BRL,thousands,consolidated,CSN_2018_DFP.pdf,66,11,Parsed official note11; class totals checked; impairment not assumed zero,CSN_2016_2025_cells.csv
CSN,2018,Edificações e infraestrutura,net,2678638,BRL,thousands,consolidated,CSN_2018_DFP.pdf,66,11,Parsed official note11; class totals checked; impairment not assumed zero,CSN_2016_2025_cells.csv
CSN,2018,Edificações e infraestrutura,annual_ppe_depreciation,134534,BRL,thousands,consolidated,CSN_2018_DFP.pdf,66,11,Parsed official note11; class totals checked; impairment not assumed zero,CSN_2016_2025_cells.csv
CSN,2018,Máquinas equipamentos e instalações,gross_cost,22426782,BRL,thousands,consolidated,CSN_2018_DFP.pdf,66,11,Parsed official note11; class totals checked; impairment not assumed zero,CSN_2016_2025_cells.csv
CSN,2018,Máquinas equipamentos e instalações,accumulated_depreciation,10739511,BRL,thousands,consolidated,CSN_2018_DFP.pdf,66,11,Parsed official note11; class totals checked; impairment not assumed zero,CSN_2016_2025_cells.csv
CSN,2018,Máquinas equipamentos e instalações,net,11687271,BRL,thousands,consolidated,CSN_2018_DFP.pdf,66,11,Parsed official note11; class totals checked; impairment not assumed zero,CSN_2016_2025_cells.csv
CSN,2018,Máquinas equipamentos e instalações,annual_ppe_depreciation,1043188,BRL,thousands,consolidated,CSN_2018_DFP.pdf,66,11,Parsed official note11; class totals checked; impairment not assumed zero,CSN_2016_2025_cells.csv
CSN,2018,Móveis e utensílios,gross_cost,165331,BRL,thousands,consolidated,CSN_2018_DFP.pdf,66,11,Parsed official note11; class totals checked; impairment not assumed zero,CSN_2016_2025_cells.csv
CSN,2018,Móveis e utensílios,accumulated_depreciation,134801,BRL,thousands,consolidated,CSN_2018_DFP.pdf,66,11,Parsed official note11; class totals checked; impairment not assumed zero,CSN_2016_2025_cells.csv
CSN,2018,Móveis e utensílios,net,30530,BRL,thousands,consolidated,CSN_2018_DFP.pdf,66,11,Parsed official note11; class totals checked; impairment not assumed zero,CSN_2016_2025_cells.csv
CSN,2018,Móveis e utensílios,annual_ppe_depreciation,5394,BRL,thousands,consolidated,CSN_2018_DFP.pdf,66,11,Parsed official note11; class totals checked; impairment not assumed zero,CSN_2016_2025_cells.csv
CSN,2018,Obras em andamento,gross_cost,3282436,BRL,thousands,consolidated,CSN_2018_DFP.pdf,66,11,Parsed official note11; class totals checked; impairment not assumed zero,CSN_2016_2025_cells.csv
CSN,2018,Obras em andamento,accumulated_depreciation,0,BRL,thousands,consolidated,CSN_2018_DFP.pdf,66,11,Parsed official note11; class totals checked; impairment not assumed zero,CSN_2016_2025_cells.csv
CSN,2018,Obras em andamento,net,3282436,BRL,thousands,consolidated,CSN_2018_DFP.pdf,66,11,Parsed official note11; class totals checked; impairment not assumed zero,CSN_2016_2025_cells.csv
CSN,2018,Obras em andamento,annual_ppe_depreciation,0,BRL,thousands,consolidated,CSN_2018_DFP.pdf,66,11,Parsed official note11; class totals checked; impairment not assumed zero,CSN_2016_2025_cells.csv
CSN,2018,Outros,gross_cost,355768,BRL,thousands,consolidated,CSN_2018_DFP.pdf,66,11,Parsed official note11; class totals checked; impairment not assumed zero,CSN_2016_2025_cells.csv
CSN,2018,Outros,accumulated_depreciation,275633,BRL,thousands,consolidated,CSN_2018_DFP.pdf,66,11,Parsed official note11; class totals checked; impairment not assumed zero,CSN_2016_2025_cells.csv
CSN,2018,Outros,net,80135,BRL,thousands,consolidated,CSN_2018_DFP.pdf,66,11,Parsed official note11; class totals checked; impairment not assumed zero,CSN_2016_2025_cells.csv
CSN,2018,Outros,annual_ppe_depreciation,22456,BRL,thousands,consolidated,CSN_2018_DFP.pdf,66,11,Parsed official note11; class totals checked; impairment not assumed zero,CSN_2016_2025_cells.csv
CSN,2019,Terrenos,gross_cost,226949,BRL,thousands,consolidated,CSN_2019_DFP.pdf,67,11,Parsed official note11; class totals checked; impairment not assumed zero,CSN_2016_2025_cells.csv
CSN,2019,Terrenos,accumulated_depreciation,0,BRL,thousands,consolidated,CSN_2019_DFP.pdf,67,11,Parsed official note11; class totals checked; impairment not assumed zero,CSN_2016_2025_cells.csv
CSN,2019,Terrenos,net,226949,BRL,thousands,consolidated,CSN_2019_DFP.pdf,67,11,Parsed official note11; class totals checked; impairment not assumed zero,CSN_2016_2025_cells.csv
CSN,2019,Terrenos,annual_ppe_depreciation,0,BRL,thousands,consolidated,CSN_2019_DFP.pdf,67,11,Parsed official note11; class totals checked; impairment not assumed zero,CSN_2016_2025_cells.csv
CSN,2019,Edificações e infraestrutura,gross_cost,4250471,BRL,thousands,consolidated,CSN_2019_DFP.pdf,67,11,Parsed official note11; class totals checked; impairment not assumed zero,CSN_2016_2025_cells.csv
CSN,2019,Edificações e infraestrutura,accumulated_depreciation,1188233,BRL,thousands,consolidated,CSN_2019_DFP.pdf,67,11,Parsed official note11; class totals checked; impairment not assumed zero,CSN_2016_2025_cells.csv
CSN,2019,Edificações e infraestrutura,net,3062238,BRL,thousands,consolidated,CSN_2019_DFP.pdf,67,11,Parsed official note11; class totals checked; impairment not assumed zero,CSN_2016_2025_cells.csv
CSN,2019,Edificações e infraestrutura,annual_ppe_depreciation,135313,BRL,thousands,consolidated,CSN_2019_DFP.pdf,67,11,Parsed official note11; class totals checked; impairment not assumed zero,CSN_2016_2025_cells.csv
CSN,2019,Máquinas equipamentos e instalações,gross_cost,24372514,BRL,thousands,consolidated,CSN_2019_DFP.pdf,67,11,Parsed official note11; class totals checked; impairment not assumed zero,CSN_2016_2025_cells.csv
CSN,2019,Máquinas equipamentos e instalações,accumulated_depreciation,11768895,BRL,thousands,consolidated,CSN_2019_DFP.pdf,67,11,Parsed official note11; class totals checked; impairment not assumed zero,CSN_2016_2025_cells.csv
CSN,2019,Máquinas equipamentos e instalações,net,12603619,BRL,thousands,consolidated,CSN_2019_DFP.pdf,67,11,Parsed official note11; class totals checked; impairment not assumed zero,CSN_2016_2025_cells.csv
CSN,2019,Máquinas equipamentos e instalações,annual_ppe_depreciation,1241026,BRL,thousands,consolidated,CSN_2019_DFP.pdf,67,11,Parsed official note11; class totals checked; impairment not assumed zero,CSN_2016_2025_cells.csv
CSN,2019,Móveis e utensílios,gross_cost,170229,BRL,thousands,consolidated,CSN_2019_DFP.pdf,67,11,Parsed official note11; class totals checked; impairment not assumed zero,CSN_2016_2025_cells.csv
CSN,2019,Móveis e utensílios,accumulated_depreciation,141774,BRL,thousands,consolidated,CSN_2019_DFP.pdf,67,11,Parsed official note11; class totals checked; impairment not assumed zero,CSN_2016_2025_cells.csv
CSN,2019,Móveis e utensílios,net,28455,BRL,thousands,consolidated,CSN_2019_DFP.pdf,67,11,Parsed official note11; class totals checked; impairment not assumed zero,CSN_2016_2025_cells.csv
CSN,2019,Móveis e utensílios,annual_ppe_depreciation,5999,BRL,thousands,consolidated,CSN_2019_DFP.pdf,67,11,Parsed official note11; class totals checked; impairment not assumed zero,CSN_2016_2025_cells.csv
CSN,2019,Obras em andamento,gross_cost,3217052,BRL,thousands,consolidated,CSN_2019_DFP.pdf,67,11,Parsed official note11; class totals checked; impairment not assumed zero,CSN_2016_2025_cells.csv
CSN,2019,Obras em andamento,accumulated_depreciation,0,BRL,thousands,consolidated,CSN_2019_DFP.pdf,67,11,Parsed official note11; class totals checked; impairment not assumed zero,CSN_2016_2025_cells.csv
CSN,2019,Obras em andamento,net,3217052,BRL,thousands,consolidated,CSN_2019_DFP.pdf,67,11,Parsed official note11; class totals checked; impairment not assumed zero,CSN_2016_2025_cells.csv
CSN,2019,Obras em andamento,annual_ppe_depreciation,0,BRL,thousands,consolidated,CSN_2019_DFP.pdf,67,11,Parsed official note11; class totals checked; impairment not assumed zero,CSN_2016_2025_cells.csv
CSN,2019,Direito de uso,gross_cost,531044,BRL,thousands,consolidated,CSN_2019_DFP.pdf,67,11,Parsed official note11; class totals checked; impairment not assumed zero,CSN_2016_2025_cells.csv
CSN,2019,Direito de uso,accumulated_depreciation,58699,BRL,thousands,consolidated,CSN_2019_DFP.pdf,67,11,Parsed official note11; class totals checked; impairment not assumed zero,CSN_2016_2025_cells.csv
CSN,2019,Direito de uso,net,472345,BRL,thousands,consolidated,CSN_2019_DFP.pdf,67,11,Parsed official note11; class totals checked; impairment not assumed zero,CSN_2016_2025_cells.csv
CSN,2019,Direito de uso,annual_ppe_depreciation,58843,BRL,thousands,consolidated,CSN_2019_DFP.pdf,67,11,Parsed official note11; class totals checked; impairment not assumed zero,CSN_2016_2025_cells.csv
CSN,2019,Outros,gross_cost,386144,BRL,thousands,consolidated,CSN_2019_DFP.pdf,67,11,Parsed official note11; class totals checked; impairment not assumed zero,CSN_2016_2025_cells.csv
CSN,2019,Outros,accumulated_depreciation,295858,BRL,thousands,consolidated,CSN_2019_DFP.pdf,67,11,Parsed official note11; class totals checked; impairment not assumed zero,CSN_2016_2025_cells.csv
CSN,2019,Outros,net,90286,BRL,thousands,consolidated,CSN_2019_DFP.pdf,67,11,Parsed official note11; class totals checked; impairment not assumed zero,CSN_2016_2025_cells.csv
CSN,2019,Outros,annual_ppe_depreciation,25038,BRL,thousands,consolidated,CSN_2019_DFP.pdf,67,11,Parsed official note11; class totals checked; impairment not assumed zero,CSN_2016_2025_cells.csv
CSN,2020,Terrenos,gross_cost,257686,BRL,thousands,consolidated,CSN_2020_DFP.pdf,83,11,Parsed official note11; class totals checked; impairment not assumed zero,CSN_2016_2025_cells.csv
CSN,2020,Terrenos,accumulated_depreciation,0,BRL,thousands,consolidated,CSN_2020_DFP.pdf,83,11,Parsed official note11; class totals checked; impairment not assumed zero,CSN_2016_2025_cells.csv
CSN,2020,Terrenos,net,257686,BRL,thousands,consolidated,CSN_2020_DFP.pdf,83,11,Parsed official note11; class totals checked; impairment not assumed zero,CSN_2016_2025_cells.csv
CSN,2020,Terrenos,annual_ppe_depreciation,458,BRL,thousands,consolidated,CSN_2020_DFP.pdf,83,11,Parsed official note11; class totals checked; impairment not assumed zero,CSN_2016_2025_cells.csv
CSN,2020,Edificações e infraestrutura,gross_cost,4752412,BRL,thousands,consolidated,CSN_2020_DFP.pdf,83,11,Parsed official note11; class totals checked; impairment not assumed zero,CSN_2016_2025_cells.csv
CSN,2020,Edificações e infraestrutura,accumulated_depreciation,2074847,BRL,thousands,consolidated,CSN_2020_DFP.pdf,83,11,Parsed official note11; class totals checked; impairment not assumed zero,CSN_2016_2025_cells.csv
CSN,2020,Edificações e infraestrutura,net,2677565,BRL,thousands,consolidated,CSN_2020_DFP.pdf,83,11,Parsed official note11; class totals checked; impairment not assumed zero,CSN_2016_2025_cells.csv
CSN,2020,Edificações e infraestrutura,annual_ppe_depreciation,780395,BRL,thousands,consolidated,CSN_2020_DFP.pdf,83,11,Parsed official note11; class totals checked; impairment not assumed zero,CSN_2016_2025_cells.csv
CSN,2020,Máquinas equipamentos e instalações,gross_cost,26213225,BRL,thousands,consolidated,CSN_2020_DFP.pdf,83,11,Parsed official note11; class totals checked; impairment not assumed zero,CSN_2016_2025_cells.csv
CSN,2020,Máquinas equipamentos e instalações,accumulated_depreciation,13755842,BRL,thousands,consolidated,CSN_2020_DFP.pdf,83,11,Parsed official note11; class totals checked; impairment not assumed zero,CSN_2016_2025_cells.csv
CSN,2020,Máquinas equipamentos e instalações,net,12457383,BRL,thousands,consolidated,CSN_2020_DFP.pdf,83,11,Parsed official note11; class totals checked; impairment not assumed zero,CSN_2016_2025_cells.csv
CSN,2020,Máquinas equipamentos e instalações,annual_ppe_depreciation,1564525,BRL,thousands,consolidated,CSN_2020_DFP.pdf,83,11,Parsed official note11; class totals checked; impairment not assumed zero,CSN_2016_2025_cells.csv
CSN,2020,Móveis e utensílios,gross_cost,182974,BRL,thousands,consolidated,CSN_2020_DFP.pdf,83,11,Parsed official note11; class totals checked; impairment not assumed zero,CSN_2016_2025_cells.csv
CSN,2020,Móveis e utensílios,accumulated_depreciation,156677,BRL,thousands,consolidated,CSN_2020_DFP.pdf,83,11,Parsed official note11; class totals checked; impairment not assumed zero,CSN_2016_2025_cells.csv
CSN,2020,Móveis e utensílios,net,26297,BRL,thousands,consolidated,CSN_2020_DFP.pdf,83,11,Parsed official note11; class totals checked; impairment not assumed zero,CSN_2016_2025_cells.csv
CSN,2020,Móveis e utensílios,annual_ppe_depreciation,6747,BRL,thousands,consolidated,CSN_2020_DFP.pdf,83,11,Parsed official note11; class totals checked; impairment not assumed zero,CSN_2016_2025_cells.csv
CSN,2020,Obras em andamento,gross_cost,3680322,BRL,thousands,consolidated,CSN_2020_DFP.pdf,83,11,Parsed official note11; class totals checked; impairment not assumed zero,CSN_2016_2025_cells.csv
CSN,2020,Obras em andamento,accumulated_depreciation,0,BRL,thousands,consolidated,CSN_2020_DFP.pdf,83,11,Parsed official note11; class totals checked; impairment not assumed zero,CSN_2016_2025_cells.csv
CSN,2020,Obras em andamento,net,3680322,BRL,thousands,consolidated,CSN_2020_DFP.pdf,83,11,Parsed official note11; class totals checked; impairment not assumed zero,CSN_2016_2025_cells.csv
CSN,2020,Obras em andamento,annual_ppe_depreciation,0,BRL,thousands,consolidated,CSN_2020_DFP.pdf,83,11,Parsed official note11; class totals checked; impairment not assumed zero,CSN_2016_2025_cells.csv
CSN,2020,Direito de uso,gross_cost,634786,BRL,thousands,consolidated,CSN_2020_DFP.pdf,83,11,Parsed official note11; class totals checked; impairment not assumed zero,CSN_2016_2025_cells.csv
CSN,2020,Direito de uso,accumulated_depreciation,118118,BRL,thousands,consolidated,CSN_2020_DFP.pdf,83,11,Parsed official note11; class totals checked; impairment not assumed zero,CSN_2016_2025_cells.csv
CSN,2020,Direito de uso,net,516668,BRL,thousands,consolidated,CSN_2020_DFP.pdf,83,11,Parsed official note11; class totals checked; impairment not assumed zero,CSN_2016_2025_cells.csv
CSN,2020,Direito de uso,annual_ppe_depreciation,62680,BRL,thousands,consolidated,CSN_2020_DFP.pdf,83,11,Parsed official note11; class totals checked; impairment not assumed zero,CSN_2016_2025_cells.csv
CSN,2020,Outros,gross_cost,414705,BRL,thousands,consolidated,CSN_2020_DFP.pdf,83,11,Parsed official note11; class totals checked; impairment not assumed zero,CSN_2016_2025_cells.csv
CSN,2020,Outros,accumulated_depreciation,314403,BRL,thousands,consolidated,CSN_2020_DFP.pdf,83,11,Parsed official note11; class totals checked; impairment not assumed zero,CSN_2016_2025_cells.csv
CSN,2020,Outros,net,100302,BRL,thousands,consolidated,CSN_2020_DFP.pdf,83,11,Parsed official note11; class totals checked; impairment not assumed zero,CSN_2016_2025_cells.csv
CSN,2020,Outros,annual_ppe_depreciation,24517,BRL,thousands,consolidated,CSN_2020_DFP.pdf,83,11,Parsed official note11; class totals checked; impairment not assumed zero,CSN_2016_2025_cells.csv
CSN,2021,Terrenos,gross_cost,349495,BRL,thousands,consolidated,CSN_2021_DFP.pdf,96,11,Parsed official note11; class totals checked; impairment not assumed zero,CSN_2016_2025_cells.csv
CSN,2021,Terrenos,accumulated_depreciation,0,BRL,thousands,consolidated,CSN_2021_DFP.pdf,96,11,Parsed official note11; class totals checked; impairment not assumed zero,CSN_2016_2025_cells.csv
CSN,2021,Terrenos,net,349495,BRL,thousands,consolidated,CSN_2021_DFP.pdf,96,11,Parsed official note11; class totals checked; impairment not assumed zero,CSN_2016_2025_cells.csv
CSN,2021,Terrenos,annual_ppe_depreciation,0,BRL,thousands,consolidated,CSN_2021_DFP.pdf,96,11,Parsed official note11; class totals checked; impairment not assumed zero,CSN_2016_2025_cells.csv
CSN,2021,Edificações e infraestrutura,gross_cost,5358388,BRL,thousands,consolidated,CSN_2021_DFP.pdf,96,11,Parsed official note11; class totals checked; impairment not assumed zero,CSN_2016_2025_cells.csv
CSN,2021,Edificações e infraestrutura,accumulated_depreciation,2338454,BRL,thousands,consolidated,CSN_2021_DFP.pdf,96,11,Parsed official note11; class totals checked; impairment not assumed zero,CSN_2016_2025_cells.csv
CSN,2021,Edificações e infraestrutura,net,3019934,BRL,thousands,consolidated,CSN_2021_DFP.pdf,96,11,Parsed official note11; class totals checked; impairment not assumed zero,CSN_2016_2025_cells.csv
CSN,2021,Edificações e infraestrutura,annual_ppe_depreciation,163911,BRL,thousands,consolidated,CSN_2021_DFP.pdf,96,11,Parsed official note11; class totals checked; impairment not assumed zero,CSN_2016_2025_cells.csv
CSN,2021,Máquinas equipamentos e instalações,gross_cost,29348048,BRL,thousands,consolidated,CSN_2021_DFP.pdf,96,11,Parsed official note11; class totals checked; impairment not assumed zero,CSN_2016_2025_cells.csv
CSN,2021,Máquinas equipamentos e instalações,accumulated_depreciation,15547160,BRL,thousands,consolidated,CSN_2021_DFP.pdf,96,11,Parsed official note11; class totals checked; impairment not assumed zero,CSN_2016_2025_cells.csv
CSN,2021,Máquinas equipamentos e instalações,net,13800888,BRL,thousands,consolidated,CSN_2021_DFP.pdf,96,11,Parsed official note11; class totals checked; impairment not assumed zero,CSN_2016_2025_cells.csv
CSN,2021,Máquinas equipamentos e instalações,annual_ppe_depreciation,1845757,BRL,thousands,consolidated,CSN_2021_DFP.pdf,96,11,Parsed official note11; class totals checked; impairment not assumed zero,CSN_2016_2025_cells.csv
CSN,2021,Móveis e utensílios,gross_cost,190847,BRL,thousands,consolidated,CSN_2021_DFP.pdf,96,11,Parsed official note11; class totals checked; impairment not assumed zero,CSN_2016_2025_cells.csv
CSN,2021,Móveis e utensílios,accumulated_depreciation,161810,BRL,thousands,consolidated,CSN_2021_DFP.pdf,96,11,Parsed official note11; class totals checked; impairment not assumed zero,CSN_2016_2025_cells.csv
CSN,2021,Móveis e utensílios,net,29037,BRL,thousands,consolidated,CSN_2021_DFP.pdf,96,11,Parsed official note11; class totals checked; impairment not assumed zero,CSN_2016_2025_cells.csv
CSN,2021,Móveis e utensílios,annual_ppe_depreciation,7043,BRL,thousands,consolidated,CSN_2021_DFP.pdf,96,11,Parsed official note11; class totals checked; impairment not assumed zero,CSN_2016_2025_cells.csv
CSN,2021,Obras em andamento,gross_cost,3643682,BRL,thousands,consolidated,CSN_2021_DFP.pdf,96,11,Parsed official note11; class totals checked; impairment not assumed zero,CSN_2016_2025_cells.csv
CSN,2021,Obras em andamento,accumulated_depreciation,0,BRL,thousands,consolidated,CSN_2021_DFP.pdf,96,11,Parsed official note11; class totals checked; impairment not assumed zero,CSN_2016_2025_cells.csv
CSN,2021,Obras em andamento,net,3643682,BRL,thousands,consolidated,CSN_2021_DFP.pdf,96,11,Parsed official note11; class totals checked; impairment not assumed zero,CSN_2016_2025_cells.csv
CSN,2021,Obras em andamento,annual_ppe_depreciation,0,BRL,thousands,consolidated,CSN_2021_DFP.pdf,96,11,Parsed official note11; class totals checked; impairment not assumed zero,CSN_2016_2025_cells.csv
CSN,2021,Direito de uso,gross_cost,754606,BRL,thousands,consolidated,CSN_2021_DFP.pdf,96,11,Parsed official note11; class totals checked; impairment not assumed zero,CSN_2016_2025_cells.csv
CSN,2021,Direito de uso,accumulated_depreciation,172782,BRL,thousands,consolidated,CSN_2021_DFP.pdf,96,11,Parsed official note11; class totals checked; impairment not assumed zero,CSN_2016_2025_cells.csv
CSN,2021,Direito de uso,net,581824,BRL,thousands,consolidated,CSN_2021_DFP.pdf,96,11,Parsed official note11; class totals checked; impairment not assumed zero,CSN_2016_2025_cells.csv
CSN,2021,Direito de uso,annual_ppe_depreciation,68068,BRL,thousands,consolidated,CSN_2021_DFP.pdf,96,11,Parsed official note11; class totals checked; impairment not assumed zero,CSN_2016_2025_cells.csv
CSN,2021,Outros,gross_cost,445870,BRL,thousands,consolidated,CSN_2021_DFP.pdf,96,11,Parsed official note11; class totals checked; impairment not assumed zero,CSN_2016_2025_cells.csv
CSN,2021,Outros,accumulated_depreciation,339596,BRL,thousands,consolidated,CSN_2021_DFP.pdf,96,11,Parsed official note11; class totals checked; impairment not assumed zero,CSN_2016_2025_cells.csv
CSN,2021,Outros,net,106274,BRL,thousands,consolidated,CSN_2021_DFP.pdf,96,11,Parsed official note11; class totals checked; impairment not assumed zero,CSN_2016_2025_cells.csv
CSN,2021,Outros,annual_ppe_depreciation,27878,BRL,thousands,consolidated,CSN_2021_DFP.pdf,96,11,Parsed official note11; class totals checked; impairment not assumed zero,CSN_2016_2025_cells.csv
CSN,2022,Terrenos,gross_cost,485107,BRL,thousands,consolidated,CSN_2022_DFP.pdf,110,11,Parsed official note11; class totals checked; impairment not assumed zero,CSN_2016_2025_cells.csv
CSN,2022,Terrenos,accumulated_depreciation,0,BRL,thousands,consolidated,CSN_2022_DFP.pdf,110,11,Parsed official note11; class totals checked; impairment not assumed zero,CSN_2016_2025_cells.csv
CSN,2022,Terrenos,net,485107,BRL,thousands,consolidated,CSN_2022_DFP.pdf,110,11,Parsed official note11; class totals checked; impairment not assumed zero,CSN_2016_2025_cells.csv
CSN,2022,Terrenos,annual_ppe_depreciation,0,BRL,thousands,consolidated,CSN_2022_DFP.pdf,110,11,Parsed official note11; class totals checked; impairment not assumed zero,CSN_2016_2025_cells.csv
CSN,2022,Edificações e infraestrutura,gross_cost,8741911,BRL,thousands,consolidated,CSN_2022_DFP.pdf,110,11,Parsed official note11; class totals checked; impairment not assumed zero,CSN_2016_2025_cells.csv
CSN,2022,Edificações e infraestrutura,accumulated_depreciation,4290797,BRL,thousands,consolidated,CSN_2022_DFP.pdf,110,11,Parsed official note11; class totals checked; impairment not assumed zero,CSN_2016_2025_cells.csv
CSN,2022,Edificações e infraestrutura,net,4451114,BRL,thousands,consolidated,CSN_2022_DFP.pdf,110,11,Parsed official note11; class totals checked; impairment not assumed zero,CSN_2016_2025_cells.csv
CSN,2022,Edificações e infraestrutura,annual_ppe_depreciation,218941,BRL,thousands,consolidated,CSN_2022_DFP.pdf,110,11,Parsed official note11; class totals checked; impairment not assumed zero,CSN_2016_2025_cells.csv
CSN,2022,Máquinas equipamentos e instalações,gross_cost,36373386,BRL,thousands,consolidated,CSN_2022_DFP.pdf,110,11,Parsed official note11; class totals checked; impairment not assumed zero,CSN_2016_2025_cells.csv
CSN,2022,Máquinas equipamentos e instalações,accumulated_depreciation,19848093,BRL,thousands,consolidated,CSN_2022_DFP.pdf,110,11,Parsed official note11; class totals checked; impairment not assumed zero,CSN_2016_2025_cells.csv
CSN,2022,Máquinas equipamentos e instalações,net,16525293,BRL,thousands,consolidated,CSN_2022_DFP.pdf,110,11,Parsed official note11; class totals checked; impairment not assumed zero,CSN_2016_2025_cells.csv
CSN,2022,Máquinas equipamentos e instalações,annual_ppe_depreciation,2334638,BRL,thousands,consolidated,CSN_2022_DFP.pdf,110,11,Parsed official note11; class totals checked; impairment not assumed zero,CSN_2016_2025_cells.csv
CSN,2022,Móveis e utensílios,gross_cost,284863,BRL,thousands,consolidated,CSN_2022_DFP.pdf,110,11,Parsed official note11; class totals checked; impairment not assumed zero,CSN_2016_2025_cells.csv
CSN,2022,Móveis e utensílios,accumulated_depreciation,243981,BRL,thousands,consolidated,CSN_2022_DFP.pdf,110,11,Parsed official note11; class totals checked; impairment not assumed zero,CSN_2016_2025_cells.csv
CSN,2022,Móveis e utensílios,net,40882,BRL,thousands,consolidated,CSN_2022_DFP.pdf,110,11,Parsed official note11; class totals checked; impairment not assumed zero,CSN_2016_2025_cells.csv
CSN,2022,Móveis e utensílios,annual_ppe_depreciation,7245,BRL,thousands,consolidated,CSN_2022_DFP.pdf,110,11,Parsed official note11; class totals checked; impairment not assumed zero,CSN_2016_2025_cells.csv
CSN,2022,Obras em andamento,gross_cost,4025550,BRL,thousands,consolidated,CSN_2022_DFP.pdf,110,11,Parsed official note11; class totals checked; impairment not assumed zero,CSN_2016_2025_cells.csv
CSN,2022,Obras em andamento,accumulated_depreciation,0,BRL,thousands,consolidated,CSN_2022_DFP.pdf,110,11,Parsed official note11; class totals checked; impairment not assumed zero,CSN_2016_2025_cells.csv
CSN,2022,Obras em andamento,net,4025550,BRL,thousands,consolidated,CSN_2022_DFP.pdf,110,11,Parsed official note11; class totals checked; impairment not assumed zero,CSN_2016_2025_cells.csv
CSN,2022,Obras em andamento,annual_ppe_depreciation,0,BRL,thousands,consolidated,CSN_2022_DFP.pdf,110,11,Parsed official note11; class totals checked; impairment not assumed zero,CSN_2016_2025_cells.csv
CSN,2022,Direito de uso,gross_cost,1057566,BRL,thousands,consolidated,CSN_2022_DFP.pdf,110,11,Parsed official note11; class totals checked; impairment not assumed zero,CSN_2016_2025_cells.csv
CSN,2022,Direito de uso,accumulated_depreciation,412686,BRL,thousands,consolidated,CSN_2022_DFP.pdf,110,11,Parsed official note11; class totals checked; impairment not assumed zero,CSN_2016_2025_cells.csv
CSN,2022,Direito de uso,net,644880,BRL,thousands,consolidated,CSN_2022_DFP.pdf,110,11,Parsed official note11; class totals checked; impairment not assumed zero,CSN_2016_2025_cells.csv
CSN,2022,Direito de uso,annual_ppe_depreciation,104382,BRL,thousands,consolidated,CSN_2022_DFP.pdf,110,11,Parsed official note11; class totals checked; impairment not assumed zero,CSN_2016_2025_cells.csv
CSN,2022,Outros,gross_cost,643304,BRL,thousands,consolidated,CSN_2022_DFP.pdf,110,11,Parsed official note11; class totals checked; impairment not assumed zero,CSN_2016_2025_cells.csv
CSN,2022,Outros,accumulated_depreciation,445685,BRL,thousands,consolidated,CSN_2022_DFP.pdf,110,11,Parsed official note11; class totals checked; impairment not assumed zero,CSN_2016_2025_cells.csv
CSN,2022,Outros,net,197619,BRL,thousands,consolidated,CSN_2022_DFP.pdf,110,11,Parsed official note11; class totals checked; impairment not assumed zero,CSN_2016_2025_cells.csv
CSN,2022,Outros,annual_ppe_depreciation,54495,BRL,thousands,consolidated,CSN_2022_DFP.pdf,110,11,Parsed official note11; class totals checked; impairment not assumed zero,CSN_2016_2025_cells.csv
CSN,2023,Terrenos,gross_cost,525307,BRL,thousands,consolidated,CSN_2023_DFP.pdf,91,11,Parsed official note11; class totals checked; impairment not assumed zero,CSN_2016_2025_cells.csv
CSN,2023,Terrenos,accumulated_depreciation,0,BRL,thousands,consolidated,CSN_2023_DFP.pdf,91,11,Parsed official note11; class totals checked; impairment not assumed zero,CSN_2016_2025_cells.csv
CSN,2023,Terrenos,net,525307,BRL,thousands,consolidated,CSN_2023_DFP.pdf,91,11,Parsed official note11; class totals checked; impairment not assumed zero,CSN_2016_2025_cells.csv
CSN,2023,Terrenos,annual_ppe_depreciation,0,BRL,thousands,consolidated,CSN_2023_DFP.pdf,91,11,Parsed official note11; class totals checked; impairment not assumed zero,CSN_2016_2025_cells.csv
CSN,2023,Edificações e infraestrutura,gross_cost,9110694,BRL,thousands,consolidated,CSN_2023_DFP.pdf,91,11,Parsed official note11; class totals checked; impairment not assumed zero,CSN_2016_2025_cells.csv
CSN,2023,Edificações e infraestrutura,accumulated_depreciation,4578375,BRL,thousands,consolidated,CSN_2023_DFP.pdf,91,11,Parsed official note11; class totals checked; impairment not assumed zero,CSN_2016_2025_cells.csv
CSN,2023,Edificações e infraestrutura,net,4532319,BRL,thousands,consolidated,CSN_2023_DFP.pdf,91,11,Parsed official note11; class totals checked; impairment not assumed zero,CSN_2016_2025_cells.csv
CSN,2023,Edificações e infraestrutura,annual_ppe_depreciation,282612,BRL,thousands,consolidated,CSN_2023_DFP.pdf,91,11,Parsed official note11; class totals checked; impairment not assumed zero,CSN_2016_2025_cells.csv
CSN,2023,Máquinas equipamentos e instalações,gross_cost,39597174,BRL,thousands,consolidated,CSN_2023_DFP.pdf,91,11,Parsed official note11; class totals checked; impairment not assumed zero,CSN_2016_2025_cells.csv
CSN,2023,Máquinas equipamentos e instalações,accumulated_depreciation,22177652,BRL,thousands,consolidated,CSN_2023_DFP.pdf,91,11,Parsed official note11; class totals checked; impairment not assumed zero,CSN_2016_2025_cells.csv
CSN,2023,Máquinas equipamentos e instalações,net,17419522,BRL,thousands,consolidated,CSN_2023_DFP.pdf,91,11,Parsed official note11; class totals checked; impairment not assumed zero,CSN_2016_2025_cells.csv
CSN,2023,Máquinas equipamentos e instalações,annual_ppe_depreciation,2600210,BRL,thousands,consolidated,CSN_2023_DFP.pdf,91,11,Parsed official note11; class totals checked; impairment not assumed zero,CSN_2016_2025_cells.csv
CSN,2023,Móveis e utensílios,gross_cost,297916,BRL,thousands,consolidated,CSN_2023_DFP.pdf,91,11,Parsed official note11; class totals checked; impairment not assumed zero,CSN_2016_2025_cells.csv
CSN,2023,Móveis e utensílios,accumulated_depreciation,251999,BRL,thousands,consolidated,CSN_2023_DFP.pdf,91,11,Parsed official note11; class totals checked; impairment not assumed zero,CSN_2016_2025_cells.csv
CSN,2023,Móveis e utensílios,net,45917,BRL,thousands,consolidated,CSN_2023_DFP.pdf,91,11,Parsed official note11; class totals checked; impairment not assumed zero,CSN_2016_2025_cells.csv
CSN,2023,Móveis e utensílios,annual_ppe_depreciation,10245,BRL,thousands,consolidated,CSN_2023_DFP.pdf,91,11,Parsed official note11; class totals checked; impairment not assumed zero,CSN_2016_2025_cells.csv
CSN,2023,Obras em andamento,gross_cost,4425130,BRL,thousands,consolidated,CSN_2023_DFP.pdf,91,11,Parsed official note11; class totals checked; impairment not assumed zero,CSN_2016_2025_cells.csv
CSN,2023,Obras em andamento,accumulated_depreciation,0,BRL,thousands,consolidated,CSN_2023_DFP.pdf,91,11,Parsed official note11; class totals checked; impairment not assumed zero,CSN_2016_2025_cells.csv
CSN,2023,Obras em andamento,net,4425130,BRL,thousands,consolidated,CSN_2023_DFP.pdf,91,11,Parsed official note11; class totals checked; impairment not assumed zero,CSN_2016_2025_cells.csv
CSN,2023,Obras em andamento,annual_ppe_depreciation,0,BRL,thousands,consolidated,CSN_2023_DFP.pdf,91,11,Parsed official note11; class totals checked; impairment not assumed zero,CSN_2016_2025_cells.csv
CSN,2023,Direito de uso,gross_cost,1126977,BRL,thousands,consolidated,CSN_2023_DFP.pdf,91,11,Parsed official note11; class totals checked; impairment not assumed zero,CSN_2016_2025_cells.csv
CSN,2023,Direito de uso,accumulated_depreciation,452191,BRL,thousands,consolidated,CSN_2023_DFP.pdf,91,11,Parsed official note11; class totals checked; impairment not assumed zero,CSN_2016_2025_cells.csv
CSN,2023,Direito de uso,net,674786,BRL,thousands,consolidated,CSN_2023_DFP.pdf,91,11,Parsed official note11; class totals checked; impairment not assumed zero,CSN_2016_2025_cells.csv
CSN,2023,Direito de uso,annual_ppe_depreciation,165952,BRL,thousands,consolidated,CSN_2023_DFP.pdf,91,11,Parsed official note11; class totals checked; impairment not assumed zero,CSN_2016_2025_cells.csv
CSN,2023,Outros,gross_cost,860818,BRL,thousands,consolidated,CSN_2023_DFP.pdf,91,11,Parsed official note11; class totals checked; impairment not assumed zero,CSN_2016_2025_cells.csv
CSN,2023,Outros,accumulated_depreciation,556341,BRL,thousands,consolidated,CSN_2023_DFP.pdf,91,11,Parsed official note11; class totals checked; impairment not assumed zero,CSN_2016_2025_cells.csv
CSN,2023,Outros,net,304477,BRL,thousands,consolidated,CSN_2023_DFP.pdf,91,11,Parsed official note11; class totals checked; impairment not assumed zero,CSN_2016_2025_cells.csv
CSN,2023,Outros,annual_ppe_depreciation,69220,BRL,thousands,consolidated,CSN_2023_DFP.pdf,91,11,Parsed official note11; class totals checked; impairment not assumed zero,CSN_2016_2025_cells.csv
CSN,2024,Terrenos,gross_cost,592716,BRL,thousands,consolidated,CSN_2024_DFP.pdf,80,11,Parsed official note11; class totals checked; impairment not assumed zero,CSN_2016_2025_cells.csv
CSN,2024,Terrenos,accumulated_depreciation,0,BRL,thousands,consolidated,CSN_2024_DFP.pdf,80,11,Parsed official note11; class totals checked; impairment not assumed zero,CSN_2016_2025_cells.csv
CSN,2024,Terrenos,net,592716,BRL,thousands,consolidated,CSN_2024_DFP.pdf,80,11,Parsed official note11; class totals checked; impairment not assumed zero,CSN_2016_2025_cells.csv
CSN,2024,Terrenos,annual_ppe_depreciation,0,BRL,thousands,consolidated,CSN_2024_DFP.pdf,80,11,Parsed official note11; class totals checked; impairment not assumed zero,CSN_2016_2025_cells.csv
CSN,2024,Edificações e infraestrutura,gross_cost,9664220,BRL,thousands,consolidated,CSN_2024_DFP.pdf,80,11,Parsed official note11; class totals checked; impairment not assumed zero,CSN_2016_2025_cells.csv
CSN,2024,Edificações e infraestrutura,accumulated_depreciation,4891708,BRL,thousands,consolidated,CSN_2024_DFP.pdf,80,11,Parsed official note11; class totals checked; impairment not assumed zero,CSN_2016_2025_cells.csv
CSN,2024,Edificações e infraestrutura,net,4772512,BRL,thousands,consolidated,CSN_2024_DFP.pdf,80,11,Parsed official note11; class totals checked; impairment not assumed zero,CSN_2016_2025_cells.csv
CSN,2024,Edificações e infraestrutura,annual_ppe_depreciation,290195,BRL,thousands,consolidated,CSN_2024_DFP.pdf,80,11,Parsed official note11; class totals checked; impairment not assumed zero,CSN_2016_2025_cells.csv
CSN,2024,Máquinas equipamentos e instalações,gross_cost,43110825,BRL,thousands,consolidated,CSN_2024_DFP.pdf,80,11,Parsed official note11; class totals checked; impairment not assumed zero,CSN_2016_2025_cells.csv
CSN,2024,Máquinas equipamentos e instalações,accumulated_depreciation,25141759,BRL,thousands,consolidated,CSN_2024_DFP.pdf,80,11,Parsed official note11; class totals checked; impairment not assumed zero,CSN_2016_2025_cells.csv
CSN,2024,Máquinas equipamentos e instalações,net,17969066,BRL,thousands,consolidated,CSN_2024_DFP.pdf,80,11,Parsed official note11; class totals checked; impairment not assumed zero,CSN_2016_2025_cells.csv
CSN,2024,Máquinas equipamentos e instalações,annual_ppe_depreciation,2981703,BRL,thousands,consolidated,CSN_2024_DFP.pdf,80,11,Parsed official note11; class totals checked; impairment not assumed zero,CSN_2016_2025_cells.csv
CSN,2024,Móveis e utensílios,gross_cost,372094,BRL,thousands,consolidated,CSN_2024_DFP.pdf,80,11,Parsed official note11; class totals checked; impairment not assumed zero,CSN_2016_2025_cells.csv
CSN,2024,Móveis e utensílios,accumulated_depreciation,267039,BRL,thousands,consolidated,CSN_2024_DFP.pdf,80,11,Parsed official note11; class totals checked; impairment not assumed zero,CSN_2016_2025_cells.csv
CSN,2024,Móveis e utensílios,net,105055,BRL,thousands,consolidated,CSN_2024_DFP.pdf,80,11,Parsed official note11; class totals checked; impairment not assumed zero,CSN_2016_2025_cells.csv
CSN,2024,Móveis e utensílios,annual_ppe_depreciation,11689,BRL,thousands,consolidated,CSN_2024_DFP.pdf,80,11,Parsed official note11; class totals checked; impairment not assumed zero,CSN_2016_2025_cells.csv
CSN,2024,Obras em andamento,gross_cost,5881336,BRL,thousands,consolidated,CSN_2024_DFP.pdf,80,11,Parsed official note11; class totals checked; impairment not assumed zero,CSN_2016_2025_cells.csv
CSN,2024,Obras em andamento,accumulated_depreciation,0,BRL,thousands,consolidated,CSN_2024_DFP.pdf,80,11,Parsed official note11; class totals checked; impairment not assumed zero,CSN_2016_2025_cells.csv
CSN,2024,Obras em andamento,net,5881336,BRL,thousands,consolidated,CSN_2024_DFP.pdf,80,11,Parsed official note11; class totals checked; impairment not assumed zero,CSN_2016_2025_cells.csv
CSN,2024,Obras em andamento,annual_ppe_depreciation,0,BRL,thousands,consolidated,CSN_2024_DFP.pdf,80,11,Parsed official note11; class totals checked; impairment not assumed zero,CSN_2016_2025_cells.csv
CSN,2024,Direito de uso,gross_cost,1269089,BRL,thousands,consolidated,CSN_2024_DFP.pdf,80,11,Parsed official note11; class totals checked; impairment not assumed zero,CSN_2016_2025_cells.csv
CSN,2024,Direito de uso,accumulated_depreciation,512275,BRL,thousands,consolidated,CSN_2024_DFP.pdf,80,11,Parsed official note11; class totals checked; impairment not assumed zero,CSN_2016_2025_cells.csv
CSN,2024,Direito de uso,net,756814,BRL,thousands,consolidated,CSN_2024_DFP.pdf,80,11,Parsed official note11; class totals checked; impairment not assumed zero,CSN_2016_2025_cells.csv
CSN,2024,Direito de uso,annual_ppe_depreciation,231394,BRL,thousands,consolidated,CSN_2024_DFP.pdf,80,11,Parsed official note11; class totals checked; impairment not assumed zero,CSN_2016_2025_cells.csv
CSN,2024,Outros,gross_cost,922119,BRL,thousands,consolidated,CSN_2024_DFP.pdf,80,11,Parsed official note11; class totals checked; impairment not assumed zero,CSN_2016_2025_cells.csv
CSN,2024,Outros,accumulated_depreciation,573595,BRL,thousands,consolidated,CSN_2024_DFP.pdf,80,11,Parsed official note11; class totals checked; impairment not assumed zero,CSN_2016_2025_cells.csv
CSN,2024,Outros,net,348524,BRL,thousands,consolidated,CSN_2024_DFP.pdf,80,11,Parsed official note11; class totals checked; impairment not assumed zero,CSN_2016_2025_cells.csv
CSN,2024,Outros,annual_ppe_depreciation,54260,BRL,thousands,consolidated,CSN_2024_DFP.pdf,80,11,Parsed official note11; class totals checked; impairment not assumed zero,CSN_2016_2025_cells.csv
CSN,2025,Terrenos,gross_cost,629025,BRL,thousands,consolidated,CSN_2025_DFP.pdf,92,11,Parsed official note11; class totals checked; impairment not assumed zero,CSN_2016_2025_cells.csv
CSN,2025,Terrenos,accumulated_depreciation,0,BRL,thousands,consolidated,CSN_2025_DFP.pdf,92,11,Parsed official note11; class totals checked; impairment not assumed zero,CSN_2016_2025_cells.csv
CSN,2025,Terrenos,net,629025,BRL,thousands,consolidated,CSN_2025_DFP.pdf,92,11,Parsed official note11; class totals checked; impairment not assumed zero,CSN_2016_2025_cells.csv
CSN,2025,Terrenos,annual_ppe_depreciation,0,BRL,thousands,consolidated,CSN_2025_DFP.pdf,92,11,Parsed official note11; class totals checked; impairment not assumed zero,CSN_2016_2025_cells.csv
CSN,2025,Edificações e infraestrutura,gross_cost,10287766,BRL,thousands,consolidated,CSN_2025_DFP.pdf,92,11,Parsed official note11; class totals checked; impairment not assumed zero,CSN_2016_2025_cells.csv
CSN,2025,Edificações e infraestrutura,accumulated_depreciation,5413957,BRL,thousands,consolidated,CSN_2025_DFP.pdf,92,11,Parsed official note11; class totals checked; impairment not assumed zero,CSN_2016_2025_cells.csv
CSN,2025,Edificações e infraestrutura,net,4873809,BRL,thousands,consolidated,CSN_2025_DFP.pdf,92,11,Parsed official note11; class totals checked; impairment not assumed zero,CSN_2016_2025_cells.csv
CSN,2025,Edificações e infraestrutura,annual_ppe_depreciation,347648,BRL,thousands,consolidated,CSN_2025_DFP.pdf,92,11,Parsed official note11; class totals checked; impairment not assumed zero,CSN_2016_2025_cells.csv
CSN,2025,Máquinas equipamentos e instalações,gross_cost,43130128,BRL,thousands,consolidated,CSN_2025_DFP.pdf,92,11,Parsed official note11; class totals checked; impairment not assumed zero,CSN_2016_2025_cells.csv
CSN,2025,Máquinas equipamentos e instalações,accumulated_depreciation,24673210,BRL,thousands,consolidated,CSN_2025_DFP.pdf,92,11,Parsed official note11; class totals checked; impairment not assumed zero,CSN_2016_2025_cells.csv
CSN,2025,Máquinas equipamentos e instalações,net,18456918,BRL,thousands,consolidated,CSN_2025_DFP.pdf,92,11,Parsed official note11; class totals checked; impairment not assumed zero,CSN_2016_2025_cells.csv
CSN,2025,Máquinas equipamentos e instalações,annual_ppe_depreciation,3184112,BRL,thousands,consolidated,CSN_2025_DFP.pdf,92,11,Parsed official note11; class totals checked; impairment not assumed zero,CSN_2016_2025_cells.csv
CSN,2025,Móveis e utensílios,gross_cost,385341,BRL,thousands,consolidated,CSN_2025_DFP.pdf,92,11,Parsed official note11; class totals checked; impairment not assumed zero,CSN_2016_2025_cells.csv
CSN,2025,Móveis e utensílios,accumulated_depreciation,294289,BRL,thousands,consolidated,CSN_2025_DFP.pdf,92,11,Parsed official note11; class totals checked; impairment not assumed zero,CSN_2016_2025_cells.csv
CSN,2025,Móveis e utensílios,net,91052,BRL,thousands,consolidated,CSN_2025_DFP.pdf,92,11,Parsed official note11; class totals checked; impairment not assumed zero,CSN_2016_2025_cells.csv
CSN,2025,Móveis e utensílios,annual_ppe_depreciation,19799,BRL,thousands,consolidated,CSN_2025_DFP.pdf,92,11,Parsed official note11; class totals checked; impairment not assumed zero,CSN_2016_2025_cells.csv
CSN,2025,Obras em andamento,gross_cost,7947457,BRL,thousands,consolidated,CSN_2025_DFP.pdf,92,11,Parsed official note11; class totals checked; impairment not assumed zero,CSN_2016_2025_cells.csv
CSN,2025,Obras em andamento,accumulated_depreciation,0,BRL,thousands,consolidated,CSN_2025_DFP.pdf,92,11,Parsed official note11; class totals checked; impairment not assumed zero,CSN_2016_2025_cells.csv
CSN,2025,Obras em andamento,net,7947457,BRL,thousands,consolidated,CSN_2025_DFP.pdf,92,11,Parsed official note11; class totals checked; impairment not assumed zero,CSN_2016_2025_cells.csv
CSN,2025,Obras em andamento,annual_ppe_depreciation,0,BRL,thousands,consolidated,CSN_2025_DFP.pdf,92,11,Parsed official note11; class totals checked; impairment not assumed zero,CSN_2016_2025_cells.csv
CSN,2025,Direito de uso,gross_cost,1711164,BRL,thousands,consolidated,CSN_2025_DFP.pdf,92,11,Parsed official note11; class totals checked; impairment not assumed zero,CSN_2016_2025_cells.csv
CSN,2025,Direito de uso,accumulated_depreciation,752148,BRL,thousands,consolidated,CSN_2025_DFP.pdf,92,11,Parsed official note11; class totals checked; impairment not assumed zero,CSN_2016_2025_cells.csv
CSN,2025,Direito de uso,net,959016,BRL,thousands,consolidated,CSN_2025_DFP.pdf,92,11,Parsed official note11; class totals checked; impairment not assumed zero,CSN_2016_2025_cells.csv
CSN,2025,Direito de uso,annual_ppe_depreciation,283840,BRL,thousands,consolidated,CSN_2025_DFP.pdf,92,11,Parsed official note11; class totals checked; impairment not assumed zero,CSN_2016_2025_cells.csv
CSN,2025,Outros,gross_cost,1923505,BRL,thousands,consolidated,CSN_2025_DFP.pdf,92,11,Parsed official note11; class totals checked; impairment not assumed zero,CSN_2016_2025_cells.csv
CSN,2025,Outros,accumulated_depreciation,961613,BRL,thousands,consolidated,CSN_2025_DFP.pdf,92,11,Parsed official note11; class totals checked; impairment not assumed zero,CSN_2016_2025_cells.csv
CSN,2025,Outros,net,961892,BRL,thousands,consolidated,CSN_2025_DFP.pdf,92,11,Parsed official note11; class totals checked; impairment not assumed zero,CSN_2016_2025_cells.csv
CSN,2025,Outros,annual_ppe_depreciation,120756,BRL,thousands,consolidated,CSN_2025_DFP.pdf,92,11,Parsed official note11; class totals checked; impairment not assumed zero,CSN_2016_2025_cells.csv
Klabin,2016,Terrenos,gross_cost,2066047,BRL,thousands,consolidated,Klabin_2016_DFP.pdf,77,12,Own-year composition; annual PPE depreciation production charge; separate biological depletion/ROU excluded; ±1 class rounding possible; no physical age/life implied,Klabin_2016_2025_cells.csv
Klabin,2016,Terrenos,accumulated_depreciation,0,BRL,thousands,consolidated,Klabin_2016_DFP.pdf,77,12,Own-year composition; annual PPE depreciation production charge; separate biological depletion/ROU excluded; ±1 class rounding possible; no physical age/life implied,Klabin_2016_2025_cells.csv
Klabin,2016,Terrenos,net,2066047,BRL,thousands,consolidated,Klabin_2016_DFP.pdf,77,12,Own-year composition; annual PPE depreciation production charge; separate biological depletion/ROU excluded; ±1 class rounding possible; no physical age/life implied,Klabin_2016_2025_cells.csv
Klabin,2016,Terrenos,annual_ppe_depreciation,0,BRL,thousands,consolidated,Klabin_2016_DFP.pdf,78,12,Own-year composition; annual PPE depreciation production charge; separate biological depletion/ROU excluded; ±1 class rounding possible; no physical age/life implied,Klabin_2016_2025_cells.csv
Klabin,2016,Edifícios e construções,gross_cost,1964206,BRL,thousands,consolidated,Klabin_2016_DFP.pdf,77,12,Own-year composition; annual PPE depreciation production charge; separate biological depletion/ROU excluded; ±1 class rounding possible; no physical age/life implied,Klabin_2016_2025_cells.csv
Klabin,2016,Edifícios e construções,accumulated_depreciation,300534,BRL,thousands,consolidated,Klabin_2016_DFP.pdf,77,12,Own-year composition; annual PPE depreciation production charge; separate biological depletion/ROU excluded; ±1 class rounding possible; no physical age/life implied,Klabin_2016_2025_cells.csv
Klabin,2016,Edifícios e construções,net,1663672,BRL,thousands,consolidated,Klabin_2016_DFP.pdf,77,12,Own-year composition; annual PPE depreciation production charge; separate biological depletion/ROU excluded; ±1 class rounding possible; no physical age/life implied,Klabin_2016_2025_cells.csv
Klabin,2016,Edifícios e construções,annual_ppe_depreciation,61955,BRL,thousands,consolidated,Klabin_2016_DFP.pdf,78,12,Own-year composition; annual PPE depreciation production charge; separate biological depletion/ROU excluded; ±1 class rounding possible; no physical age/life implied,Klabin_2016_2025_cells.csv
Klabin,2016,Máquinas equipamentos e instalações,gross_cost,10600003,BRL,thousands,consolidated,Klabin_2016_DFP.pdf,77,12,Own-year composition; annual PPE depreciation production charge; separate biological depletion/ROU excluded; ±1 class rounding possible; no physical age/life implied,Klabin_2016_2025_cells.csv
Klabin,2016,Máquinas equipamentos e instalações,accumulated_depreciation,2828346,BRL,thousands,consolidated,Klabin_2016_DFP.pdf,77,12,Own-year composition; annual PPE depreciation production charge; separate biological depletion/ROU excluded; ±1 class rounding possible; no physical age/life implied,Klabin_2016_2025_cells.csv
Klabin,2016,Máquinas equipamentos e instalações,net,7771657,BRL,thousands,consolidated,Klabin_2016_DFP.pdf,77,12,Own-year composition; annual PPE depreciation production charge; separate biological depletion/ROU excluded; ±1 class rounding possible; no physical age/life implied,Klabin_2016_2025_cells.csv
Klabin,2016,Máquinas equipamentos e instalações,annual_ppe_depreciation,655942,BRL,thousands,consolidated,Klabin_2016_DFP.pdf,78,12,Own-year composition; annual PPE depreciation production charge; separate biological depletion/ROU excluded; ±1 class rounding possible; no physical age/life implied,Klabin_2016_2025_cells.csv
Klabin,2016,Obras e instalações em andamento,gross_cost,973342,BRL,thousands,consolidated,Klabin_2016_DFP.pdf,77,12,Own-year composition; annual PPE depreciation production charge; separate biological depletion/ROU excluded; ±1 class rounding possible; no physical age/life implied,Klabin_2016_2025_cells.csv
Klabin,2016,Obras e instalações em andamento,accumulated_depreciation,0,BRL,thousands,consolidated,Klabin_2016_DFP.pdf,77,12,Own-year composition; annual PPE depreciation production charge; separate biological depletion/ROU excluded; ±1 class rounding possible; no physical age/life implied,Klabin_2016_2025_cells.csv
Klabin,2016,Obras e instalações em andamento,net,973342,BRL,thousands,consolidated,Klabin_2016_DFP.pdf,77,12,Own-year composition; annual PPE depreciation production charge; separate biological depletion/ROU excluded; ±1 class rounding possible; no physical age/life implied,Klabin_2016_2025_cells.csv
Klabin,2016,Obras e instalações em andamento,annual_ppe_depreciation,0,BRL,thousands,consolidated,Klabin_2016_DFP.pdf,78,12,Own-year composition; annual PPE depreciation production charge; separate biological depletion/ROU excluded; ±1 class rounding possible; no physical age/life implied,Klabin_2016_2025_cells.csv
Klabin,2016,Outros,gross_cost,929021,BRL,thousands,consolidated,Klabin_2016_DFP.pdf,77,12,Own-year composition; annual PPE depreciation production charge; separate biological depletion/ROU excluded; ±1 class rounding possible; no physical age/life implied,Klabin_2016_2025_cells.csv
Klabin,2016,Outros,accumulated_depreciation,408332,BRL,thousands,consolidated,Klabin_2016_DFP.pdf,77,12,Own-year composition; annual PPE depreciation production charge; separate biological depletion/ROU excluded; ±1 class rounding possible; no physical age/life implied,Klabin_2016_2025_cells.csv
Klabin,2016,Outros,net,520689,BRL,thousands,consolidated,Klabin_2016_DFP.pdf,77,12,Own-year composition; annual PPE depreciation production charge; separate biological depletion/ROU excluded; ±1 class rounding possible; no physical age/life implied,Klabin_2016_2025_cells.csv
Klabin,2016,Outros,annual_ppe_depreciation,87935,BRL,thousands,consolidated,Klabin_2016_DFP.pdf,78,12,Own-year composition; annual PPE depreciation production charge; separate biological depletion/ROU excluded; ±1 class rounding possible; no physical age/life implied,Klabin_2016_2025_cells.csv
Klabin,2017,Terrenos,gross_cost,2004105,BRL,thousands,consolidated,Klabin_2017_DFP.pdf,76,12,Own-year composition; annual PPE depreciation production charge; separate biological depletion/ROU excluded; ±1 class rounding possible; no physical age/life implied,Klabin_2016_2025_cells.csv
Klabin,2017,Terrenos,accumulated_depreciation,0,BRL,thousands,consolidated,Klabin_2017_DFP.pdf,76,12,Own-year composition; annual PPE depreciation production charge; separate biological depletion/ROU excluded; ±1 class rounding possible; no physical age/life implied,Klabin_2016_2025_cells.csv
Klabin,2017,Terrenos,net,2004105,BRL,thousands,consolidated,Klabin_2017_DFP.pdf,76,12,Own-year composition; annual PPE depreciation production charge; separate biological depletion/ROU excluded; ±1 class rounding possible; no physical age/life implied,Klabin_2016_2025_cells.csv
Klabin,2017,Terrenos,annual_ppe_depreciation,0,BRL,thousands,consolidated,Klabin_2017_DFP.pdf,77,12,Own-year composition; annual PPE depreciation production charge; separate biological depletion/ROU excluded; ±1 class rounding possible; no physical age/life implied,Klabin_2016_2025_cells.csv
Klabin,2017,Edifícios e construções,gross_cost,2140596,BRL,thousands,consolidated,Klabin_2017_DFP.pdf,76,12,Own-year composition; annual PPE depreciation production charge; separate biological depletion/ROU excluded; ±1 class rounding possible; no physical age/life implied,Klabin_2016_2025_cells.csv
Klabin,2017,Edifícios e construções,accumulated_depreciation,374426,BRL,thousands,consolidated,Klabin_2017_DFP.pdf,76,12,Own-year composition; annual PPE depreciation production charge; separate biological depletion/ROU excluded; ±1 class rounding possible; no physical age/life implied,Klabin_2016_2025_cells.csv
Klabin,2017,Edifícios e construções,net,1766170,BRL,thousands,consolidated,Klabin_2017_DFP.pdf,76,12,Own-year composition; annual PPE depreciation production charge; separate biological depletion/ROU excluded; ±1 class rounding possible; no physical age/life implied,Klabin_2016_2025_cells.csv
Klabin,2017,Edifícios e construções,annual_ppe_depreciation,75112,BRL,thousands,consolidated,Klabin_2017_DFP.pdf,77,12,Own-year composition; annual PPE depreciation production charge; separate biological depletion/ROU excluded; ±1 class rounding possible; no physical age/life implied,Klabin_2016_2025_cells.csv
Klabin,2017,Máquinas equipamentos e instalações,gross_cost,11643268,BRL,thousands,consolidated,Klabin_2017_DFP.pdf,76,12,Own-year composition; annual PPE depreciation production charge; separate biological depletion/ROU excluded; ±1 class rounding possible; no physical age/life implied,Klabin_2016_2025_cells.csv
Klabin,2017,Máquinas equipamentos e instalações,accumulated_depreciation,3599231,BRL,thousands,consolidated,Klabin_2017_DFP.pdf,76,12,Own-year composition; annual PPE depreciation production charge; separate biological depletion/ROU excluded; ±1 class rounding possible; no physical age/life implied,Klabin_2016_2025_cells.csv
Klabin,2017,Máquinas equipamentos e instalações,net,8044037,BRL,thousands,consolidated,Klabin_2017_DFP.pdf,76,12,Own-year composition; annual PPE depreciation production charge; separate biological depletion/ROU excluded; ±1 class rounding possible; no physical age/life implied,Klabin_2016_2025_cells.csv
Klabin,2017,Máquinas equipamentos e instalações,annual_ppe_depreciation,822236,BRL,thousands,consolidated,Klabin_2017_DFP.pdf,77,12,Own-year composition; annual PPE depreciation production charge; separate biological depletion/ROU excluded; ±1 class rounding possible; no physical age/life implied,Klabin_2016_2025_cells.csv
Klabin,2017,Obras e instalações em andamento,gross_cost,566423,BRL,thousands,consolidated,Klabin_2017_DFP.pdf,76,12,Own-year composition; annual PPE depreciation production charge; separate biological depletion/ROU excluded; ±1 class rounding possible; no physical age/life implied,Klabin_2016_2025_cells.csv
Klabin,2017,Obras e instalações em andamento,accumulated_depreciation,0,BRL,thousands,consolidated,Klabin_2017_DFP.pdf,76,12,Own-year composition; annual PPE depreciation production charge; separate biological depletion/ROU excluded; ±1 class rounding possible; no physical age/life implied,Klabin_2016_2025_cells.csv
Klabin,2017,Obras e instalações em andamento,net,566423,BRL,thousands,consolidated,Klabin_2017_DFP.pdf,76,12,Own-year composition; annual PPE depreciation production charge; separate biological depletion/ROU excluded; ±1 class rounding possible; no physical age/life implied,Klabin_2016_2025_cells.csv
Klabin,2017,Obras e instalações em andamento,annual_ppe_depreciation,0,BRL,thousands,consolidated,Klabin_2017_DFP.pdf,77,12,Own-year composition; annual PPE depreciation production charge; separate biological depletion/ROU excluded; ±1 class rounding possible; no physical age/life implied,Klabin_2016_2025_cells.csv
Klabin,2017,Outros,gross_cost,761700,BRL,thousands,consolidated,Klabin_2017_DFP.pdf,76,12,Own-year composition; annual PPE depreciation production charge; separate biological depletion/ROU excluded; ±1 class rounding possible; no physical age/life implied,Klabin_2016_2025_cells.csv
Klabin,2017,Outros,accumulated_depreciation,522940,BRL,thousands,consolidated,Klabin_2017_DFP.pdf,76,12,Own-year composition; annual PPE depreciation production charge; separate biological depletion/ROU excluded; ±1 class rounding possible; no physical age/life implied,Klabin_2016_2025_cells.csv
Klabin,2017,Outros,net,238760,BRL,thousands,consolidated,Klabin_2017_DFP.pdf,76,12,Own-year composition; annual PPE depreciation production charge; separate biological depletion/ROU excluded; ±1 class rounding possible; no physical age/life implied,Klabin_2016_2025_cells.csv
Klabin,2017,Outros,annual_ppe_depreciation,122273,BRL,thousands,consolidated,Klabin_2017_DFP.pdf,77,12,Own-year composition; annual PPE depreciation production charge; separate biological depletion/ROU excluded; ±1 class rounding possible; no physical age/life implied,Klabin_2016_2025_cells.csv
Klabin,2018,Terrenos,gross_cost,2102042,BRL,thousands,consolidated,Klabin_2018_DFP.pdf,76,12,Own-year composition; annual PPE depreciation production charge; separate biological depletion/ROU excluded; ±1 class rounding possible; no physical age/life implied,Klabin_2016_2025_cells.csv
Klabin,2018,Terrenos,accumulated_depreciation,0,BRL,thousands,consolidated,Klabin_2018_DFP.pdf,76,12,Own-year composition; annual PPE depreciation production charge; separate biological depletion/ROU excluded; ±1 class rounding possible; no physical age/life implied,Klabin_2016_2025_cells.csv
Klabin,2018,Terrenos,net,2102042,BRL,thousands,consolidated,Klabin_2018_DFP.pdf,76,12,Own-year composition; annual PPE depreciation production charge; separate biological depletion/ROU excluded; ±1 class rounding possible; no physical age/life implied,Klabin_2016_2025_cells.csv
Klabin,2018,Terrenos,annual_ppe_depreciation,0,BRL,thousands,consolidated,Klabin_2018_DFP.pdf,77,12,Own-year composition; annual PPE depreciation production charge; separate biological depletion/ROU excluded; ±1 class rounding possible; no physical age/life implied,Klabin_2016_2025_cells.csv
Klabin,2018,Edifícios e construções,gross_cost,2557769,BRL,thousands,consolidated,Klabin_2018_DFP.pdf,76,12,Own-year composition; annual PPE depreciation production charge; separate biological depletion/ROU excluded; ±1 class rounding possible; no physical age/life implied,Klabin_2016_2025_cells.csv
Klabin,2018,Edifícios e construções,accumulated_depreciation,541795,BRL,thousands,consolidated,Klabin_2018_DFP.pdf,76,12,Own-year composition; annual PPE depreciation production charge; separate biological depletion/ROU excluded; ±1 class rounding possible; no physical age/life implied,Klabin_2016_2025_cells.csv
Klabin,2018,Edifícios e construções,net,2015974,BRL,thousands,consolidated,Klabin_2018_DFP.pdf,76,12,Own-year composition; annual PPE depreciation production charge; separate biological depletion/ROU excluded; ±1 class rounding possible; no physical age/life implied,Klabin_2016_2025_cells.csv
Klabin,2018,Edifícios e construções,annual_ppe_depreciation,89685,BRL,thousands,consolidated,Klabin_2018_DFP.pdf,77,12,Own-year composition; annual PPE depreciation production charge; separate biological depletion/ROU excluded; ±1 class rounding possible; no physical age/life implied,Klabin_2016_2025_cells.csv
Klabin,2018,Máquinas equipamentos e instalações,gross_cost,12039195,BRL,thousands,consolidated,Klabin_2018_DFP.pdf,76,12,Own-year composition; annual PPE depreciation production charge; separate biological depletion/ROU excluded; ±1 class rounding possible; no physical age/life implied,Klabin_2016_2025_cells.csv
Klabin,2018,Máquinas equipamentos e instalações,accumulated_depreciation,4608045,BRL,thousands,consolidated,Klabin_2018_DFP.pdf,76,12,Own-year composition; annual PPE depreciation production charge; separate biological depletion/ROU excluded; ±1 class rounding possible; no physical age/life implied,Klabin_2016_2025_cells.csv
Klabin,2018,Máquinas equipamentos e instalações,net,7431150,BRL,thousands,consolidated,Klabin_2018_DFP.pdf,76,12,Own-year composition; annual PPE depreciation production charge; separate biological depletion/ROU excluded; ±1 class rounding possible; no physical age/life implied,Klabin_2016_2025_cells.csv
Klabin,2018,Máquinas equipamentos e instalações,annual_ppe_depreciation,938520,BRL,thousands,consolidated,Klabin_2018_DFP.pdf,77,12,Own-year composition; annual PPE depreciation production charge; separate biological depletion/ROU excluded; ±1 class rounding possible; no physical age/life implied,Klabin_2016_2025_cells.csv
Klabin,2018,Obras e instalações em andamento,gross_cost,410812,BRL,thousands,consolidated,Klabin_2018_DFP.pdf,76,12,Own-year composition; annual PPE depreciation production charge; separate biological depletion/ROU excluded; ±1 class rounding possible; no physical age/life implied,Klabin_2016_2025_cells.csv
Klabin,2018,Obras e instalações em andamento,accumulated_depreciation,0,BRL,thousands,consolidated,Klabin_2018_DFP.pdf,76,12,Own-year composition; annual PPE depreciation production charge; separate biological depletion/ROU excluded; ±1 class rounding possible; no physical age/life implied,Klabin_2016_2025_cells.csv
Klabin,2018,Obras e instalações em andamento,net,410812,BRL,thousands,consolidated,Klabin_2018_DFP.pdf,76,12,Own-year composition; annual PPE depreciation production charge; separate biological depletion/ROU excluded; ±1 class rounding possible; no physical age/life implied,Klabin_2016_2025_cells.csv
Klabin,2018,Obras e instalações em andamento,annual_ppe_depreciation,0,BRL,thousands,consolidated,Klabin_2018_DFP.pdf,77,12,Own-year composition; annual PPE depreciation production charge; separate biological depletion/ROU excluded; ±1 class rounding possible; no physical age/life implied,Klabin_2016_2025_cells.csv
Klabin,2018,Outros,gross_cost,604511,BRL,thousands,consolidated,Klabin_2018_DFP.pdf,76,12,Own-year composition; annual PPE depreciation production charge; separate biological depletion/ROU excluded; ±1 class rounding possible; no physical age/life implied,Klabin_2016_2025_cells.csv
Klabin,2018,Outros,accumulated_depreciation,302017,BRL,thousands,consolidated,Klabin_2018_DFP.pdf,76,12,Own-year composition; annual PPE depreciation production charge; separate biological depletion/ROU excluded; ±1 class rounding possible; no physical age/life implied,Klabin_2016_2025_cells.csv
Klabin,2018,Outros,net,302494,BRL,thousands,consolidated,Klabin_2018_DFP.pdf,76,12,Own-year composition; annual PPE depreciation production charge; separate biological depletion/ROU excluded; ±1 class rounding possible; no physical age/life implied,Klabin_2016_2025_cells.csv
Klabin,2018,Outros,annual_ppe_depreciation,67105,BRL,thousands,consolidated,Klabin_2018_DFP.pdf,77,12,Own-year composition; annual PPE depreciation production charge; separate biological depletion/ROU excluded; ±1 class rounding possible; no physical age/life implied,Klabin_2016_2025_cells.csv
Klabin,2019,Terrenos,gross_cost,2210453,BRL,thousands,consolidated,Klabin_2019_DFP.pdf,83,12,Own-year composition; annual PPE depreciation production charge; separate biological depletion/ROU excluded; ±1 class rounding possible; no physical age/life implied;2019 image tables transcribed visually,Klabin_2016_2025_cells.csv
Klabin,2019,Terrenos,accumulated_depreciation,0,BRL,thousands,consolidated,Klabin_2019_DFP.pdf,83,12,Own-year composition; annual PPE depreciation production charge; separate biological depletion/ROU excluded; ±1 class rounding possible; no physical age/life implied;2019 image tables transcribed visually,Klabin_2016_2025_cells.csv
Klabin,2019,Terrenos,net,2210453,BRL,thousands,consolidated,Klabin_2019_DFP.pdf,83,12,Own-year composition; annual PPE depreciation production charge; separate biological depletion/ROU excluded; ±1 class rounding possible; no physical age/life implied;2019 image tables transcribed visually,Klabin_2016_2025_cells.csv
Klabin,2019,Terrenos,annual_ppe_depreciation,0,BRL,thousands,consolidated,Klabin_2019_DFP.pdf,84,12,Own-year composition; annual PPE depreciation production charge; separate biological depletion/ROU excluded; ±1 class rounding possible; no physical age/life implied;2019 image tables transcribed visually,Klabin_2016_2025_cells.csv
Klabin,2019,Edifícios e construções,gross_cost,2611749,BRL,thousands,consolidated,Klabin_2019_DFP.pdf,83,12,Own-year composition; annual PPE depreciation production charge; separate biological depletion/ROU excluded; ±1 class rounding possible; no physical age/life implied;2019 image tables transcribed visually,Klabin_2016_2025_cells.csv
Klabin,2019,Edifícios e construções,accumulated_depreciation,638951,BRL,thousands,consolidated,Klabin_2019_DFP.pdf,83,12,Own-year composition; annual PPE depreciation production charge; separate biological depletion/ROU excluded; ±1 class rounding possible; no physical age/life implied;2019 image tables transcribed visually,Klabin_2016_2025_cells.csv
Klabin,2019,Edifícios e construções,net,1972798,BRL,thousands,consolidated,Klabin_2019_DFP.pdf,83,12,Own-year composition; annual PPE depreciation production charge; separate biological depletion/ROU excluded; ±1 class rounding possible; no physical age/life implied;2019 image tables transcribed visually,Klabin_2016_2025_cells.csv
Klabin,2019,Edifícios e construções,annual_ppe_depreciation,93603,BRL,thousands,consolidated,Klabin_2019_DFP.pdf,84,12,Own-year composition; annual PPE depreciation production charge; separate biological depletion/ROU excluded; ±1 class rounding possible; no physical age/life implied;2019 image tables transcribed visually,Klabin_2016_2025_cells.csv
Klabin,2019,Máquinas equipamentos e instalações,gross_cost,12521335,BRL,thousands,consolidated,Klabin_2019_DFP.pdf,83,12,Own-year composition; annual PPE depreciation production charge; separate biological depletion/ROU excluded; ±1 class rounding possible; no physical age/life implied;2019 image tables transcribed visually,Klabin_2016_2025_cells.csv
Klabin,2019,Máquinas equipamentos e instalações,accumulated_depreciation,5508702,BRL,thousands,consolidated,Klabin_2019_DFP.pdf,83,12,Own-year composition; annual PPE depreciation production charge; separate biological depletion/ROU excluded; ±1 class rounding possible; no physical age/life implied;2019 image tables transcribed visually,Klabin_2016_2025_cells.csv
Klabin,2019,Máquinas equipamentos e instalações,net,7012633,BRL,thousands,consolidated,Klabin_2019_DFP.pdf,83,12,Own-year composition; annual PPE depreciation production charge; separate biological depletion/ROU excluded; ±1 class rounding possible; no physical age/life implied;2019 image tables transcribed visually,Klabin_2016_2025_cells.csv
Klabin,2019,Máquinas equipamentos e instalações,annual_ppe_depreciation,955827,BRL,thousands,consolidated,Klabin_2019_DFP.pdf,84,12,Own-year composition; annual PPE depreciation production charge; separate biological depletion/ROU excluded; ±1 class rounding possible; no physical age/life implied;2019 image tables transcribed visually,Klabin_2016_2025_cells.csv
Klabin,2019,Obras e instalações em andamento,gross_cost,1873387,BRL,thousands,consolidated,Klabin_2019_DFP.pdf,83,12,Own-year composition; annual PPE depreciation production charge; separate biological depletion/ROU excluded; ±1 class rounding possible; no physical age/life implied;2019 image tables transcribed visually,Klabin_2016_2025_cells.csv
Klabin,2019,Obras e instalações em andamento,accumulated_depreciation,0,BRL,thousands,consolidated,Klabin_2019_DFP.pdf,83,12,Own-year composition; annual PPE depreciation production charge; separate biological depletion/ROU excluded; ±1 class rounding possible; no physical age/life implied;2019 image tables transcribed visually,Klabin_2016_2025_cells.csv
Klabin,2019,Obras e instalações em andamento,net,1873387,BRL,thousands,consolidated,Klabin_2019_DFP.pdf,83,12,Own-year composition; annual PPE depreciation production charge; separate biological depletion/ROU excluded; ±1 class rounding possible; no physical age/life implied;2019 image tables transcribed visually,Klabin_2016_2025_cells.csv
Klabin,2019,Obras e instalações em andamento,annual_ppe_depreciation,0,BRL,thousands,consolidated,Klabin_2019_DFP.pdf,84,12,Own-year composition; annual PPE depreciation production charge; separate biological depletion/ROU excluded; ±1 class rounding possible; no physical age/life implied;2019 image tables transcribed visually,Klabin_2016_2025_cells.csv
Klabin,2019,Outros,gross_cost,534922,BRL,thousands,consolidated,Klabin_2019_DFP.pdf,83,12,Own-year composition; annual PPE depreciation production charge; separate biological depletion/ROU excluded; ±1 class rounding possible; no physical age/life implied;2019 image tables transcribed visually,Klabin_2016_2025_cells.csv
Klabin,2019,Outros,accumulated_depreciation,363012,BRL,thousands,consolidated,Klabin_2019_DFP.pdf,83,12,Own-year composition; annual PPE depreciation production charge; separate biological depletion/ROU excluded; ±1 class rounding possible; no physical age/life implied;2019 image tables transcribed visually,Klabin_2016_2025_cells.csv
Klabin,2019,Outros,net,171910,BRL,thousands,consolidated,Klabin_2019_DFP.pdf,83,12,Own-year composition; annual PPE depreciation production charge; separate biological depletion/ROU excluded; ±1 class rounding possible; no physical age/life implied;2019 image tables transcribed visually,Klabin_2016_2025_cells.csv
Klabin,2019,Outros,annual_ppe_depreciation,71198,BRL,thousands,consolidated,Klabin_2019_DFP.pdf,84,12,Own-year composition; annual PPE depreciation production charge; separate biological depletion/ROU excluded; ±1 class rounding possible; no physical age/life implied;2019 image tables transcribed visually,Klabin_2016_2025_cells.csv
Klabin,2020,Terrenos,gross_cost,2374134,BRL,thousands,consolidated,Klabin_2020_DFP.pdf,97,13,Own-year composition; annual PPE depreciation production charge; separate biological depletion/ROU excluded; ±1 class rounding possible; no physical age/life implied,Klabin_2016_2025_cells.csv
Klabin,2020,Terrenos,accumulated_depreciation,0,BRL,thousands,consolidated,Klabin_2020_DFP.pdf,97,13,Own-year composition; annual PPE depreciation production charge; separate biological depletion/ROU excluded; ±1 class rounding possible; no physical age/life implied,Klabin_2016_2025_cells.csv
Klabin,2020,Terrenos,net,2374134,BRL,thousands,consolidated,Klabin_2020_DFP.pdf,97,13,Own-year composition; annual PPE depreciation production charge; separate biological depletion/ROU excluded; ±1 class rounding possible; no physical age/life implied,Klabin_2016_2025_cells.csv
Klabin,2020,Terrenos,annual_ppe_depreciation,0,BRL,thousands,consolidated,Klabin_2020_DFP.pdf,98,13,Own-year composition; annual PPE depreciation production charge; separate biological depletion/ROU excluded; ±1 class rounding possible; no physical age/life implied,Klabin_2016_2025_cells.csv
Klabin,2020,Edifícios e construções,gross_cost,2821878,BRL,thousands,consolidated,Klabin_2020_DFP.pdf,97,13,Own-year composition; annual PPE depreciation production charge; separate biological depletion/ROU excluded; ±1 class rounding possible; no physical age/life implied,Klabin_2016_2025_cells.csv
Klabin,2020,Edifícios e construções,accumulated_depreciation,747070,BRL,thousands,consolidated,Klabin_2020_DFP.pdf,97,13,Own-year composition; annual PPE depreciation production charge; separate biological depletion/ROU excluded; ±1 class rounding possible; no physical age/life implied,Klabin_2016_2025_cells.csv
Klabin,2020,Edifícios e construções,net,2074808,BRL,thousands,consolidated,Klabin_2020_DFP.pdf,97,13,Own-year composition; annual PPE depreciation production charge; separate biological depletion/ROU excluded; ±1 class rounding possible; no physical age/life implied,Klabin_2016_2025_cells.csv
Klabin,2020,Edifícios e construções,annual_ppe_depreciation,96164,BRL,thousands,consolidated,Klabin_2020_DFP.pdf,98,13,Own-year composition; annual PPE depreciation production charge; separate biological depletion/ROU excluded; ±1 class rounding possible; no physical age/life implied,Klabin_2016_2025_cells.csv
Klabin,2020,Máquinas equipamentos e instalações,gross_cost,12936401,BRL,thousands,consolidated,Klabin_2020_DFP.pdf,97,13,Own-year composition; annual PPE depreciation production charge; separate biological depletion/ROU excluded; ±1 class rounding possible; no physical age/life implied,Klabin_2016_2025_cells.csv
Klabin,2020,Máquinas equipamentos e instalações,accumulated_depreciation,6504244,BRL,thousands,consolidated,Klabin_2020_DFP.pdf,97,13,Own-year composition; annual PPE depreciation production charge; separate biological depletion/ROU excluded; ±1 class rounding possible; no physical age/life implied,Klabin_2016_2025_cells.csv
Klabin,2020,Máquinas equipamentos e instalações,net,6432157,BRL,thousands,consolidated,Klabin_2020_DFP.pdf,97,13,Own-year composition; annual PPE depreciation production charge; separate biological depletion/ROU excluded; ±1 class rounding possible; no physical age/life implied,Klabin_2016_2025_cells.csv
Klabin,2020,Máquinas equipamentos e instalações,annual_ppe_depreciation,1002191,BRL,thousands,consolidated,Klabin_2020_DFP.pdf,98,13,Own-year composition; annual PPE depreciation production charge; separate biological depletion/ROU excluded; ±1 class rounding possible; no physical age/life implied,Klabin_2016_2025_cells.csv
Klabin,2020,Obras e instalações em andamento,gross_cost,5648428,BRL,thousands,consolidated,Klabin_2020_DFP.pdf,97,13,Own-year composition; annual PPE depreciation production charge; separate biological depletion/ROU excluded; ±1 class rounding possible; no physical age/life implied,Klabin_2016_2025_cells.csv
Klabin,2020,Obras e instalações em andamento,accumulated_depreciation,0,BRL,thousands,consolidated,Klabin_2020_DFP.pdf,97,13,Own-year composition; annual PPE depreciation production charge; separate biological depletion/ROU excluded; ±1 class rounding possible; no physical age/life implied,Klabin_2016_2025_cells.csv
Klabin,2020,Obras e instalações em andamento,net,5648428,BRL,thousands,consolidated,Klabin_2020_DFP.pdf,97,13,Own-year composition; annual PPE depreciation production charge; separate biological depletion/ROU excluded; ±1 class rounding possible; no physical age/life implied,Klabin_2016_2025_cells.csv
Klabin,2020,Obras e instalações em andamento,annual_ppe_depreciation,0,BRL,thousands,consolidated,Klabin_2020_DFP.pdf,98,13,Own-year composition; annual PPE depreciation production charge; separate biological depletion/ROU excluded; ±1 class rounding possible; no physical age/life implied,Klabin_2016_2025_cells.csv
Klabin,2020,Outros,gross_cost,568824,BRL,thousands,consolidated,Klabin_2020_DFP.pdf,97,13,Own-year composition; annual PPE depreciation production charge; separate biological depletion/ROU excluded; ±1 class rounding possible; no physical age/life implied,Klabin_2016_2025_cells.csv
Klabin,2020,Outros,accumulated_depreciation,427578,BRL,thousands,consolidated,Klabin_2020_DFP.pdf,97,13,Own-year composition; annual PPE depreciation production charge; separate biological depletion/ROU excluded; ±1 class rounding possible; no physical age/life implied,Klabin_2016_2025_cells.csv
Klabin,2020,Outros,net,141246,BRL,thousands,consolidated,Klabin_2020_DFP.pdf,97,13,Own-year composition; annual PPE depreciation production charge; separate biological depletion/ROU excluded; ±1 class rounding possible; no physical age/life implied,Klabin_2016_2025_cells.csv
Klabin,2020,Outros,annual_ppe_depreciation,68856,BRL,thousands,consolidated,Klabin_2020_DFP.pdf,98,13,Own-year composition; annual PPE depreciation production charge; separate biological depletion/ROU excluded; ±1 class rounding possible; no physical age/life implied,Klabin_2016_2025_cells.csv
Klabin,2021,Terrenos,gross_cost,2503224,BRL,thousands,consolidated,Klabin_2021_DFP.pdf,79,13,Own-year composition; annual PPE depreciation production charge; separate biological depletion/ROU excluded; ±1 class rounding possible; no physical age/life implied,Klabin_2016_2025_cells.csv
Klabin,2021,Terrenos,accumulated_depreciation,0,BRL,thousands,consolidated,Klabin_2021_DFP.pdf,79,13,Own-year composition; annual PPE depreciation production charge; separate biological depletion/ROU excluded; ±1 class rounding possible; no physical age/life implied,Klabin_2016_2025_cells.csv
Klabin,2021,Terrenos,net,2503224,BRL,thousands,consolidated,Klabin_2021_DFP.pdf,79,13,Own-year composition; annual PPE depreciation production charge; separate biological depletion/ROU excluded; ±1 class rounding possible; no physical age/life implied,Klabin_2016_2025_cells.csv
Klabin,2021,Terrenos,annual_ppe_depreciation,0,BRL,thousands,consolidated,Klabin_2021_DFP.pdf,80,13,Own-year composition; annual PPE depreciation production charge; separate biological depletion/ROU excluded; ±1 class rounding possible; no physical age/life implied,Klabin_2016_2025_cells.csv
Klabin,2021,Edifícios e construções,gross_cost,3421004,BRL,thousands,consolidated,Klabin_2021_DFP.pdf,79,13,Own-year composition; annual PPE depreciation production charge; separate biological depletion/ROU excluded; ±1 class rounding possible; no physical age/life implied,Klabin_2016_2025_cells.csv
Klabin,2021,Edifícios e construções,accumulated_depreciation,851832,BRL,thousands,consolidated,Klabin_2021_DFP.pdf,79,13,Own-year composition; annual PPE depreciation production charge; separate biological depletion/ROU excluded; ±1 class rounding possible; no physical age/life implied,Klabin_2016_2025_cells.csv
Klabin,2021,Edifícios e construções,net,2569172,BRL,thousands,consolidated,Klabin_2021_DFP.pdf,79,13,Own-year composition; annual PPE depreciation production charge; separate biological depletion/ROU excluded; ±1 class rounding possible; no physical age/life implied,Klabin_2016_2025_cells.csv
Klabin,2021,Edifícios e construções,annual_ppe_depreciation,113011,BRL,thousands,consolidated,Klabin_2021_DFP.pdf,80,13,Own-year composition; annual PPE depreciation production charge; separate biological depletion/ROU excluded; ±1 class rounding possible; no physical age/life implied,Klabin_2016_2025_cells.csv
Klabin,2021,Máquinas equipamentos e instalações,gross_cost,19059463,BRL,thousands,consolidated,Klabin_2021_DFP.pdf,79,13,Own-year composition; annual PPE depreciation production charge; separate biological depletion/ROU excluded; ±1 class rounding possible; no physical age/life implied,Klabin_2016_2025_cells.csv
Klabin,2021,Máquinas equipamentos e instalações,accumulated_depreciation,7389145,BRL,thousands,consolidated,Klabin_2021_DFP.pdf,79,13,Own-year composition; annual PPE depreciation production charge; separate biological depletion/ROU excluded; ±1 class rounding possible; no physical age/life implied,Klabin_2016_2025_cells.csv
Klabin,2021,Máquinas equipamentos e instalações,net,11670318,BRL,thousands,consolidated,Klabin_2021_DFP.pdf,79,13,Own-year composition; annual PPE depreciation production charge; separate biological depletion/ROU excluded; ±1 class rounding possible; no physical age/life implied,Klabin_2016_2025_cells.csv
Klabin,2021,Máquinas equipamentos e instalações,annual_ppe_depreciation,1011353,BRL,thousands,consolidated,Klabin_2021_DFP.pdf,80,13,Own-year composition; annual PPE depreciation production charge; separate biological depletion/ROU excluded; ±1 class rounding possible; no physical age/life implied,Klabin_2016_2025_cells.csv
Klabin,2021,Obras e instalações em andamento,gross_cost,2648029,BRL,thousands,consolidated,Klabin_2021_DFP.pdf,79,13,Own-year composition; annual PPE depreciation production charge; separate biological depletion/ROU excluded; ±1 class rounding possible; no physical age/life implied,Klabin_2016_2025_cells.csv
Klabin,2021,Obras e instalações em andamento,accumulated_depreciation,0,BRL,thousands,consolidated,Klabin_2021_DFP.pdf,79,13,Own-year composition; annual PPE depreciation production charge; separate biological depletion/ROU excluded; ±1 class rounding possible; no physical age/life implied,Klabin_2016_2025_cells.csv
Klabin,2021,Obras e instalações em andamento,net,2648029,BRL,thousands,consolidated,Klabin_2021_DFP.pdf,79,13,Own-year composition; annual PPE depreciation production charge; separate biological depletion/ROU excluded; ±1 class rounding possible; no physical age/life implied,Klabin_2016_2025_cells.csv
Klabin,2021,Obras e instalações em andamento,annual_ppe_depreciation,0,BRL,thousands,consolidated,Klabin_2021_DFP.pdf,80,13,Own-year composition; annual PPE depreciation production charge; separate biological depletion/ROU excluded; ±1 class rounding possible; no physical age/life implied,Klabin_2016_2025_cells.csv
Klabin,2021,Outros,gross_cost,625075,BRL,thousands,consolidated,Klabin_2021_DFP.pdf,79,13,Own-year composition; annual PPE depreciation production charge; separate biological depletion/ROU excluded; ±1 class rounding possible; no physical age/life implied,Klabin_2016_2025_cells.csv
Klabin,2021,Outros,accumulated_depreciation,466800,BRL,thousands,consolidated,Klabin_2021_DFP.pdf,79,13,Own-year composition; annual PPE depreciation production charge; separate biological depletion/ROU excluded; ±1 class rounding possible; no physical age/life implied,Klabin_2016_2025_cells.csv
Klabin,2021,Outros,net,158275,BRL,thousands,consolidated,Klabin_2021_DFP.pdf,79,13,Own-year composition; annual PPE depreciation production charge; separate biological depletion/ROU excluded; ±1 class rounding possible; no physical age/life implied,Klabin_2016_2025_cells.csv
Klabin,2021,Outros,annual_ppe_depreciation,60914,BRL,thousands,consolidated,Klabin_2021_DFP.pdf,80,13,Own-year composition; annual PPE depreciation production charge; separate biological depletion/ROU excluded; ±1 class rounding possible; no physical age/life implied,Klabin_2016_2025_cells.csv
Klabin,2022,Terrenos,gross_cost,2932230,BRL,thousands,consolidated,Klabin_2022_DFP.pdf,82,15,Own-year composition; annual PPE depreciation production charge; separate biological depletion/ROU excluded; ±1 class rounding possible; no physical age/life implied,Klabin_2016_2025_cells.csv
Klabin,2022,Terrenos,accumulated_depreciation,0,BRL,thousands,consolidated,Klabin_2022_DFP.pdf,82,15,Own-year composition; annual PPE depreciation production charge; separate biological depletion/ROU excluded; ±1 class rounding possible; no physical age/life implied,Klabin_2016_2025_cells.csv
Klabin,2022,Terrenos,net,2932230,BRL,thousands,consolidated,Klabin_2022_DFP.pdf,82,15,Own-year composition; annual PPE depreciation production charge; separate biological depletion/ROU excluded; ±1 class rounding possible; no physical age/life implied,Klabin_2016_2025_cells.csv
Klabin,2022,Terrenos,annual_ppe_depreciation,0,BRL,thousands,consolidated,Klabin_2022_DFP.pdf,83,15,Own-year composition; annual PPE depreciation production charge; separate biological depletion/ROU excluded; ±1 class rounding possible; no physical age/life implied,Klabin_2016_2025_cells.csv
Klabin,2022,Edifícios e construções,gross_cost,3405713,BRL,thousands,consolidated,Klabin_2022_DFP.pdf,82,15,Own-year composition; annual PPE depreciation production charge; separate biological depletion/ROU excluded; ±1 class rounding possible; no physical age/life implied,Klabin_2016_2025_cells.csv
Klabin,2022,Edifícios e construções,accumulated_depreciation,965403,BRL,thousands,consolidated,Klabin_2022_DFP.pdf,82,15,Own-year composition; annual PPE depreciation production charge; separate biological depletion/ROU excluded; ±1 class rounding possible; no physical age/life implied,Klabin_2016_2025_cells.csv
Klabin,2022,Edifícios e construções,net,2440310,BRL,thousands,consolidated,Klabin_2022_DFP.pdf,82,15,Own-year composition; annual PPE depreciation production charge; separate biological depletion/ROU excluded; ±1 class rounding possible; no physical age/life implied,Klabin_2016_2025_cells.csv
Klabin,2022,Edifícios e construções,annual_ppe_depreciation,131047,BRL,thousands,consolidated,Klabin_2022_DFP.pdf,83,15,Own-year composition; annual PPE depreciation production charge; separate biological depletion/ROU excluded; ±1 class rounding possible; no physical age/life implied,Klabin_2016_2025_cells.csv
Klabin,2022,Máquinas equipamentos e instalações,gross_cost,20093391,BRL,thousands,consolidated,Klabin_2022_DFP.pdf,82,15,Own-year composition; annual PPE depreciation production charge; separate biological depletion/ROU excluded; ±1 class rounding possible; no physical age/life implied,Klabin_2016_2025_cells.csv
Klabin,2022,Máquinas equipamentos e instalações,accumulated_depreciation,8527833,BRL,thousands,consolidated,Klabin_2022_DFP.pdf,82,15,Own-year composition; annual PPE depreciation production charge; separate biological depletion/ROU excluded; ±1 class rounding possible; no physical age/life implied,Klabin_2016_2025_cells.csv
Klabin,2022,Máquinas equipamentos e instalações,net,11565558,BRL,thousands,consolidated,Klabin_2022_DFP.pdf,82,15,Own-year composition; annual PPE depreciation production charge; separate biological depletion/ROU excluded; ±1 class rounding possible; no physical age/life implied,Klabin_2016_2025_cells.csv
Klabin,2022,Máquinas equipamentos e instalações,annual_ppe_depreciation,1253472,BRL,thousands,consolidated,Klabin_2022_DFP.pdf,83,15,Own-year composition; annual PPE depreciation production charge; separate biological depletion/ROU excluded; ±1 class rounding possible; no physical age/life implied,Klabin_2016_2025_cells.csv
Klabin,2022,Obras e instalações em andamento,gross_cost,7048245,BRL,thousands,consolidated,Klabin_2022_DFP.pdf,82,15,Own-year composition; annual PPE depreciation production charge; separate biological depletion/ROU excluded; ±1 class rounding possible; no physical age/life implied,Klabin_2016_2025_cells.csv
Klabin,2022,Obras e instalações em andamento,accumulated_depreciation,0,BRL,thousands,consolidated,Klabin_2022_DFP.pdf,82,15,Own-year composition; annual PPE depreciation production charge; separate biological depletion/ROU excluded; ±1 class rounding possible; no physical age/life implied,Klabin_2016_2025_cells.csv
Klabin,2022,Obras e instalações em andamento,net,7048245,BRL,thousands,consolidated,Klabin_2022_DFP.pdf,82,15,Own-year composition; annual PPE depreciation production charge; separate biological depletion/ROU excluded; ±1 class rounding possible; no physical age/life implied,Klabin_2016_2025_cells.csv
Klabin,2022,Obras e instalações em andamento,annual_ppe_depreciation,0,BRL,thousands,consolidated,Klabin_2022_DFP.pdf,83,15,Own-year composition; annual PPE depreciation production charge; separate biological depletion/ROU excluded; ±1 class rounding possible; no physical age/life implied,Klabin_2016_2025_cells.csv
Klabin,2022,Outros,gross_cost,667205,BRL,thousands,consolidated,Klabin_2022_DFP.pdf,82,15,Own-year composition; annual PPE depreciation production charge; separate biological depletion/ROU excluded; ±1 class rounding possible; no physical age/life implied,Klabin_2016_2025_cells.csv
Klabin,2022,Outros,accumulated_depreciation,493568,BRL,thousands,consolidated,Klabin_2022_DFP.pdf,82,15,Own-year composition; annual PPE depreciation production charge; separate biological depletion/ROU excluded; ±1 class rounding possible; no physical age/life implied,Klabin_2016_2025_cells.csv
Klabin,2022,Outros,net,173637,BRL,thousands,consolidated,Klabin_2022_DFP.pdf,82,15,Own-year composition; annual PPE depreciation production charge; separate biological depletion/ROU excluded; ±1 class rounding possible; no physical age/life implied,Klabin_2016_2025_cells.csv
Klabin,2022,Outros,annual_ppe_depreciation,54659,BRL,thousands,consolidated,Klabin_2022_DFP.pdf,83,15,Own-year composition; annual PPE depreciation production charge; separate biological depletion/ROU excluded; ±1 class rounding possible; no physical age/life implied,Klabin_2016_2025_cells.csv
Klabin,2023,Terrenos,gross_cost,3657239,BRL,thousands,consolidated,Klabin_2023_DFP.pdf,76,14,Own-year composition; annual PPE depreciation production charge; separate biological depletion/ROU excluded; ±1 class rounding possible; no physical age/life implied,Klabin_2016_2025_cells.csv
Klabin,2023,Terrenos,accumulated_depreciation,0,BRL,thousands,consolidated,Klabin_2023_DFP.pdf,76,14,Own-year composition; annual PPE depreciation production charge; separate biological depletion/ROU excluded; ±1 class rounding possible; no physical age/life implied,Klabin_2016_2025_cells.csv
Klabin,2023,Terrenos,net,3657239,BRL,thousands,consolidated,Klabin_2023_DFP.pdf,76,14,Own-year composition; annual PPE depreciation production charge; separate biological depletion/ROU excluded; ±1 class rounding possible; no physical age/life implied,Klabin_2016_2025_cells.csv
Klabin,2023,Terrenos,annual_ppe_depreciation,0,BRL,thousands,consolidated,Klabin_2023_DFP.pdf,77,14,Own-year composition; annual PPE depreciation production charge; separate biological depletion/ROU excluded; ±1 class rounding possible; no physical age/life implied,Klabin_2016_2025_cells.csv
Klabin,2023,Edifícios e construções,gross_cost,3978290,BRL,thousands,consolidated,Klabin_2023_DFP.pdf,76,14,Own-year composition; annual PPE depreciation production charge; separate biological depletion/ROU excluded; ±1 class rounding possible; no physical age/life implied,Klabin_2016_2025_cells.csv
Klabin,2023,Edifícios e construções,accumulated_depreciation,1100695,BRL,thousands,consolidated,Klabin_2023_DFP.pdf,76,14,Own-year composition; annual PPE depreciation production charge; separate biological depletion/ROU excluded; ±1 class rounding possible; no physical age/life implied,Klabin_2016_2025_cells.csv
Klabin,2023,Edifícios e construções,net,2877595,BRL,thousands,consolidated,Klabin_2023_DFP.pdf,76,14,Own-year composition; annual PPE depreciation production charge; separate biological depletion/ROU excluded; ±1 class rounding possible; no physical age/life implied,Klabin_2016_2025_cells.csv
Klabin,2023,Edifícios e construções,annual_ppe_depreciation,142858,BRL,thousands,consolidated,Klabin_2023_DFP.pdf,77,14,Own-year composition; annual PPE depreciation production charge; separate biological depletion/ROU excluded; ±1 class rounding possible; no physical age/life implied,Klabin_2016_2025_cells.csv
Klabin,2023,Máquinas equipamentos e instalações,gross_cost,25287490,BRL,thousands,consolidated,Klabin_2023_DFP.pdf,76,14,Own-year composition; annual PPE depreciation production charge; separate biological depletion/ROU excluded; ±1 class rounding possible; no physical age/life implied,Klabin_2016_2025_cells.csv
Klabin,2023,Máquinas equipamentos e instalações,accumulated_depreciation,9904486,BRL,thousands,consolidated,Klabin_2023_DFP.pdf,76,14,Own-year composition; annual PPE depreciation production charge; separate biological depletion/ROU excluded; ±1 class rounding possible; no physical age/life implied,Klabin_2016_2025_cells.csv
Klabin,2023,Máquinas equipamentos e instalações,net,15383004,BRL,thousands,consolidated,Klabin_2023_DFP.pdf,76,14,Own-year composition; annual PPE depreciation production charge; separate biological depletion/ROU excluded; ±1 class rounding possible; no physical age/life implied,Klabin_2016_2025_cells.csv
Klabin,2023,Máquinas equipamentos e instalações,annual_ppe_depreciation,1459007,BRL,thousands,consolidated,Klabin_2023_DFP.pdf,77,14,Own-year composition; annual PPE depreciation production charge; separate biological depletion/ROU excluded; ±1 class rounding possible; no physical age/life implied,Klabin_2016_2025_cells.csv
Klabin,2023,Obras e instalações em andamento,gross_cost,3244286,BRL,thousands,consolidated,Klabin_2023_DFP.pdf,76,14,Own-year composition; annual PPE depreciation production charge; separate biological depletion/ROU excluded; ±1 class rounding possible; no physical age/life implied,Klabin_2016_2025_cells.csv
Klabin,2023,Obras e instalações em andamento,accumulated_depreciation,0,BRL,thousands,consolidated,Klabin_2023_DFP.pdf,76,14,Own-year composition; annual PPE depreciation production charge; separate biological depletion/ROU excluded; ±1 class rounding possible; no physical age/life implied,Klabin_2016_2025_cells.csv
Klabin,2023,Obras e instalações em andamento,net,3244286,BRL,thousands,consolidated,Klabin_2023_DFP.pdf,76,14,Own-year composition; annual PPE depreciation production charge; separate biological depletion/ROU excluded; ±1 class rounding possible; no physical age/life implied,Klabin_2016_2025_cells.csv
Klabin,2023,Obras e instalações em andamento,annual_ppe_depreciation,0,BRL,thousands,consolidated,Klabin_2023_DFP.pdf,77,14,Own-year composition; annual PPE depreciation production charge; separate biological depletion/ROU excluded; ±1 class rounding possible; no physical age/life implied,Klabin_2016_2025_cells.csv
Klabin,2023,Outros,gross_cost,755113,BRL,thousands,consolidated,Klabin_2023_DFP.pdf,76,14,Own-year composition; annual PPE depreciation production charge; separate biological depletion/ROU excluded; ±1 class rounding possible; no physical age/life implied,Klabin_2016_2025_cells.csv
Klabin,2023,Outros,accumulated_depreciation,530687,BRL,thousands,consolidated,Klabin_2023_DFP.pdf,76,14,Own-year composition; annual PPE depreciation production charge; separate biological depletion/ROU excluded; ±1 class rounding possible; no physical age/life implied,Klabin_2016_2025_cells.csv
Klabin,2023,Outros,net,224426,BRL,thousands,consolidated,Klabin_2023_DFP.pdf,76,14,Own-year composition; annual PPE depreciation production charge; separate biological depletion/ROU excluded; ±1 class rounding possible; no physical age/life implied,Klabin_2016_2025_cells.csv
Klabin,2023,Outros,annual_ppe_depreciation,56510,BRL,thousands,consolidated,Klabin_2023_DFP.pdf,77,14,Own-year composition; annual PPE depreciation production charge; separate biological depletion/ROU excluded; ±1 class rounding possible; no physical age/life implied,Klabin_2016_2025_cells.csv
Klabin,2024,Terrenos,gross_cost,7326082,BRL,thousands,consolidated,Klabin_2024_DFP.pdf,79,14,Own-year composition; annual PPE depreciation production charge; separate biological depletion/ROU excluded; ±1 class rounding possible; no physical age/life implied,Klabin_2016_2025_cells.csv
Klabin,2024,Terrenos,accumulated_depreciation,0,BRL,thousands,consolidated,Klabin_2024_DFP.pdf,79,14,Own-year composition; annual PPE depreciation production charge; separate biological depletion/ROU excluded; ±1 class rounding possible; no physical age/life implied,Klabin_2016_2025_cells.csv
Klabin,2024,Terrenos,net,7326082,BRL,thousands,consolidated,Klabin_2024_DFP.pdf,79,14,Own-year composition; annual PPE depreciation production charge; separate biological depletion/ROU excluded; ±1 class rounding possible; no physical age/life implied,Klabin_2016_2025_cells.csv
Klabin,2024,Terrenos,annual_ppe_depreciation,0,BRL,thousands,consolidated,Klabin_2024_DFP.pdf,80,14,Own-year composition; annual PPE depreciation production charge; separate biological depletion/ROU excluded; ±1 class rounding possible; no physical age/life implied,Klabin_2016_2025_cells.csv
Klabin,2024,Edifícios e construções,gross_cost,4544611,BRL,thousands,consolidated,Klabin_2024_DFP.pdf,79,14,Own-year composition; annual PPE depreciation production charge; separate biological depletion/ROU excluded; ±1 class rounding possible; no physical age/life implied,Klabin_2016_2025_cells.csv
Klabin,2024,Edifícios e construções,accumulated_depreciation,1252928,BRL,thousands,consolidated,Klabin_2024_DFP.pdf,79,14,Own-year composition; annual PPE depreciation production charge; separate biological depletion/ROU excluded; ±1 class rounding possible; no physical age/life implied,Klabin_2016_2025_cells.csv
Klabin,2024,Edifícios e construções,net,3291683,BRL,thousands,consolidated,Klabin_2024_DFP.pdf,79,14,Own-year composition; annual PPE depreciation production charge; separate biological depletion/ROU excluded; ±1 class rounding possible; no physical age/life implied,Klabin_2016_2025_cells.csv
Klabin,2024,Edifícios e construções,annual_ppe_depreciation,159201,BRL,thousands,consolidated,Klabin_2024_DFP.pdf,80,14,Own-year composition; annual PPE depreciation production charge; separate biological depletion/ROU excluded; ±1 class rounding possible; no physical age/life implied,Klabin_2016_2025_cells.csv
Klabin,2024,Máquinas equipamentos e instalações,gross_cost,27681238,BRL,thousands,consolidated,Klabin_2024_DFP.pdf,79,14,Own-year composition; annual PPE depreciation production charge; separate biological depletion/ROU excluded; ±1 class rounding possible; no physical age/life implied,Klabin_2016_2025_cells.csv
Klabin,2024,Máquinas equipamentos e instalações,accumulated_depreciation,11555890,BRL,thousands,consolidated,Klabin_2024_DFP.pdf,79,14,Own-year composition; annual PPE depreciation production charge; separate biological depletion/ROU excluded; ±1 class rounding possible; no physical age/life implied,Klabin_2016_2025_cells.csv
Klabin,2024,Máquinas equipamentos e instalações,net,16125348,BRL,thousands,consolidated,Klabin_2024_DFP.pdf,79,14,Own-year composition; annual PPE depreciation production charge; separate biological depletion/ROU excluded; ±1 class rounding possible; no physical age/life implied,Klabin_2016_2025_cells.csv
Klabin,2024,Máquinas equipamentos e instalações,annual_ppe_depreciation,1751190,BRL,thousands,consolidated,Klabin_2024_DFP.pdf,80,14,Own-year composition; annual PPE depreciation production charge; separate biological depletion/ROU excluded; ±1 class rounding possible; no physical age/life implied,Klabin_2016_2025_cells.csv
Klabin,2024,Obras e instalações em andamento,gross_cost,1984585,BRL,thousands,consolidated,Klabin_2024_DFP.pdf,79,14,Own-year composition; annual PPE depreciation production charge; separate biological depletion/ROU excluded; ±1 class rounding possible; no physical age/life implied,Klabin_2016_2025_cells.csv
Klabin,2024,Obras e instalações em andamento,accumulated_depreciation,0,BRL,thousands,consolidated,Klabin_2024_DFP.pdf,79,14,Own-year composition; annual PPE depreciation production charge; separate biological depletion/ROU excluded; ±1 class rounding possible; no physical age/life implied,Klabin_2016_2025_cells.csv
Klabin,2024,Obras e instalações em andamento,net,1984585,BRL,thousands,consolidated,Klabin_2024_DFP.pdf,79,14,Own-year composition; annual PPE depreciation production charge; separate biological depletion/ROU excluded; ±1 class rounding possible; no physical age/life implied,Klabin_2016_2025_cells.csv
Klabin,2024,Obras e instalações em andamento,annual_ppe_depreciation,0,BRL,thousands,consolidated,Klabin_2024_DFP.pdf,80,14,Own-year composition; annual PPE depreciation production charge; separate biological depletion/ROU excluded; ±1 class rounding possible; no physical age/life implied,Klabin_2016_2025_cells.csv
Klabin,2024,Outros,gross_cost,826933,BRL,thousands,consolidated,Klabin_2024_DFP.pdf,79,14,Own-year composition; annual PPE depreciation production charge; separate biological depletion/ROU excluded; ±1 class rounding possible; no physical age/life implied,Klabin_2016_2025_cells.csv
Klabin,2024,Outros,accumulated_depreciation,589251,BRL,thousands,consolidated,Klabin_2024_DFP.pdf,79,14,Own-year composition; annual PPE depreciation production charge; separate biological depletion/ROU excluded; ±1 class rounding possible; no physical age/life implied,Klabin_2016_2025_cells.csv
Klabin,2024,Outros,net,237682,BRL,thousands,consolidated,Klabin_2024_DFP.pdf,79,14,Own-year composition; annual PPE depreciation production charge; separate biological depletion/ROU excluded; ±1 class rounding possible; no physical age/life implied,Klabin_2016_2025_cells.csv
Klabin,2024,Outros,annual_ppe_depreciation,69877,BRL,thousands,consolidated,Klabin_2024_DFP.pdf,80,14,Own-year composition; annual PPE depreciation production charge; separate biological depletion/ROU excluded; ±1 class rounding possible; no physical age/life implied,Klabin_2016_2025_cells.csv
Klabin,2025,Terrenos,gross_cost,7357428,BRL,thousands,consolidated,Klabin_2025_DFP.pdf,82,13,Own-year composition; annual PPE depreciation production charge; separate biological depletion/ROU excluded; ±1 class rounding possible; no physical age/life implied,Klabin_2016_2025_cells.csv
Klabin,2025,Terrenos,accumulated_depreciation,0,BRL,thousands,consolidated,Klabin_2025_DFP.pdf,82,13,Own-year composition; annual PPE depreciation production charge; separate biological depletion/ROU excluded; ±1 class rounding possible; no physical age/life implied,Klabin_2016_2025_cells.csv
Klabin,2025,Terrenos,net,7357428,BRL,thousands,consolidated,Klabin_2025_DFP.pdf,82,13,Own-year composition; annual PPE depreciation production charge; separate biological depletion/ROU excluded; ±1 class rounding possible; no physical age/life implied,Klabin_2016_2025_cells.csv
Klabin,2025,Terrenos,annual_ppe_depreciation,0,BRL,thousands,consolidated,Klabin_2025_DFP.pdf,83,13,Own-year composition; annual PPE depreciation production charge; separate biological depletion/ROU excluded; ±1 class rounding possible; no physical age/life implied,Klabin_2016_2025_cells.csv
Klabin,2025,Edifícios e construções,gross_cost,4760269,BRL,thousands,consolidated,Klabin_2025_DFP.pdf,82,13,Own-year composition; annual PPE depreciation production charge; separate biological depletion/ROU excluded; ±1 class rounding possible; no physical age/life implied,Klabin_2016_2025_cells.csv
Klabin,2025,Edifícios e construções,accumulated_depreciation,1419591,BRL,thousands,consolidated,Klabin_2025_DFP.pdf,82,13,Own-year composition; annual PPE depreciation production charge; separate biological depletion/ROU excluded; ±1 class rounding possible; no physical age/life implied,Klabin_2016_2025_cells.csv
Klabin,2025,Edifícios e construções,net,3340678,BRL,thousands,consolidated,Klabin_2025_DFP.pdf,82,13,Own-year composition; annual PPE depreciation production charge; separate biological depletion/ROU excluded; ±1 class rounding possible; no physical age/life implied,Klabin_2016_2025_cells.csv
Klabin,2025,Edifícios e construções,annual_ppe_depreciation,167140,BRL,thousands,consolidated,Klabin_2025_DFP.pdf,83,13,Own-year composition; annual PPE depreciation production charge; separate biological depletion/ROU excluded; ±1 class rounding possible; no physical age/life implied,Klabin_2016_2025_cells.csv
Klabin,2025,Máquinas equipamentos e instalações,gross_cost,29270589,BRL,thousands,consolidated,Klabin_2025_DFP.pdf,82,13,Own-year composition; annual PPE depreciation production charge; separate biological depletion/ROU excluded; ±1 class rounding possible; no physical age/life implied,Klabin_2016_2025_cells.csv
Klabin,2025,Máquinas equipamentos e instalações,accumulated_depreciation,13346607,BRL,thousands,consolidated,Klabin_2025_DFP.pdf,82,13,Own-year composition; annual PPE depreciation production charge; separate biological depletion/ROU excluded; ±1 class rounding possible; no physical age/life implied,Klabin_2016_2025_cells.csv
Klabin,2025,Máquinas equipamentos e instalações,net,15923982,BRL,thousands,consolidated,Klabin_2025_DFP.pdf,82,13,Own-year composition; annual PPE depreciation production charge; separate biological depletion/ROU excluded; ±1 class rounding possible; no physical age/life implied,Klabin_2016_2025_cells.csv
Klabin,2025,Máquinas equipamentos e instalações,annual_ppe_depreciation,1853219,BRL,thousands,consolidated,Klabin_2025_DFP.pdf,83,13,Own-year composition; annual PPE depreciation production charge; separate biological depletion/ROU excluded; ±1 class rounding possible; no physical age/life implied,Klabin_2016_2025_cells.csv
Klabin,2025,Obras e instalações em andamento,gross_cost,1747431,BRL,thousands,consolidated,Klabin_2025_DFP.pdf,82,13,Own-year composition; annual PPE depreciation production charge; separate biological depletion/ROU excluded; ±1 class rounding possible; no physical age/life implied,Klabin_2016_2025_cells.csv
Klabin,2025,Obras e instalações em andamento,accumulated_depreciation,0,BRL,thousands,consolidated,Klabin_2025_DFP.pdf,82,13,Own-year composition; annual PPE depreciation production charge; separate biological depletion/ROU excluded; ±1 class rounding possible; no physical age/life implied,Klabin_2016_2025_cells.csv
Klabin,2025,Obras e instalações em andamento,net,1747431,BRL,thousands,consolidated,Klabin_2025_DFP.pdf,82,13,Own-year composition; annual PPE depreciation production charge; separate biological depletion/ROU excluded; ±1 class rounding possible; no physical age/life implied,Klabin_2016_2025_cells.csv
Klabin,2025,Obras e instalações em andamento,annual_ppe_depreciation,0,BRL,thousands,consolidated,Klabin_2025_DFP.pdf,83,13,Own-year composition; annual PPE depreciation production charge; separate biological depletion/ROU excluded; ±1 class rounding possible; no physical age/life implied,Klabin_2016_2025_cells.csv
Klabin,2025,Outros,gross_cost,914039,BRL,thousands,consolidated,Klabin_2025_DFP.pdf,82,13,Own-year composition; annual PPE depreciation production charge; separate biological depletion/ROU excluded; ±1 class rounding possible; no physical age/life implied,Klabin_2016_2025_cells.csv
Klabin,2025,Outros,accumulated_depreciation,635242,BRL,thousands,consolidated,Klabin_2025_DFP.pdf,82,13,Own-year composition; annual PPE depreciation production charge; separate biological depletion/ROU excluded; ±1 class rounding possible; no physical age/life implied,Klabin_2016_2025_cells.csv
Klabin,2025,Outros,net,278797,BRL,thousands,consolidated,Klabin_2025_DFP.pdf,82,13,Own-year composition; annual PPE depreciation production charge; separate biological depletion/ROU excluded; ±1 class rounding possible; no physical age/life implied,Klabin_2016_2025_cells.csv
Klabin,2025,Outros,annual_ppe_depreciation,76826,BRL,thousands,consolidated,Klabin_2025_DFP.pdf,83,13,Own-year composition; annual PPE depreciation production charge; separate biological depletion/ROU excluded; ±1 class rounding possible; no physical age/life implied,Klabin_2016_2025_cells.csv
Suzano,2016,Land,gross_cost,4368577,BRL,thousands,consolidated,Suzano_2016_tenq.pdf,74,15,Own-year consolidated PPE note15; no physical age/life claim; separate biological depletion and ROU excluded; machinery includes finance-leased PPE; impairment192538 reduced landgross,Suzano_2016_2025_cells.csv
Suzano,2016,Land,accumulated_depreciation,0,BRL,thousands,consolidated,Suzano_2016_tenq.pdf,74,15,Own-year consolidated PPE note15; no physical age/life claim; separate biological depletion and ROU excluded; machinery includes finance-leased PPE; impairment192538 reduced landgross,Suzano_2016_2025_cells.csv
Suzano,2016,Land,net,4368577,BRL,thousands,consolidated,Suzano_2016_tenq.pdf,74,15,Own-year consolidated PPE note15; no physical age/life claim; separate biological depletion and ROU excluded; machinery includes finance-leased PPE; impairment192538 reduced landgross,Suzano_2016_2025_cells.csv
Suzano,2016,Land,annual_ppe_depreciation,0,BRL,thousands,consolidated,Suzano_2016_tenq.pdf,74,15,Own-year consolidated PPE note15; no physical age/life claim; separate biological depletion and ROU excluded; machinery includes finance-leased PPE; impairment192538 reduced landgross,Suzano_2016_2025_cells.csv
Suzano,2016,Buildings,gross_cost,2683827,BRL,thousands,consolidated,Suzano_2016_tenq.pdf,74,15,Own-year consolidated PPE note15; no physical age/life claim; separate biological depletion and ROU excluded; machinery includes finance-leased PPE; impairment192538 reduced landgross,Suzano_2016_2025_cells.csv
Suzano,2016,Buildings,accumulated_depreciation,762686,BRL,thousands,consolidated,Suzano_2016_tenq.pdf,74,15,Own-year consolidated PPE note15; no physical age/life claim; separate biological depletion and ROU excluded; machinery includes finance-leased PPE; impairment192538 reduced landgross,Suzano_2016_2025_cells.csv
Suzano,2016,Buildings,net,1921141,BRL,thousands,consolidated,Suzano_2016_tenq.pdf,74,15,Own-year consolidated PPE note15; no physical age/life claim; separate biological depletion and ROU excluded; machinery includes finance-leased PPE; impairment192538 reduced landgross,Suzano_2016_2025_cells.csv
Suzano,2016,Buildings,annual_ppe_depreciation,77723,BRL,thousands,consolidated,Suzano_2016_tenq.pdf,74,15,Own-year consolidated PPE note15; no physical age/life claim; separate biological depletion and ROU excluded; machinery includes finance-leased PPE; impairment192538 reduced landgross,Suzano_2016_2025_cells.csv
Suzano,2016,Machinery equipment facilities,gross_cost,15345570,BRL,thousands,consolidated,Suzano_2016_tenq.pdf,74,15,Own-year consolidated PPE note15; no physical age/life claim; separate biological depletion and ROU excluded; machinery includes finance-leased PPE; impairment192538 reduced landgross,Suzano_2016_2025_cells.csv
Suzano,2016,Machinery equipment facilities,accumulated_depreciation,5908943,BRL,thousands,consolidated,Suzano_2016_tenq.pdf,74,15,Own-year consolidated PPE note15; no physical age/life claim; separate biological depletion and ROU excluded; machinery includes finance-leased PPE; impairment192538 reduced landgross,Suzano_2016_2025_cells.csv
Suzano,2016,Machinery equipment facilities,net,9436627,BRL,thousands,consolidated,Suzano_2016_tenq.pdf,74,15,Own-year consolidated PPE note15; no physical age/life claim; separate biological depletion and ROU excluded; machinery includes finance-leased PPE; impairment192538 reduced landgross,Suzano_2016_2025_cells.csv
Suzano,2016,Machinery equipment facilities,annual_ppe_depreciation,691552,BRL,thousands,consolidated,Suzano_2016_tenq.pdf,74,15,Own-year consolidated PPE note15; no physical age/life claim; separate biological depletion and ROU excluded; machinery includes finance-leased PPE; impairment192538 reduced landgross,Suzano_2016_2025_cells.csv
Suzano,2016,Work in progress,gross_cost,390671,BRL,thousands,consolidated,Suzano_2016_tenq.pdf,74,15,Own-year consolidated PPE note15; no physical age/life claim; separate biological depletion and ROU excluded; machinery includes finance-leased PPE; impairment192538 reduced landgross,Suzano_2016_2025_cells.csv
Suzano,2016,Work in progress,accumulated_depreciation,0,BRL,thousands,consolidated,Suzano_2016_tenq.pdf,74,15,Own-year consolidated PPE note15; no physical age/life claim; separate biological depletion and ROU excluded; machinery includes finance-leased PPE; impairment192538 reduced landgross,Suzano_2016_2025_cells.csv
Suzano,2016,Work in progress,net,390671,BRL,thousands,consolidated,Suzano_2016_tenq.pdf,74,15,Own-year consolidated PPE note15; no physical age/life claim; separate biological depletion and ROU excluded; machinery includes finance-leased PPE; impairment192538 reduced landgross,Suzano_2016_2025_cells.csv
Suzano,2016,Work in progress,annual_ppe_depreciation,0,BRL,thousands,consolidated,Suzano_2016_tenq.pdf,74,15,Own-year consolidated PPE note15; no physical age/life claim; separate biological depletion and ROU excluded; machinery includes finance-leased PPE; impairment192538 reduced landgross,Suzano_2016_2025_cells.csv
Suzano,2016,Other,gross_cost,299131,BRL,thousands,consolidated,Suzano_2016_tenq.pdf,74,15,Own-year consolidated PPE note15; no physical age/life claim; separate biological depletion and ROU excluded; machinery includes finance-leased PPE; impairment192538 reduced landgross,Suzano_2016_2025_cells.csv
Suzano,2016,Other,accumulated_depreciation,180866,BRL,thousands,consolidated,Suzano_2016_tenq.pdf,74,15,Own-year consolidated PPE note15; no physical age/life claim; separate biological depletion and ROU excluded; machinery includes finance-leased PPE; impairment192538 reduced landgross,Suzano_2016_2025_cells.csv
Suzano,2016,Other,net,118265,BRL,thousands,consolidated,Suzano_2016_tenq.pdf,74,15,Own-year consolidated PPE note15; no physical age/life claim; separate biological depletion and ROU excluded; machinery includes finance-leased PPE; impairment192538 reduced landgross,Suzano_2016_2025_cells.csv
Suzano,2016,Other,annual_ppe_depreciation,26078,BRL,thousands,consolidated,Suzano_2016_tenq.pdf,74,15,Own-year consolidated PPE note15; no physical age/life claim; separate biological depletion and ROU excluded; machinery includes finance-leased PPE; impairment192538 reduced landgross,Suzano_2016_2025_cells.csv
Suzano,2017,Land,gross_cost,4348592,BRL,thousands,consolidated,Suzano_2017_tenq.pdf,68,15,Own-year consolidated PPE note15; no physical age/life claim; separate biological depletion and ROU excluded; machinery includes finance-leased PPE,Suzano_2016_2025_cells.csv
Suzano,2017,Land,accumulated_depreciation,0,BRL,thousands,consolidated,Suzano_2017_tenq.pdf,68,15,Own-year consolidated PPE note15; no physical age/life claim; separate biological depletion and ROU excluded; machinery includes finance-leased PPE,Suzano_2016_2025_cells.csv
Suzano,2017,Land,net,4348592,BRL,thousands,consolidated,Suzano_2017_tenq.pdf,68,15,Own-year consolidated PPE note15; no physical age/life claim; separate biological depletion and ROU excluded; machinery includes finance-leased PPE,Suzano_2016_2025_cells.csv
Suzano,2017,Land,annual_ppe_depreciation,0,BRL,thousands,consolidated,Suzano_2017_tenq.pdf,68,15,Own-year consolidated PPE note15; no physical age/life claim; separate biological depletion and ROU excluded; machinery includes finance-leased PPE,Suzano_2016_2025_cells.csv
Suzano,2017,Buildings,gross_cost,2815673,BRL,thousands,consolidated,Suzano_2017_tenq.pdf,68,15,Own-year consolidated PPE note15; no physical age/life claim; separate biological depletion and ROU excluded; machinery includes finance-leased PPE,Suzano_2016_2025_cells.csv
Suzano,2017,Buildings,accumulated_depreciation,829821,BRL,thousands,consolidated,Suzano_2017_tenq.pdf,68,15,Own-year consolidated PPE note15; no physical age/life claim; separate biological depletion and ROU excluded; machinery includes finance-leased PPE,Suzano_2016_2025_cells.csv
Suzano,2017,Buildings,net,1985852,BRL,thousands,consolidated,Suzano_2017_tenq.pdf,68,15,Own-year consolidated PPE note15; no physical age/life claim; separate biological depletion and ROU excluded; machinery includes finance-leased PPE,Suzano_2016_2025_cells.csv
Suzano,2017,Buildings,annual_ppe_depreciation,70315,BRL,thousands,consolidated,Suzano_2017_tenq.pdf,68,15,Own-year consolidated PPE note15; no physical age/life claim; separate biological depletion and ROU excluded; machinery includes finance-leased PPE,Suzano_2016_2025_cells.csv
Suzano,2017,Machinery equipment facilities,gross_cost,15846331,BRL,thousands,consolidated,Suzano_2017_tenq.pdf,68,15,Own-year consolidated PPE note15; no physical age/life claim; separate biological depletion and ROU excluded; machinery includes finance-leased PPE,Suzano_2016_2025_cells.csv
Suzano,2017,Machinery equipment facilities,accumulated_depreciation,6545959,BRL,thousands,consolidated,Suzano_2017_tenq.pdf,68,15,Own-year consolidated PPE note15; no physical age/life claim; separate biological depletion and ROU excluded; machinery includes finance-leased PPE,Suzano_2016_2025_cells.csv
Suzano,2017,Machinery equipment facilities,net,9300372,BRL,thousands,consolidated,Suzano_2017_tenq.pdf,68,15,Own-year consolidated PPE note15; no physical age/life claim; separate biological depletion and ROU excluded; machinery includes finance-leased PPE,Suzano_2016_2025_cells.csv
Suzano,2017,Machinery equipment facilities,annual_ppe_depreciation,701822,BRL,thousands,consolidated,Suzano_2017_tenq.pdf,68,15,Own-year consolidated PPE note15; no physical age/life claim; separate biological depletion and ROU excluded; machinery includes finance-leased PPE,Suzano_2016_2025_cells.csv
Suzano,2017,Work in progress,gross_cost,483735,BRL,thousands,consolidated,Suzano_2017_tenq.pdf,68,15,Own-year consolidated PPE note15; no physical age/life claim; separate biological depletion and ROU excluded; machinery includes finance-leased PPE,Suzano_2016_2025_cells.csv
Suzano,2017,Work in progress,accumulated_depreciation,0,BRL,thousands,consolidated,Suzano_2017_tenq.pdf,68,15,Own-year consolidated PPE note15; no physical age/life claim; separate biological depletion and ROU excluded; machinery includes finance-leased PPE,Suzano_2016_2025_cells.csv
Suzano,2017,Work in progress,net,483735,BRL,thousands,consolidated,Suzano_2017_tenq.pdf,68,15,Own-year consolidated PPE note15; no physical age/life claim; separate biological depletion and ROU excluded; machinery includes finance-leased PPE,Suzano_2016_2025_cells.csv
Suzano,2017,Work in progress,annual_ppe_depreciation,0,BRL,thousands,consolidated,Suzano_2017_tenq.pdf,68,15,Own-year consolidated PPE note15; no physical age/life claim; separate biological depletion and ROU excluded; machinery includes finance-leased PPE,Suzano_2016_2025_cells.csv
Suzano,2017,Other,gross_cost,288395,BRL,thousands,consolidated,Suzano_2017_tenq.pdf,68,15,Own-year consolidated PPE note15; no physical age/life claim; separate biological depletion and ROU excluded; machinery includes finance-leased PPE,Suzano_2016_2025_cells.csv
Suzano,2017,Other,accumulated_depreciation,195718,BRL,thousands,consolidated,Suzano_2017_tenq.pdf,68,15,Own-year consolidated PPE note15; no physical age/life claim; separate biological depletion and ROU excluded; machinery includes finance-leased PPE,Suzano_2016_2025_cells.csv
Suzano,2017,Other,net,92677,BRL,thousands,consolidated,Suzano_2017_tenq.pdf,68,15,Own-year consolidated PPE note15; no physical age/life claim; separate biological depletion and ROU excluded; machinery includes finance-leased PPE,Suzano_2016_2025_cells.csv
Suzano,2017,Other,annual_ppe_depreciation,27719,BRL,thousands,consolidated,Suzano_2017_tenq.pdf,68,15,Own-year consolidated PPE note15; no physical age/life claim; separate biological depletion and ROU excluded; machinery includes finance-leased PPE,Suzano_2016_2025_cells.csv
Suzano,2018,Land,gross_cost,5077336,BRL,thousands,consolidated,Suzano_2018_tenq.pdf,84,15,Own-year consolidated PPE note15; no physical age/life claim; separate biological depletion and ROU excluded; machinery includes finance-leased PPE;PPAaddedvalue remains separate depreciable class and dep4178 included; gross/net source total rounding2thousand,Suzano_2016_2025_cells.csv
Suzano,2018,Land,accumulated_depreciation,0,BRL,thousands,consolidated,Suzano_2018_tenq.pdf,84,15,Own-year consolidated PPE note15; no physical age/life claim; separate biological depletion and ROU excluded; machinery includes finance-leased PPE;PPAaddedvalue remains separate depreciable class and dep4178 included; gross/net source total rounding2thousand,Suzano_2016_2025_cells.csv
Suzano,2018,Land,net,5077336,BRL,thousands,consolidated,Suzano_2018_tenq.pdf,84,15,Own-year consolidated PPE note15; no physical age/life claim; separate biological depletion and ROU excluded; machinery includes finance-leased PPE;PPAaddedvalue remains separate depreciable class and dep4178 included; gross/net source total rounding2thousand,Suzano_2016_2025_cells.csv
Suzano,2018,Land,annual_ppe_depreciation,0,BRL,thousands,consolidated,Suzano_2018_tenq.pdf,84,15,Own-year consolidated PPE note15; no physical age/life claim; separate biological depletion and ROU excluded; machinery includes finance-leased PPE;PPAaddedvalue remains separate depreciable class and dep4178 included; gross/net source total rounding2thousand,Suzano_2016_2025_cells.csv
Suzano,2018,Buildings,gross_cost,3061534,BRL,thousands,consolidated,Suzano_2018_tenq.pdf,84,15,Own-year consolidated PPE note15; no physical age/life claim; separate biological depletion and ROU excluded; machinery includes finance-leased PPE;PPAaddedvalue remains separate depreciable class and dep4178 included; gross/net source total rounding2thousand,Suzano_2016_2025_cells.csv
Suzano,2018,Buildings,accumulated_depreciation,906616,BRL,thousands,consolidated,Suzano_2018_tenq.pdf,84,15,Own-year consolidated PPE note15; no physical age/life claim; separate biological depletion and ROU excluded; machinery includes finance-leased PPE;PPAaddedvalue remains separate depreciable class and dep4178 included; gross/net source total rounding2thousand,Suzano_2016_2025_cells.csv
Suzano,2018,Buildings,net,2154918,BRL,thousands,consolidated,Suzano_2018_tenq.pdf,84,15,Own-year consolidated PPE note15; no physical age/life claim; separate biological depletion and ROU excluded; machinery includes finance-leased PPE;PPAaddedvalue remains separate depreciable class and dep4178 included; gross/net source total rounding2thousand,Suzano_2016_2025_cells.csv
Suzano,2018,Buildings,annual_ppe_depreciation,78264,BRL,thousands,consolidated,Suzano_2018_tenq.pdf,84,15,Own-year consolidated PPE note15; no physical age/life claim; separate biological depletion and ROU excluded; machinery includes finance-leased PPE;PPAaddedvalue remains separate depreciable class and dep4178 included; gross/net source total rounding2thousand,Suzano_2016_2025_cells.csv
Suzano,2018,Machinery equipment facilities,gross_cost,16413525,BRL,thousands,consolidated,Suzano_2018_tenq.pdf,84,15,Own-year consolidated PPE note15; no physical age/life claim; separate biological depletion and ROU excluded; machinery includes finance-leased PPE;PPAaddedvalue remains separate depreciable class and dep4178 included; gross/net source total rounding2thousand,Suzano_2016_2025_cells.csv
Suzano,2018,Machinery equipment facilities,accumulated_depreciation,7244696,BRL,thousands,consolidated,Suzano_2018_tenq.pdf,84,15,Own-year consolidated PPE note15; no physical age/life claim; separate biological depletion and ROU excluded; machinery includes finance-leased PPE;PPAaddedvalue remains separate depreciable class and dep4178 included; gross/net source total rounding2thousand,Suzano_2016_2025_cells.csv
Suzano,2018,Machinery equipment facilities,net,9168829,BRL,thousands,consolidated,Suzano_2018_tenq.pdf,84,15,Own-year consolidated PPE note15; no physical age/life claim; separate biological depletion and ROU excluded; machinery includes finance-leased PPE;PPAaddedvalue remains separate depreciable class and dep4178 included; gross/net source total rounding2thousand,Suzano_2016_2025_cells.csv
Suzano,2018,Machinery equipment facilities,annual_ppe_depreciation,760634,BRL,thousands,consolidated,Suzano_2018_tenq.pdf,84,15,Own-year consolidated PPE note15; no physical age/life claim; separate biological depletion and ROU excluded; machinery includes finance-leased PPE;PPAaddedvalue remains separate depreciable class and dep4178 included; gross/net source total rounding2thousand,Suzano_2016_2025_cells.csv
Suzano,2018,Work in progress,gross_cost,471036,BRL,thousands,consolidated,Suzano_2018_tenq.pdf,84,15,Own-year consolidated PPE note15; no physical age/life claim; separate biological depletion and ROU excluded; machinery includes finance-leased PPE;PPAaddedvalue remains separate depreciable class and dep4178 included; gross/net source total rounding2thousand,Suzano_2016_2025_cells.csv
Suzano,2018,Work in progress,accumulated_depreciation,0,BRL,thousands,consolidated,Suzano_2018_tenq.pdf,84,15,Own-year consolidated PPE note15; no physical age/life claim; separate biological depletion and ROU excluded; machinery includes finance-leased PPE;PPAaddedvalue remains separate depreciable class and dep4178 included; gross/net source total rounding2thousand,Suzano_2016_2025_cells.csv
Suzano,2018,Work in progress,net,471036,BRL,thousands,consolidated,Suzano_2018_tenq.pdf,84,15,Own-year consolidated PPE note15; no physical age/life claim; separate biological depletion and ROU excluded; machinery includes finance-leased PPE;PPAaddedvalue remains separate depreciable class and dep4178 included; gross/net source total rounding2thousand,Suzano_2016_2025_cells.csv
Suzano,2018,Work in progress,annual_ppe_depreciation,0,BRL,thousands,consolidated,Suzano_2018_tenq.pdf,84,15,Own-year consolidated PPE note15; no physical age/life claim; separate biological depletion and ROU excluded; machinery includes finance-leased PPE;PPAaddedvalue remains separate depreciable class and dep4178 included; gross/net source total rounding2thousand,Suzano_2016_2025_cells.csv
Suzano,2018,Other,gross_cost,329270,BRL,thousands,consolidated,Suzano_2018_tenq.pdf,84,15,Own-year consolidated PPE note15; no physical age/life claim; separate biological depletion and ROU excluded; machinery includes finance-leased PPE;PPAaddedvalue remains separate depreciable class and dep4178 included; gross/net source total rounding2thousand,Suzano_2016_2025_cells.csv
Suzano,2018,Other,accumulated_depreciation,226764,BRL,thousands,consolidated,Suzano_2018_tenq.pdf,84,15,Own-year consolidated PPE note15; no physical age/life claim; separate biological depletion and ROU excluded; machinery includes finance-leased PPE;PPAaddedvalue remains separate depreciable class and dep4178 included; gross/net source total rounding2thousand,Suzano_2016_2025_cells.csv
Suzano,2018,Other,net,102506,BRL,thousands,consolidated,Suzano_2018_tenq.pdf,84,15,Own-year consolidated PPE note15; no physical age/life claim; separate biological depletion and ROU excluded; machinery includes finance-leased PPE;PPAaddedvalue remains separate depreciable class and dep4178 included; gross/net source total rounding2thousand,Suzano_2016_2025_cells.csv
Suzano,2018,Other,annual_ppe_depreciation,29844,BRL,thousands,consolidated,Suzano_2018_tenq.pdf,84,15,Own-year consolidated PPE note15; no physical age/life claim; separate biological depletion and ROU excluded; machinery includes finance-leased PPE;PPAaddedvalue remains separate depreciable class and dep4178 included; gross/net source total rounding2thousand,Suzano_2016_2025_cells.csv
Suzano,2018,Added value PPA,gross_cost,49814,BRL,thousands,consolidated,Suzano_2018_tenq.pdf,84,15,Own-year consolidated PPE note15; no physical age/life claim; separate biological depletion and ROU excluded; machinery includes finance-leased PPE;PPAaddedvalue remains separate depreciable class and dep4178 included; gross/net source total rounding2thousand,Suzano_2016_2025_cells.csv
Suzano,2018,Added value PPA,accumulated_depreciation,4178,BRL,thousands,consolidated,Suzano_2018_tenq.pdf,84,15,Own-year consolidated PPE note15; no physical age/life claim; separate biological depletion and ROU excluded; machinery includes finance-leased PPE;PPAaddedvalue remains separate depreciable class and dep4178 included; gross/net source total rounding2thousand,Suzano_2016_2025_cells.csv
Suzano,2018,Added value PPA,net,45636,BRL,thousands,consolidated,Suzano_2018_tenq.pdf,84,15,Own-year consolidated PPE note15; no physical age/life claim; separate biological depletion and ROU excluded; machinery includes finance-leased PPE;PPAaddedvalue remains separate depreciable class and dep4178 included; gross/net source total rounding2thousand,Suzano_2016_2025_cells.csv
Suzano,2018,Added value PPA,annual_ppe_depreciation,4178,BRL,thousands,consolidated,Suzano_2018_tenq.pdf,84,15,Own-year consolidated PPE note15; no physical age/life claim; separate biological depletion and ROU excluded; machinery includes finance-leased PPE;PPAaddedvalue remains separate depreciable class and dep4178 included; gross/net source total rounding2thousand,Suzano_2016_2025_cells.csv
Suzano,2019,Land,gross_cost,10321574,BRL,thousands,consolidated,Suzano_2019_tenq.pdf,71,15,Own-year consolidated PPE note15; no physical age/life claim; separate biological depletion and ROU excluded;ANNUAL CHARGE INCOMPLETE: depsection Additions2470251 plus PPAFibria additions624327 and FVFacepa12318/FVIbema593 separately; cannot label2470251 complete annualPPEdepreciation,Suzano_2016_2025_cells.csv
Suzano,2019,Land,accumulated_depreciation,0,BRL,thousands,consolidated,Suzano_2019_tenq.pdf,71,15,Own-year consolidated PPE note15; no physical age/life claim; separate biological depletion and ROU excluded;ANNUAL CHARGE INCOMPLETE: depsection Additions2470251 plus PPAFibria additions624327 and FVFacepa12318/FVIbema593 separately; cannot label2470251 complete annualPPEdepreciation,Suzano_2016_2025_cells.csv
Suzano,2019,Land,net,10321574,BRL,thousands,consolidated,Suzano_2019_tenq.pdf,71,15,Own-year consolidated PPE note15; no physical age/life claim; separate biological depletion and ROU excluded;ANNUAL CHARGE INCOMPLETE: depsection Additions2470251 plus PPAFibria additions624327 and FVFacepa12318/FVIbema593 separately; cannot label2470251 complete annualPPEdepreciation,Suzano_2016_2025_cells.csv
Suzano,2019,Land,annual_ppe_depreciation_base_component_INCOMPLETE,0,BRL,thousands,consolidated,Suzano_2019_tenq.pdf,71,15,Own-year consolidated PPE note15; no physical age/life claim; separate biological depletion and ROU excluded;ANNUAL CHARGE INCOMPLETE: depsection Additions2470251 plus PPAFibria additions624327 and FVFacepa12318/FVIbema593 separately; cannot label2470251 complete annualPPEdepreciation,Suzano_2016_2025_cells.csv
Suzano,2019,Buildings,gross_cost,8767789,BRL,thousands,consolidated,Suzano_2019_tenq.pdf,71,15,Own-year consolidated PPE note15; no physical age/life claim; separate biological depletion and ROU excluded;ANNUAL CHARGE INCOMPLETE: depsection Additions2470251 plus PPAFibria additions624327 and FVFacepa12318/FVIbema593 separately; cannot label2470251 complete annualPPEdepreciation,Suzano_2016_2025_cells.csv
Suzano,2019,Buildings,accumulated_depreciation,2979916,BRL,thousands,consolidated,Suzano_2019_tenq.pdf,71,15,Own-year consolidated PPE note15; no physical age/life claim; separate biological depletion and ROU excluded;ANNUAL CHARGE INCOMPLETE: depsection Additions2470251 plus PPAFibria additions624327 and FVFacepa12318/FVIbema593 separately; cannot label2470251 complete annualPPEdepreciation,Suzano_2016_2025_cells.csv
Suzano,2019,Buildings,net,5787873,BRL,thousands,consolidated,Suzano_2019_tenq.pdf,71,15,Own-year consolidated PPE note15; no physical age/life claim; separate biological depletion and ROU excluded;ANNUAL CHARGE INCOMPLETE: depsection Additions2470251 plus PPAFibria additions624327 and FVFacepa12318/FVIbema593 separately; cannot label2470251 complete annualPPEdepreciation,Suzano_2016_2025_cells.csv
Suzano,2019,Buildings,annual_ppe_depreciation_base_component_INCOMPLETE,255888,BRL,thousands,consolidated,Suzano_2019_tenq.pdf,71,15,Own-year consolidated PPE note15; no physical age/life claim; separate biological depletion and ROU excluded;ANNUAL CHARGE INCOMPLETE: depsection Additions2470251 plus PPAFibria additions624327 and FVFacepa12318/FVIbema593 separately; cannot label2470251 complete annualPPEdepreciation,Suzano_2016_2025_cells.csv
Suzano,2019,Machinery equipment facilities,gross_cost,42520577,BRL,thousands,consolidated,Suzano_2019_tenq.pdf,71,15,Own-year consolidated PPE note15; no physical age/life claim; separate biological depletion and ROU excluded;ANNUAL CHARGE INCOMPLETE: depsection Additions2470251 plus PPAFibria additions624327 and FVFacepa12318/FVIbema593 separately; cannot label2470251 complete annualPPEdepreciation,Suzano_2016_2025_cells.csv
Suzano,2019,Machinery equipment facilities,accumulated_depreciation,18850386,BRL,thousands,consolidated,Suzano_2019_tenq.pdf,71,15,Own-year consolidated PPE note15; no physical age/life claim; separate biological depletion and ROU excluded;ANNUAL CHARGE INCOMPLETE: depsection Additions2470251 plus PPAFibria additions624327 and FVFacepa12318/FVIbema593 separately; cannot label2470251 complete annualPPEdepreciation,Suzano_2016_2025_cells.csv
Suzano,2019,Machinery equipment facilities,net,23670191,BRL,thousands,consolidated,Suzano_2019_tenq.pdf,71,15,Own-year consolidated PPE note15; no physical age/life claim; separate biological depletion and ROU excluded;ANNUAL CHARGE INCOMPLETE: depsection Additions2470251 plus PPAFibria additions624327 and FVFacepa12318/FVIbema593 separately; cannot label2470251 complete annualPPEdepreciation,Suzano_2016_2025_cells.csv
Suzano,2019,Machinery equipment facilities,annual_ppe_depreciation_base_component_INCOMPLETE,2123193,BRL,thousands,consolidated,Suzano_2019_tenq.pdf,71,15,Own-year consolidated PPE note15; no physical age/life claim; separate biological depletion and ROU excluded;ANNUAL CHARGE INCOMPLETE: depsection Additions2470251 plus PPAFibria additions624327 and FVFacepa12318/FVIbema593 separately; cannot label2470251 complete annualPPEdepreciation,Suzano_2016_2025_cells.csv
Suzano,2019,Work in progress,gross_cost,969701,BRL,thousands,consolidated,Suzano_2019_tenq.pdf,71,15,Own-year consolidated PPE note15; no physical age/life claim; separate biological depletion and ROU excluded;ANNUAL CHARGE INCOMPLETE: depsection Additions2470251 plus PPAFibria additions624327 and FVFacepa12318/FVIbema593 separately; cannot label2470251 complete annualPPEdepreciation,Suzano_2016_2025_cells.csv
Suzano,2019,Work in progress,accumulated_depreciation,0,BRL,thousands,consolidated,Suzano_2019_tenq.pdf,71,15,Own-year consolidated PPE note15; no physical age/life claim; separate biological depletion and ROU excluded;ANNUAL CHARGE INCOMPLETE: depsection Additions2470251 plus PPAFibria additions624327 and FVFacepa12318/FVIbema593 separately; cannot label2470251 complete annualPPEdepreciation,Suzano_2016_2025_cells.csv
Suzano,2019,Work in progress,net,969701,BRL,thousands,consolidated,Suzano_2019_tenq.pdf,71,15,Own-year consolidated PPE note15; no physical age/life claim; separate biological depletion and ROU excluded;ANNUAL CHARGE INCOMPLETE: depsection Additions2470251 plus PPAFibria additions624327 and FVFacepa12318/FVIbema593 separately; cannot label2470251 complete annualPPEdepreciation,Suzano_2016_2025_cells.csv
Suzano,2019,Work in progress,annual_ppe_depreciation_base_component_INCOMPLETE,0,BRL,thousands,consolidated,Suzano_2019_tenq.pdf,71,15,Own-year consolidated PPE note15; no physical age/life claim; separate biological depletion and ROU excluded;ANNUAL CHARGE INCOMPLETE: depsection Additions2470251 plus PPAFibria additions624327 and FVFacepa12318/FVIbema593 separately; cannot label2470251 complete annualPPEdepreciation,Suzano_2016_2025_cells.csv
Suzano,2019,Other,gross_cost,933326,BRL,thousands,consolidated,Suzano_2019_tenq.pdf,71,15,Own-year consolidated PPE note15; no physical age/life claim; separate biological depletion and ROU excluded;ANNUAL CHARGE INCOMPLETE: depsection Additions2470251 plus PPAFibria additions624327 and FVFacepa12318/FVIbema593 separately; cannot label2470251 complete annualPPEdepreciation,Suzano_2016_2025_cells.csv
Suzano,2019,Other,accumulated_depreciation,561720,BRL,thousands,consolidated,Suzano_2019_tenq.pdf,71,15,Own-year consolidated PPE note15; no physical age/life claim; separate biological depletion and ROU excluded;ANNUAL CHARGE INCOMPLETE: depsection Additions2470251 plus PPAFibria additions624327 and FVFacepa12318/FVIbema593 separately; cannot label2470251 complete annualPPEdepreciation,Suzano_2016_2025_cells.csv
Suzano,2019,Other,net,371606,BRL,thousands,consolidated,Suzano_2019_tenq.pdf,71,15,Own-year consolidated PPE note15; no physical age/life claim; separate biological depletion and ROU excluded;ANNUAL CHARGE INCOMPLETE: depsection Additions2470251 plus PPAFibria additions624327 and FVFacepa12318/FVIbema593 separately; cannot label2470251 complete annualPPEdepreciation,Suzano_2016_2025_cells.csv
Suzano,2019,Other,annual_ppe_depreciation_base_component_INCOMPLETE,91170,BRL,thousands,consolidated,Suzano_2019_tenq.pdf,71,15,Own-year consolidated PPE note15; no physical age/life claim; separate biological depletion and ROU excluded;ANNUAL CHARGE INCOMPLETE: depsection Additions2470251 plus PPAFibria additions624327 and FVFacepa12318/FVIbema593 separately; cannot label2470251 complete annualPPEdepreciation,Suzano_2016_2025_cells.csv
Suzano,2020,Land,gross_cost,9912305,BRL,thousands,consolidated,Suzano_2020_tenq.pdf,68,15,Own-year consolidated PPE note15; no physical age/life claim; separate biological depletion and ROU excluded,Suzano_2016_2025_cells.csv
Suzano,2020,Land,accumulated_depreciation,0,BRL,thousands,consolidated,Suzano_2020_tenq.pdf,68,15,Own-year consolidated PPE note15; no physical age/life claim; separate biological depletion and ROU excluded,Suzano_2016_2025_cells.csv
Suzano,2020,Land,net,9912305,BRL,thousands,consolidated,Suzano_2020_tenq.pdf,68,15,Own-year consolidated PPE note15; no physical age/life claim; separate biological depletion and ROU excluded,Suzano_2016_2025_cells.csv
Suzano,2020,Land,annual_ppe_depreciation,0,BRL,thousands,consolidated,Suzano_2020_tenq.pdf,68,15,Own-year consolidated PPE note15; no physical age/life claim; separate biological depletion and ROU excluded,Suzano_2016_2025_cells.csv
Suzano,2020,Buildings,gross_cost,9203134,BRL,thousands,consolidated,Suzano_2020_tenq.pdf,68,15,Own-year consolidated PPE note15; no physical age/life claim; separate biological depletion and ROU excluded,Suzano_2016_2025_cells.csv
Suzano,2020,Buildings,accumulated_depreciation,3245786,BRL,thousands,consolidated,Suzano_2020_tenq.pdf,68,15,Own-year consolidated PPE note15; no physical age/life claim; separate biological depletion and ROU excluded,Suzano_2016_2025_cells.csv
Suzano,2020,Buildings,net,5957348,BRL,thousands,consolidated,Suzano_2020_tenq.pdf,68,15,Own-year consolidated PPE note15; no physical age/life claim; separate biological depletion and ROU excluded,Suzano_2016_2025_cells.csv
Suzano,2020,Buildings,annual_ppe_depreciation,291862,BRL,thousands,consolidated,Suzano_2020_tenq.pdf,68,15,Own-year consolidated PPE note15; no physical age/life claim; separate biological depletion and ROU excluded,Suzano_2016_2025_cells.csv
Suzano,2020,Machinery equipment facilities,gross_cost,43184495,BRL,thousands,consolidated,Suzano_2020_tenq.pdf,68,15,Own-year consolidated PPE note15; no physical age/life claim; separate biological depletion and ROU excluded,Suzano_2016_2025_cells.csv
Suzano,2020,Machinery equipment facilities,accumulated_depreciation,21176572,BRL,thousands,consolidated,Suzano_2020_tenq.pdf,68,15,Own-year consolidated PPE note15; no physical age/life claim; separate biological depletion and ROU excluded,Suzano_2016_2025_cells.csv
Suzano,2020,Machinery equipment facilities,net,22007923,BRL,thousands,consolidated,Suzano_2020_tenq.pdf,68,15,Own-year consolidated PPE note15; no physical age/life claim; separate biological depletion and ROU excluded,Suzano_2016_2025_cells.csv
Suzano,2020,Machinery equipment facilities,annual_ppe_depreciation,2390583,BRL,thousands,consolidated,Suzano_2020_tenq.pdf,68,15,Own-year consolidated PPE note15; no physical age/life claim; separate biological depletion and ROU excluded,Suzano_2016_2025_cells.csv
Suzano,2020,Work in progress,gross_cost,883384,BRL,thousands,consolidated,Suzano_2020_tenq.pdf,68,15,Own-year consolidated PPE note15; no physical age/life claim; separate biological depletion and ROU excluded,Suzano_2016_2025_cells.csv
Suzano,2020,Work in progress,accumulated_depreciation,0,BRL,thousands,consolidated,Suzano_2020_tenq.pdf,68,15,Own-year consolidated PPE note15; no physical age/life claim; separate biological depletion and ROU excluded,Suzano_2016_2025_cells.csv
Suzano,2020,Work in progress,net,883384,BRL,thousands,consolidated,Suzano_2020_tenq.pdf,68,15,Own-year consolidated PPE note15; no physical age/life claim; separate biological depletion and ROU excluded,Suzano_2016_2025_cells.csv
Suzano,2020,Work in progress,annual_ppe_depreciation,0,BRL,thousands,consolidated,Suzano_2020_tenq.pdf,68,15,Own-year consolidated PPE note15; no physical age/life claim; separate biological depletion and ROU excluded,Suzano_2016_2025_cells.csv
Suzano,2020,Other,gross_cost,1059595,BRL,thousands,consolidated,Suzano_2020_tenq.pdf,68,15,Own-year consolidated PPE note15; no physical age/life claim; separate biological depletion and ROU excluded,Suzano_2016_2025_cells.csv
Suzano,2020,Other,accumulated_depreciation,663665,BRL,thousands,consolidated,Suzano_2020_tenq.pdf,68,15,Own-year consolidated PPE note15; no physical age/life claim; separate biological depletion and ROU excluded,Suzano_2016_2025_cells.csv
Suzano,2020,Other,net,395930,BRL,thousands,consolidated,Suzano_2020_tenq.pdf,68,15,Own-year consolidated PPE note15; no physical age/life claim; separate biological depletion and ROU excluded,Suzano_2016_2025_cells.csv
Suzano,2020,Other,annual_ppe_depreciation,110012,BRL,thousands,consolidated,Suzano_2020_tenq.pdf,68,15,Own-year consolidated PPE note15; no physical age/life claim; separate biological depletion and ROU excluded,Suzano_2016_2025_cells.csv
Suzano,2021,Land,gross_cost,9791102,BRL,thousands,consolidated,Suzano_2021_tenq.pdf,68,15,Own-year consolidated PPE note15; no physical age/life claim; separate biological depletion and ROU excluded,Suzano_2016_2025_cells.csv
Suzano,2021,Land,accumulated_depreciation,0,BRL,thousands,consolidated,Suzano_2021_tenq.pdf,68,15,Own-year consolidated PPE note15; no physical age/life claim; separate biological depletion and ROU excluded,Suzano_2016_2025_cells.csv
Suzano,2021,Land,net,9791102,BRL,thousands,consolidated,Suzano_2021_tenq.pdf,68,15,Own-year consolidated PPE note15; no physical age/life claim; separate biological depletion and ROU excluded,Suzano_2016_2025_cells.csv
Suzano,2021,Land,annual_ppe_depreciation,0,BRL,thousands,consolidated,Suzano_2021_tenq.pdf,68,15,Own-year consolidated PPE note15; no physical age/life claim; separate biological depletion and ROU excluded,Suzano_2016_2025_cells.csv
Suzano,2021,Buildings,gross_cost,9415818,BRL,thousands,consolidated,Suzano_2021_tenq.pdf,68,15,Own-year consolidated PPE note15; no physical age/life claim; separate biological depletion and ROU excluded,Suzano_2016_2025_cells.csv
Suzano,2021,Buildings,accumulated_depreciation,3577097,BRL,thousands,consolidated,Suzano_2021_tenq.pdf,68,15,Own-year consolidated PPE note15; no physical age/life claim; separate biological depletion and ROU excluded,Suzano_2016_2025_cells.csv
Suzano,2021,Buildings,net,5838721,BRL,thousands,consolidated,Suzano_2021_tenq.pdf,68,15,Own-year consolidated PPE note15; no physical age/life claim; separate biological depletion and ROU excluded,Suzano_2016_2025_cells.csv
Suzano,2021,Buildings,annual_ppe_depreciation,331691,BRL,thousands,consolidated,Suzano_2021_tenq.pdf,68,15,Own-year consolidated PPE note15; no physical age/life claim; separate biological depletion and ROU excluded,Suzano_2016_2025_cells.csv
Suzano,2021,Machinery equipment facilities,gross_cost,43949632,BRL,thousands,consolidated,Suzano_2021_tenq.pdf,68,15,Own-year consolidated PPE note15; no physical age/life claim; separate biological depletion and ROU excluded,Suzano_2016_2025_cells.csv
Suzano,2021,Machinery equipment facilities,accumulated_depreciation,23344836,BRL,thousands,consolidated,Suzano_2021_tenq.pdf,68,15,Own-year consolidated PPE note15; no physical age/life claim; separate biological depletion and ROU excluded,Suzano_2016_2025_cells.csv
Suzano,2021,Machinery equipment facilities,net,20604796,BRL,thousands,consolidated,Suzano_2021_tenq.pdf,68,15,Own-year consolidated PPE note15; no physical age/life claim; separate biological depletion and ROU excluded,Suzano_2016_2025_cells.csv
Suzano,2021,Machinery equipment facilities,annual_ppe_depreciation,2356184,BRL,thousands,consolidated,Suzano_2021_tenq.pdf,68,15,Own-year consolidated PPE note15; no physical age/life claim; separate biological depletion and ROU excluded,Suzano_2016_2025_cells.csv
Suzano,2021,Work in progress,gross_cost,1603915,BRL,thousands,consolidated,Suzano_2021_tenq.pdf,68,15,Own-year consolidated PPE note15; no physical age/life claim; separate biological depletion and ROU excluded,Suzano_2016_2025_cells.csv
Suzano,2021,Work in progress,accumulated_depreciation,0,BRL,thousands,consolidated,Suzano_2021_tenq.pdf,68,15,Own-year consolidated PPE note15; no physical age/life claim; separate biological depletion and ROU excluded,Suzano_2016_2025_cells.csv
Suzano,2021,Work in progress,net,1603915,BRL,thousands,consolidated,Suzano_2021_tenq.pdf,68,15,Own-year consolidated PPE note15; no physical age/life claim; separate biological depletion and ROU excluded,Suzano_2016_2025_cells.csv
Suzano,2021,Work in progress,annual_ppe_depreciation,0,BRL,thousands,consolidated,Suzano_2021_tenq.pdf,68,15,Own-year consolidated PPE note15; no physical age/life claim; separate biological depletion and ROU excluded,Suzano_2016_2025_cells.csv
Suzano,2021,Other,gross_cost,1104601,BRL,thousands,consolidated,Suzano_2021_tenq.pdf,68,15,Own-year consolidated PPE note15; no physical age/life claim; separate biological depletion and ROU excluded,Suzano_2016_2025_cells.csv
Suzano,2021,Other,accumulated_depreciation,773432,BRL,thousands,consolidated,Suzano_2021_tenq.pdf,68,15,Own-year consolidated PPE note15; no physical age/life claim; separate biological depletion and ROU excluded,Suzano_2016_2025_cells.csv
Suzano,2021,Other,net,331169,BRL,thousands,consolidated,Suzano_2021_tenq.pdf,68,15,Own-year consolidated PPE note15; no physical age/life claim; separate biological depletion and ROU excluded,Suzano_2016_2025_cells.csv
Suzano,2021,Other,annual_ppe_depreciation,120796,BRL,thousands,consolidated,Suzano_2021_tenq.pdf,68,15,Own-year consolidated PPE note15; no physical age/life claim; separate biological depletion and ROU excluded,Suzano_2016_2025_cells.csv
Suzano,2022,Land,gross_cost,14486408,BRL,thousands,consolidated,Suzano_2022_tenq.pdf,61,15,Own-year consolidated PPE note15; no physical age/life claim; separate biological depletion and ROU excluded,Suzano_2016_2025_cells.csv
Suzano,2022,Land,accumulated_depreciation,0,BRL,thousands,consolidated,Suzano_2022_tenq.pdf,61,15,Own-year consolidated PPE note15; no physical age/life claim; separate biological depletion and ROU excluded,Suzano_2016_2025_cells.csv
Suzano,2022,Land,net,14486408,BRL,thousands,consolidated,Suzano_2022_tenq.pdf,61,15,Own-year consolidated PPE note15; no physical age/life claim; separate biological depletion and ROU excluded,Suzano_2016_2025_cells.csv
Suzano,2022,Land,annual_ppe_depreciation,0,BRL,thousands,consolidated,Suzano_2022_tenq.pdf,61,15,Own-year consolidated PPE note15; no physical age/life claim; separate biological depletion and ROU excluded,Suzano_2016_2025_cells.csv
Suzano,2022,Buildings,gross_cost,9644875,BRL,thousands,consolidated,Suzano_2022_tenq.pdf,61,15,Own-year consolidated PPE note15; no physical age/life claim; separate biological depletion and ROU excluded,Suzano_2016_2025_cells.csv
Suzano,2022,Buildings,accumulated_depreciation,3879898,BRL,thousands,consolidated,Suzano_2022_tenq.pdf,61,15,Own-year consolidated PPE note15; no physical age/life claim; separate biological depletion and ROU excluded,Suzano_2016_2025_cells.csv
Suzano,2022,Buildings,net,5764977,BRL,thousands,consolidated,Suzano_2022_tenq.pdf,61,15,Own-year consolidated PPE note15; no physical age/life claim; separate biological depletion and ROU excluded,Suzano_2016_2025_cells.csv
Suzano,2022,Buildings,annual_ppe_depreciation,310429,BRL,thousands,consolidated,Suzano_2022_tenq.pdf,61,15,Own-year consolidated PPE note15; no physical age/life claim; separate biological depletion and ROU excluded,Suzano_2016_2025_cells.csv
Suzano,2022,Machinery equipment facilities,gross_cost,45160365,BRL,thousands,consolidated,Suzano_2022_tenq.pdf,61,15,Own-year consolidated PPE note15; no physical age/life claim; separate biological depletion and ROU excluded,Suzano_2016_2025_cells.csv
Suzano,2022,Machinery equipment facilities,accumulated_depreciation,25541712,BRL,thousands,consolidated,Suzano_2022_tenq.pdf,61,15,Own-year consolidated PPE note15; no physical age/life claim; separate biological depletion and ROU excluded,Suzano_2016_2025_cells.csv
Suzano,2022,Machinery equipment facilities,net,19618653,BRL,thousands,consolidated,Suzano_2022_tenq.pdf,61,15,Own-year consolidated PPE note15; no physical age/life claim; separate biological depletion and ROU excluded,Suzano_2016_2025_cells.csv
Suzano,2022,Machinery equipment facilities,annual_ppe_depreciation,2367163,BRL,thousands,consolidated,Suzano_2022_tenq.pdf,61,15,Own-year consolidated PPE note15; no physical age/life claim; separate biological depletion and ROU excluded,Suzano_2016_2025_cells.csv
Suzano,2022,Work in progress,gross_cost,10373151,BRL,thousands,consolidated,Suzano_2022_tenq.pdf,61,15,Own-year consolidated PPE note15; no physical age/life claim; separate biological depletion and ROU excluded,Suzano_2016_2025_cells.csv
Suzano,2022,Work in progress,accumulated_depreciation,0,BRL,thousands,consolidated,Suzano_2022_tenq.pdf,61,15,Own-year consolidated PPE note15; no physical age/life claim; separate biological depletion and ROU excluded,Suzano_2016_2025_cells.csv
Suzano,2022,Work in progress,net,10373151,BRL,thousands,consolidated,Suzano_2022_tenq.pdf,61,15,Own-year consolidated PPE note15; no physical age/life claim; separate biological depletion and ROU excluded,Suzano_2016_2025_cells.csv
Suzano,2022,Work in progress,annual_ppe_depreciation,0,BRL,thousands,consolidated,Suzano_2022_tenq.pdf,61,15,Own-year consolidated PPE note15; no physical age/life claim; separate biological depletion and ROU excluded,Suzano_2016_2025_cells.csv
Suzano,2022,Other,gross_cost,1281328,BRL,thousands,consolidated,Suzano_2022_tenq.pdf,61,15,Own-year consolidated PPE note15; no physical age/life claim; separate biological depletion and ROU excluded,Suzano_2016_2025_cells.csv
Suzano,2022,Other,accumulated_depreciation,867883,BRL,thousands,consolidated,Suzano_2022_tenq.pdf,61,15,Own-year consolidated PPE note15; no physical age/life claim; separate biological depletion and ROU excluded,Suzano_2016_2025_cells.csv
Suzano,2022,Other,net,413445,BRL,thousands,consolidated,Suzano_2022_tenq.pdf,61,15,Own-year consolidated PPE note15; no physical age/life claim; separate biological depletion and ROU excluded,Suzano_2016_2025_cells.csv
Suzano,2022,Other,annual_ppe_depreciation,124464,BRL,thousands,consolidated,Suzano_2022_tenq.pdf,61,15,Own-year consolidated PPE note15; no physical age/life claim; separate biological depletion and ROU excluded,Suzano_2016_2025_cells.csv
Suzano,2023,Land,gross_cost,14859189,BRL,thousands,consolidated,Suzano_2023_tenq.pdf,62,15,Own-year consolidated PPE note15; no physical age/life claim; separate biological depletion and ROU excluded,Suzano_2016_2025_cells.csv
Suzano,2023,Land,accumulated_depreciation,0,BRL,thousands,consolidated,Suzano_2023_tenq.pdf,62,15,Own-year consolidated PPE note15; no physical age/life claim; separate biological depletion and ROU excluded,Suzano_2016_2025_cells.csv
Suzano,2023,Land,net,14859189,BRL,thousands,consolidated,Suzano_2023_tenq.pdf,62,15,Own-year consolidated PPE note15; no physical age/life claim; separate biological depletion and ROU excluded,Suzano_2016_2025_cells.csv
Suzano,2023,Land,annual_ppe_depreciation,0,BRL,thousands,consolidated,Suzano_2023_tenq.pdf,62,15,Own-year consolidated PPE note15; no physical age/life claim; separate biological depletion and ROU excluded,Suzano_2016_2025_cells.csv
Suzano,2023,Buildings,gross_cost,10032317,BRL,thousands,consolidated,Suzano_2023_tenq.pdf,62,15,Own-year consolidated PPE note15; no physical age/life claim; separate biological depletion and ROU excluded,Suzano_2016_2025_cells.csv
Suzano,2023,Buildings,accumulated_depreciation,4125823,BRL,thousands,consolidated,Suzano_2023_tenq.pdf,62,15,Own-year consolidated PPE note15; no physical age/life claim; separate biological depletion and ROU excluded,Suzano_2016_2025_cells.csv
Suzano,2023,Buildings,net,5906494,BRL,thousands,consolidated,Suzano_2023_tenq.pdf,62,15,Own-year consolidated PPE note15; no physical age/life claim; separate biological depletion and ROU excluded,Suzano_2016_2025_cells.csv
Suzano,2023,Buildings,annual_ppe_depreciation,313304,BRL,thousands,consolidated,Suzano_2023_tenq.pdf,62,15,Own-year consolidated PPE note15; no physical age/life claim; separate biological depletion and ROU excluded,Suzano_2016_2025_cells.csv
Suzano,2023,Machinery equipment facilities,gross_cost,48456537,BRL,thousands,consolidated,Suzano_2023_tenq.pdf,62,15,Own-year consolidated PPE note15; no physical age/life claim; separate biological depletion and ROU excluded,Suzano_2016_2025_cells.csv
Suzano,2023,Machinery equipment facilities,accumulated_depreciation,27918585,BRL,thousands,consolidated,Suzano_2023_tenq.pdf,62,15,Own-year consolidated PPE note15; no physical age/life claim; separate biological depletion and ROU excluded,Suzano_2016_2025_cells.csv
Suzano,2023,Machinery equipment facilities,net,20537952,BRL,thousands,consolidated,Suzano_2023_tenq.pdf,62,15,Own-year consolidated PPE note15; no physical age/life claim; separate biological depletion and ROU excluded,Suzano_2016_2025_cells.csv
Suzano,2023,Machinery equipment facilities,annual_ppe_depreciation,2570734,BRL,thousands,consolidated,Suzano_2023_tenq.pdf,62,15,Own-year consolidated PPE note15; no physical age/life claim; separate biological depletion and ROU excluded,Suzano_2016_2025_cells.csv
Suzano,2023,Work in progress,gross_cost,17485109,BRL,thousands,consolidated,Suzano_2023_tenq.pdf,62,15,Own-year consolidated PPE note15; no physical age/life claim; separate biological depletion and ROU excluded,Suzano_2016_2025_cells.csv
Suzano,2023,Work in progress,accumulated_depreciation,0,BRL,thousands,consolidated,Suzano_2023_tenq.pdf,62,15,Own-year consolidated PPE note15; no physical age/life claim; separate biological depletion and ROU excluded,Suzano_2016_2025_cells.csv
Suzano,2023,Work in progress,net,17485109,BRL,thousands,consolidated,Suzano_2023_tenq.pdf,62,15,Own-year consolidated PPE note15; no physical age/life claim; separate biological depletion and ROU excluded,Suzano_2016_2025_cells.csv
Suzano,2023,Work in progress,annual_ppe_depreciation,0,BRL,thousands,consolidated,Suzano_2023_tenq.pdf,62,15,Own-year consolidated PPE note15; no physical age/life claim; separate biological depletion and ROU excluded,Suzano_2016_2025_cells.csv
Suzano,2023,Other,gross_cost,1491663,BRL,thousands,consolidated,Suzano_2023_tenq.pdf,62,15,Own-year consolidated PPE note15; no physical age/life claim; separate biological depletion and ROU excluded,Suzano_2016_2025_cells.csv
Suzano,2023,Other,accumulated_depreciation,991338,BRL,thousands,consolidated,Suzano_2023_tenq.pdf,62,15,Own-year consolidated PPE note15; no physical age/life claim; separate biological depletion and ROU excluded,Suzano_2016_2025_cells.csv
Suzano,2023,Other,net,500325,BRL,thousands,consolidated,Suzano_2023_tenq.pdf,62,15,Own-year consolidated PPE note15; no physical age/life claim; separate biological depletion and ROU excluded,Suzano_2016_2025_cells.csv
Suzano,2023,Other,annual_ppe_depreciation,145092,BRL,thousands,consolidated,Suzano_2023_tenq.pdf,62,15,Own-year consolidated PPE note15; no physical age/life claim; separate biological depletion and ROU excluded,Suzano_2016_2025_cells.csv
Suzano,2024,Land,gross_cost,16775348,BRL,thousands,consolidated,Suzano_2024_tenq.pdf,65,15,Own-year consolidated PPE note15; no physical age/life claim; separate biological depletion and ROU excluded,Suzano_2016_2025_cells.csv
Suzano,2024,Land,accumulated_depreciation,0,BRL,thousands,consolidated,Suzano_2024_tenq.pdf,65,15,Own-year consolidated PPE note15; no physical age/life claim; separate biological depletion and ROU excluded,Suzano_2016_2025_cells.csv
Suzano,2024,Land,net,16775348,BRL,thousands,consolidated,Suzano_2024_tenq.pdf,65,15,Own-year consolidated PPE note15; no physical age/life claim; separate biological depletion and ROU excluded,Suzano_2016_2025_cells.csv
Suzano,2024,Land,annual_ppe_depreciation,0,BRL,thousands,consolidated,Suzano_2024_tenq.pdf,65,15,Own-year consolidated PPE note15; no physical age/life claim; separate biological depletion and ROU excluded,Suzano_2016_2025_cells.csv
Suzano,2024,Buildings,gross_cost,13816631,BRL,thousands,consolidated,Suzano_2024_tenq.pdf,65,15,Own-year consolidated PPE note15; no physical age/life claim; separate biological depletion and ROU excluded,Suzano_2016_2025_cells.csv
Suzano,2024,Buildings,accumulated_depreciation,4294038,BRL,thousands,consolidated,Suzano_2024_tenq.pdf,65,15,Own-year consolidated PPE note15; no physical age/life claim; separate biological depletion and ROU excluded,Suzano_2016_2025_cells.csv
Suzano,2024,Buildings,net,9522593,BRL,thousands,consolidated,Suzano_2024_tenq.pdf,65,15,Own-year consolidated PPE note15; no physical age/life claim; separate biological depletion and ROU excluded,Suzano_2016_2025_cells.csv
Suzano,2024,Buildings,annual_ppe_depreciation,366398,BRL,thousands,consolidated,Suzano_2024_tenq.pdf,65,15,Own-year consolidated PPE note15; no physical age/life claim; separate biological depletion and ROU excluded,Suzano_2016_2025_cells.csv
Suzano,2024,Machinery equipment facilities,gross_cost,62822096,BRL,thousands,consolidated,Suzano_2024_tenq.pdf,65,15,Own-year consolidated PPE note15; no physical age/life claim; separate biological depletion and ROU excluded,Suzano_2016_2025_cells.csv
Suzano,2024,Machinery equipment facilities,accumulated_depreciation,28541598,BRL,thousands,consolidated,Suzano_2024_tenq.pdf,65,15,Own-year consolidated PPE note15; no physical age/life claim; separate biological depletion and ROU excluded,Suzano_2016_2025_cells.csv
Suzano,2024,Machinery equipment facilities,net,34280498,BRL,thousands,consolidated,Suzano_2024_tenq.pdf,65,15,Own-year consolidated PPE note15; no physical age/life claim; separate biological depletion and ROU excluded,Suzano_2016_2025_cells.csv
Suzano,2024,Machinery equipment facilities,annual_ppe_depreciation,3214550,BRL,thousands,consolidated,Suzano_2024_tenq.pdf,65,15,Own-year consolidated PPE note15; no physical age/life claim; separate biological depletion and ROU excluded,Suzano_2016_2025_cells.csv
Suzano,2024,Work in progress,gross_cost,3510535,BRL,thousands,consolidated,Suzano_2024_tenq.pdf,65,15,Own-year consolidated PPE note15; no physical age/life claim; separate biological depletion and ROU excluded,Suzano_2016_2025_cells.csv
Suzano,2024,Work in progress,accumulated_depreciation,0,BRL,thousands,consolidated,Suzano_2024_tenq.pdf,65,15,Own-year consolidated PPE note15; no physical age/life claim; separate biological depletion and ROU excluded,Suzano_2016_2025_cells.csv
Suzano,2024,Work in progress,net,3510535,BRL,thousands,consolidated,Suzano_2024_tenq.pdf,65,15,Own-year consolidated PPE note15; no physical age/life claim; separate biological depletion and ROU excluded,Suzano_2016_2025_cells.csv
Suzano,2024,Work in progress,annual_ppe_depreciation,0,BRL,thousands,consolidated,Suzano_2024_tenq.pdf,65,15,Own-year consolidated PPE note15; no physical age/life claim; separate biological depletion and ROU excluded,Suzano_2016_2025_cells.csv
Suzano,2024,Other,gross_cost,1806592,BRL,thousands,consolidated,Suzano_2024_tenq.pdf,65,15,Own-year consolidated PPE note15; no physical age/life claim; separate biological depletion and ROU excluded,Suzano_2016_2025_cells.csv
Suzano,2024,Other,accumulated_depreciation,909526,BRL,thousands,consolidated,Suzano_2024_tenq.pdf,65,15,Own-year consolidated PPE note15; no physical age/life claim; separate biological depletion and ROU excluded,Suzano_2016_2025_cells.csv
Suzano,2024,Other,net,897066,BRL,thousands,consolidated,Suzano_2024_tenq.pdf,65,15,Own-year consolidated PPE note15; no physical age/life claim; separate biological depletion and ROU excluded,Suzano_2016_2025_cells.csv
Suzano,2024,Other,annual_ppe_depreciation,222993,BRL,thousands,consolidated,Suzano_2024_tenq.pdf,65,15,Own-year consolidated PPE note15; no physical age/life claim; separate biological depletion and ROU excluded,Suzano_2016_2025_cells.csv
Suzano,2025,Land,gross_cost,16720186,BRL,thousands,consolidated,Suzano_2025_tenq.pdf,125,15,Own-year consolidated PPE note15; no physical age/life claim; separate biological depletion and ROU excluded,Suzano_2016_2025_cells.csv
Suzano,2025,Land,accumulated_depreciation,0,BRL,thousands,consolidated,Suzano_2025_tenq.pdf,125,15,Own-year consolidated PPE note15; no physical age/life claim; separate biological depletion and ROU excluded,Suzano_2016_2025_cells.csv
Suzano,2025,Land,net,16720186,BRL,thousands,consolidated,Suzano_2025_tenq.pdf,125,15,Own-year consolidated PPE note15; no physical age/life claim; separate biological depletion and ROU excluded,Suzano_2016_2025_cells.csv
Suzano,2025,Land,annual_ppe_depreciation,0,BRL,thousands,consolidated,Suzano_2025_tenq.pdf,125,15,Own-year consolidated PPE note15; no physical age/life claim; separate biological depletion and ROU excluded,Suzano_2016_2025_cells.csv
Suzano,2025,Buildings,gross_cost,14589194,BRL,thousands,consolidated,Suzano_2025_tenq.pdf,125,15,Own-year consolidated PPE note15; no physical age/life claim; separate biological depletion and ROU excluded,Suzano_2016_2025_cells.csv
Suzano,2025,Buildings,accumulated_depreciation,4659310,BRL,thousands,consolidated,Suzano_2025_tenq.pdf,125,15,Own-year consolidated PPE note15; no physical age/life claim; separate biological depletion and ROU excluded,Suzano_2016_2025_cells.csv
Suzano,2025,Buildings,net,9929884,BRL,thousands,consolidated,Suzano_2025_tenq.pdf,125,15,Own-year consolidated PPE note15; no physical age/life claim; separate biological depletion and ROU excluded,Suzano_2016_2025_cells.csv
Suzano,2025,Buildings,annual_ppe_depreciation,434875,BRL,thousands,consolidated,Suzano_2025_tenq.pdf,125,15,Own-year consolidated PPE note15; no physical age/life claim; separate biological depletion and ROU excluded,Suzano_2016_2025_cells.csv
Suzano,2025,Machinery equipment facilities,gross_cost,66353229,BRL,thousands,consolidated,Suzano_2025_tenq.pdf,125,15,Own-year consolidated PPE note15; no physical age/life claim; separate biological depletion and ROU excluded,Suzano_2016_2025_cells.csv
Suzano,2025,Machinery equipment facilities,accumulated_depreciation,32174476,BRL,thousands,consolidated,Suzano_2025_tenq.pdf,125,15,Own-year consolidated PPE note15; no physical age/life claim; separate biological depletion and ROU excluded,Suzano_2016_2025_cells.csv
Suzano,2025,Machinery equipment facilities,net,34178753,BRL,thousands,consolidated,Suzano_2025_tenq.pdf,125,15,Own-year consolidated PPE note15; no physical age/life claim; separate biological depletion and ROU excluded,Suzano_2016_2025_cells.csv
Suzano,2025,Machinery equipment facilities,annual_ppe_depreciation,4123031,BRL,thousands,consolidated,Suzano_2025_tenq.pdf,125,15,Own-year consolidated PPE note15; no physical age/life claim; separate biological depletion and ROU excluded,Suzano_2016_2025_cells.csv
Suzano,2025,Work in progress,gross_cost,2764799,BRL,thousands,consolidated,Suzano_2025_tenq.pdf,125,15,Own-year consolidated PPE note15; no physical age/life claim; separate biological depletion and ROU excluded,Suzano_2016_2025_cells.csv
Suzano,2025,Work in progress,accumulated_depreciation,0,BRL,thousands,consolidated,Suzano_2025_tenq.pdf,125,15,Own-year consolidated PPE note15; no physical age/life claim; separate biological depletion and ROU excluded,Suzano_2016_2025_cells.csv
Suzano,2025,Work in progress,net,2764799,BRL,thousands,consolidated,Suzano_2025_tenq.pdf,125,15,Own-year consolidated PPE note15; no physical age/life claim; separate biological depletion and ROU excluded,Suzano_2016_2025_cells.csv
Suzano,2025,Work in progress,annual_ppe_depreciation,0,BRL,thousands,consolidated,Suzano_2025_tenq.pdf,125,15,Own-year consolidated PPE note15; no physical age/life claim; separate biological depletion and ROU excluded,Suzano_2016_2025_cells.csv
Suzano,2025,Other,gross_cost,1830011,BRL,thousands,consolidated,Suzano_2025_tenq.pdf,125,15,Own-year consolidated PPE note15; no physical age/life claim; separate biological depletion and ROU excluded,Suzano_2016_2025_cells.csv
Suzano,2025,Other,accumulated_depreciation,1127446,BRL,thousands,consolidated,Suzano_2025_tenq.pdf,125,15,Own-year consolidated PPE note15; no physical age/life claim; separate biological depletion and ROU excluded,Suzano_2016_2025_cells.csv
Suzano,2025,Other,net,702565,BRL,thousands,consolidated,Suzano_2025_tenq.pdf,125,15,Own-year consolidated PPE note15; no physical age/life claim; separate biological depletion and ROU excluded,Suzano_2016_2025_cells.csv
Suzano,2025,Other,annual_ppe_depreciation,287270,BRL,thousands,consolidated,Suzano_2025_tenq.pdf,125,15,Own-year consolidated PPE note15; no physical age/life claim; separate biological depletion and ROU excluded,Suzano_2016_2025_cells.csv
Gerdau,2016,Terrenos prédios e construções (combined),gross_cost,9483753,BRL,thousands,consolidated,Gerdau_2016_DFP.pdf,53,10,LAND NOT SEPARABLE; annual charge combines depreciation and depletion; gross may be impairment-adjusted; separate ROU excluded; no exact depreciable aggregate or physical age/life,Gerdau_2016_2025_cells.csv
Gerdau,2016,Terrenos prédios e construções (combined),accumulated_depreciation,3898671,BRL,thousands,consolidated,Gerdau_2016_DFP.pdf,53,10,LAND NOT SEPARABLE; annual charge combines depreciation and depletion; gross may be impairment-adjusted; separate ROU excluded; no exact depreciable aggregate or physical age/life,Gerdau_2016_2025_cells.csv
Gerdau,2016,Terrenos prédios e construções (combined),net,5585082,BRL,thousands,consolidated,Gerdau_2016_DFP.pdf,53,10,LAND NOT SEPARABLE; annual charge combines depreciation and depletion; gross may be impairment-adjusted; separate ROU excluded; no exact depreciable aggregate or physical age/life,Gerdau_2016_2025_cells.csv
Gerdau,2016,Terrenos prédios e construções (combined),annual_ppe_depreciation_depletion,334365,BRL,thousands,consolidated,Gerdau_2016_DFP.pdf,53,10,LAND NOT SEPARABLE; annual charge combines depreciation and depletion; gross may be impairment-adjusted; separate ROU excluded; no exact depreciable aggregate or physical age/life,Gerdau_2016_2025_cells.csv
Gerdau,2016,Máquinas equipamentos e instalações,gross_cost,30633880,BRL,thousands,consolidated,Gerdau_2016_DFP.pdf,53,10,LAND NOT SEPARABLE; annual charge combines depreciation and depletion; gross may be impairment-adjusted; separate ROU excluded; no exact depreciable aggregate or physical age/life,Gerdau_2016_2025_cells.csv
Gerdau,2016,Máquinas equipamentos e instalações,accumulated_depreciation,19604579,BRL,thousands,consolidated,Gerdau_2016_DFP.pdf,53,10,LAND NOT SEPARABLE; annual charge combines depreciation and depletion; gross may be impairment-adjusted; separate ROU excluded; no exact depreciable aggregate or physical age/life,Gerdau_2016_2025_cells.csv
Gerdau,2016,Máquinas equipamentos e instalações,net,11029301,BRL,thousands,consolidated,Gerdau_2016_DFP.pdf,53,10,LAND NOT SEPARABLE; annual charge combines depreciation and depletion; gross may be impairment-adjusted; separate ROU excluded; no exact depreciable aggregate or physical age/life,Gerdau_2016_2025_cells.csv
Gerdau,2016,Máquinas equipamentos e instalações,annual_ppe_depreciation_depletion,1738759,BRL,thousands,consolidated,Gerdau_2016_DFP.pdf,53,10,LAND NOT SEPARABLE; annual charge combines depreciation and depletion; gross may be impairment-adjusted; separate ROU excluded; no exact depreciable aggregate or physical age/life,Gerdau_2016_2025_cells.csv
Gerdau,2016,Equipamento eletrônico de dados,gross_cost,762074,BRL,thousands,consolidated,Gerdau_2016_DFP.pdf,53,10,LAND NOT SEPARABLE; annual charge combines depreciation and depletion; gross may be impairment-adjusted; separate ROU excluded; no exact depreciable aggregate or physical age/life,Gerdau_2016_2025_cells.csv
Gerdau,2016,Equipamento eletrônico de dados,accumulated_depreciation,649642,BRL,thousands,consolidated,Gerdau_2016_DFP.pdf,53,10,LAND NOT SEPARABLE; annual charge combines depreciation and depletion; gross may be impairment-adjusted; separate ROU excluded; no exact depreciable aggregate or physical age/life,Gerdau_2016_2025_cells.csv
Gerdau,2016,Equipamento eletrônico de dados,net,112432,BRL,thousands,consolidated,Gerdau_2016_DFP.pdf,53,10,LAND NOT SEPARABLE; annual charge combines depreciation and depletion; gross may be impairment-adjusted; separate ROU excluded; no exact depreciable aggregate or physical age/life,Gerdau_2016_2025_cells.csv
Gerdau,2016,Equipamento eletrônico de dados,annual_ppe_depreciation_depletion,44437,BRL,thousands,consolidated,Gerdau_2016_DFP.pdf,53,10,LAND NOT SEPARABLE; annual charge combines depreciation and depletion; gross may be impairment-adjusted; separate ROU excluded; no exact depreciable aggregate or physical age/life,Gerdau_2016_2025_cells.csv
Gerdau,2016,Imobilizado em construção,gross_cost,1762648,BRL,thousands,consolidated,Gerdau_2016_DFP.pdf,53,10,LAND NOT SEPARABLE; annual charge combines depreciation and depletion; gross may be impairment-adjusted; separate ROU excluded; no exact depreciable aggregate or physical age/life,Gerdau_2016_2025_cells.csv
Gerdau,2016,Imobilizado em construção,accumulated_depreciation,0,BRL,thousands,consolidated,Gerdau_2016_DFP.pdf,53,10,LAND NOT SEPARABLE; annual charge combines depreciation and depletion; gross may be impairment-adjusted; separate ROU excluded; no exact depreciable aggregate or physical age/life,Gerdau_2016_2025_cells.csv
Gerdau,2016,Imobilizado em construção,net,1762648,BRL,thousands,consolidated,Gerdau_2016_DFP.pdf,53,10,LAND NOT SEPARABLE; annual charge combines depreciation and depletion; gross may be impairment-adjusted; separate ROU excluded; no exact depreciable aggregate or physical age/life,Gerdau_2016_2025_cells.csv
Gerdau,2016,Imobilizado em construção,annual_ppe_depreciation_depletion,0,BRL,thousands,consolidated,Gerdau_2016_DFP.pdf,53,10,LAND NOT SEPARABLE; annual charge combines depreciation and depletion; gross may be impairment-adjusted; separate ROU excluded; no exact depreciable aggregate or physical age/life,Gerdau_2016_2025_cells.csv
Gerdau,2016,Outros,gross_cost,1359244,BRL,thousands,consolidated,Gerdau_2016_DFP.pdf,53,10,LAND NOT SEPARABLE; annual charge combines depreciation and depletion; gross may be impairment-adjusted; separate ROU excluded; no exact depreciable aggregate or physical age/life,Gerdau_2016_2025_cells.csv
Gerdau,2016,Outros,accumulated_depreciation,496816,BRL,thousands,consolidated,Gerdau_2016_DFP.pdf,53,10,LAND NOT SEPARABLE; annual charge combines depreciation and depletion; gross may be impairment-adjusted; separate ROU excluded; no exact depreciable aggregate or physical age/life,Gerdau_2016_2025_cells.csv
Gerdau,2016,Outros,net,862428,BRL,thousands,consolidated,Gerdau_2016_DFP.pdf,53,10,LAND NOT SEPARABLE; annual charge combines depreciation and depletion; gross may be impairment-adjusted; separate ROU excluded; no exact depreciable aggregate or physical age/life,Gerdau_2016_2025_cells.csv
Gerdau,2016,Outros,annual_ppe_depreciation_depletion,100259,BRL,thousands,consolidated,Gerdau_2016_DFP.pdf,53,10,LAND NOT SEPARABLE; annual charge combines depreciation and depletion; gross may be impairment-adjusted; separate ROU excluded; no exact depreciable aggregate or physical age/life,Gerdau_2016_2025_cells.csv
Gerdau,2017,Terrenos prédios e construções (combined),gross_cost,9085698,BRL,thousands,consolidated,Gerdau_2017_DFP.pdf,53,10,LAND NOT SEPARABLE; annual charge combines depreciation and depletion; gross may be impairment-adjusted; separate ROU excluded; no exact depreciable aggregate or physical age/life,Gerdau_2016_2025_cells.csv
Gerdau,2017,Terrenos prédios e construções (combined),accumulated_depreciation,3915023,BRL,thousands,consolidated,Gerdau_2017_DFP.pdf,53,10,LAND NOT SEPARABLE; annual charge combines depreciation and depletion; gross may be impairment-adjusted; separate ROU excluded; no exact depreciable aggregate or physical age/life,Gerdau_2016_2025_cells.csv
Gerdau,2017,Terrenos prédios e construções (combined),net,5170675,BRL,thousands,consolidated,Gerdau_2017_DFP.pdf,53,10,LAND NOT SEPARABLE; annual charge combines depreciation and depletion; gross may be impairment-adjusted; separate ROU excluded; no exact depreciable aggregate or physical age/life,Gerdau_2016_2025_cells.csv
Gerdau,2017,Terrenos prédios e construções (combined),annual_ppe_depreciation_depletion,343373,BRL,thousands,consolidated,Gerdau_2017_DFP.pdf,54,10,LAND NOT SEPARABLE; annual charge combines depreciation and depletion; gross may be impairment-adjusted; separate ROU excluded; no exact depreciable aggregate or physical age/life,Gerdau_2016_2025_cells.csv
Gerdau,2017,Máquinas equipamentos e instalações,gross_cost,28016604,BRL,thousands,consolidated,Gerdau_2017_DFP.pdf,53,10,LAND NOT SEPARABLE; annual charge combines depreciation and depletion; gross may be impairment-adjusted; separate ROU excluded; no exact depreciable aggregate or physical age/life,Gerdau_2016_2025_cells.csv
Gerdau,2017,Máquinas equipamentos e instalações,accumulated_depreciation,18576836,BRL,thousands,consolidated,Gerdau_2017_DFP.pdf,53,10,LAND NOT SEPARABLE; annual charge combines depreciation and depletion; gross may be impairment-adjusted; separate ROU excluded; no exact depreciable aggregate or physical age/life,Gerdau_2016_2025_cells.csv
Gerdau,2017,Máquinas equipamentos e instalações,net,9439768,BRL,thousands,consolidated,Gerdau_2017_DFP.pdf,53,10,LAND NOT SEPARABLE; annual charge combines depreciation and depletion; gross may be impairment-adjusted; separate ROU excluded; no exact depreciable aggregate or physical age/life,Gerdau_2016_2025_cells.csv
Gerdau,2017,Máquinas equipamentos e instalações,annual_ppe_depreciation_depletion,1361561,BRL,thousands,consolidated,Gerdau_2017_DFP.pdf,54,10,LAND NOT SEPARABLE; annual charge combines depreciation and depletion; gross may be impairment-adjusted; separate ROU excluded; no exact depreciable aggregate or physical age/life,Gerdau_2016_2025_cells.csv
Gerdau,2017,Equipamento eletrônico de dados,gross_cost,711638,BRL,thousands,consolidated,Gerdau_2017_DFP.pdf,53,10,LAND NOT SEPARABLE; annual charge combines depreciation and depletion; gross may be impairment-adjusted; separate ROU excluded; no exact depreciable aggregate or physical age/life,Gerdau_2016_2025_cells.csv
Gerdau,2017,Equipamento eletrônico de dados,accumulated_depreciation,622234,BRL,thousands,consolidated,Gerdau_2017_DFP.pdf,53,10,LAND NOT SEPARABLE; annual charge combines depreciation and depletion; gross may be impairment-adjusted; separate ROU excluded; no exact depreciable aggregate or physical age/life,Gerdau_2016_2025_cells.csv
Gerdau,2017,Equipamento eletrônico de dados,net,89404,BRL,thousands,consolidated,Gerdau_2017_DFP.pdf,53,10,LAND NOT SEPARABLE; annual charge combines depreciation and depletion; gross may be impairment-adjusted; separate ROU excluded; no exact depreciable aggregate or physical age/life,Gerdau_2016_2025_cells.csv
Gerdau,2017,Equipamento eletrônico de dados,annual_ppe_depreciation_depletion,40915,BRL,thousands,consolidated,Gerdau_2017_DFP.pdf,54,10,LAND NOT SEPARABLE; annual charge combines depreciation and depletion; gross may be impairment-adjusted; separate ROU excluded; no exact depreciable aggregate or physical age/life,Gerdau_2016_2025_cells.csv
Gerdau,2017,Imobilizado em construção,gross_cost,950680,BRL,thousands,consolidated,Gerdau_2017_DFP.pdf,53,10,LAND NOT SEPARABLE; annual charge combines depreciation and depletion; gross may be impairment-adjusted; separate ROU excluded; no exact depreciable aggregate or physical age/life,Gerdau_2016_2025_cells.csv
Gerdau,2017,Imobilizado em construção,accumulated_depreciation,0,BRL,thousands,consolidated,Gerdau_2017_DFP.pdf,53,10,LAND NOT SEPARABLE; annual charge combines depreciation and depletion; gross may be impairment-adjusted; separate ROU excluded; no exact depreciable aggregate or physical age/life,Gerdau_2016_2025_cells.csv
Gerdau,2017,Imobilizado em construção,net,950680,BRL,thousands,consolidated,Gerdau_2017_DFP.pdf,53,10,LAND NOT SEPARABLE; annual charge combines depreciation and depletion; gross may be impairment-adjusted; separate ROU excluded; no exact depreciable aggregate or physical age/life,Gerdau_2016_2025_cells.csv
Gerdau,2017,Imobilizado em construção,annual_ppe_depreciation_depletion,0,BRL,thousands,consolidated,Gerdau_2017_DFP.pdf,54,10,LAND NOT SEPARABLE; annual charge combines depreciation and depletion; gross may be impairment-adjusted; separate ROU excluded; no exact depreciable aggregate or physical age/life,Gerdau_2016_2025_cells.csv
Gerdau,2017,Outros,gross_cost,1175697,BRL,thousands,consolidated,Gerdau_2017_DFP.pdf,53,10,LAND NOT SEPARABLE; annual charge combines depreciation and depletion; gross may be impairment-adjusted; separate ROU excluded; no exact depreciable aggregate or physical age/life,Gerdau_2016_2025_cells.csv
Gerdau,2017,Outros,accumulated_depreciation,382482,BRL,thousands,consolidated,Gerdau_2017_DFP.pdf,53,10,LAND NOT SEPARABLE; annual charge combines depreciation and depletion; gross may be impairment-adjusted; separate ROU excluded; no exact depreciable aggregate or physical age/life,Gerdau_2016_2025_cells.csv
Gerdau,2017,Outros,net,793215,BRL,thousands,consolidated,Gerdau_2017_DFP.pdf,53,10,LAND NOT SEPARABLE; annual charge combines depreciation and depletion; gross may be impairment-adjusted; separate ROU excluded; no exact depreciable aggregate or physical age/life,Gerdau_2016_2025_cells.csv
Gerdau,2017,Outros,annual_ppe_depreciation_depletion,61506,BRL,thousands,consolidated,Gerdau_2017_DFP.pdf,54,10,LAND NOT SEPARABLE; annual charge combines depreciation and depletion; gross may be impairment-adjusted; separate ROU excluded; no exact depreciable aggregate or physical age/life,Gerdau_2016_2025_cells.csv
Gerdau,2018,Terrenos prédios e construções (combined),gross_cost,8700749,BRL,thousands,consolidated,Gerdau_2018_DFP.pdf,59,10,LAND NOT SEPARABLE; annual charge combines depreciation and depletion; gross may be impairment-adjusted; separate ROU excluded; no exact depreciable aggregate or physical age/life,Gerdau_2016_2025_cells.csv
Gerdau,2018,Terrenos prédios e construções (combined),accumulated_depreciation,4181805,BRL,thousands,consolidated,Gerdau_2018_DFP.pdf,59,10,LAND NOT SEPARABLE; annual charge combines depreciation and depletion; gross may be impairment-adjusted; separate ROU excluded; no exact depreciable aggregate or physical age/life,Gerdau_2016_2025_cells.csv
Gerdau,2018,Terrenos prédios e construções (combined),net,4518944,BRL,thousands,consolidated,Gerdau_2018_DFP.pdf,59,10,LAND NOT SEPARABLE; annual charge combines depreciation and depletion; gross may be impairment-adjusted; separate ROU excluded; no exact depreciable aggregate or physical age/life,Gerdau_2016_2025_cells.csv
Gerdau,2018,Terrenos prédios e construções (combined),annual_ppe_depreciation_depletion,291315,BRL,thousands,consolidated,Gerdau_2018_DFP.pdf,59,10,LAND NOT SEPARABLE; annual charge combines depreciation and depletion; gross may be impairment-adjusted; separate ROU excluded; no exact depreciable aggregate or physical age/life,Gerdau_2016_2025_cells.csv
Gerdau,2018,Máquinas equipamentos e instalações,gross_cost,29608998,BRL,thousands,consolidated,Gerdau_2018_DFP.pdf,59,10,LAND NOT SEPARABLE; annual charge combines depreciation and depletion; gross may be impairment-adjusted; separate ROU excluded; no exact depreciable aggregate or physical age/life,Gerdau_2016_2025_cells.csv
Gerdau,2018,Máquinas equipamentos e instalações,accumulated_depreciation,20366821,BRL,thousands,consolidated,Gerdau_2018_DFP.pdf,59,10,LAND NOT SEPARABLE; annual charge combines depreciation and depletion; gross may be impairment-adjusted; separate ROU excluded; no exact depreciable aggregate or physical age/life,Gerdau_2016_2025_cells.csv
Gerdau,2018,Máquinas equipamentos e instalações,net,9242177,BRL,thousands,consolidated,Gerdau_2018_DFP.pdf,59,10,LAND NOT SEPARABLE; annual charge combines depreciation and depletion; gross may be impairment-adjusted; separate ROU excluded; no exact depreciable aggregate or physical age/life,Gerdau_2016_2025_cells.csv
Gerdau,2018,Máquinas equipamentos e instalações,annual_ppe_depreciation_depletion,1128138,BRL,thousands,consolidated,Gerdau_2018_DFP.pdf,59,10,LAND NOT SEPARABLE; annual charge combines depreciation and depletion; gross may be impairment-adjusted; separate ROU excluded; no exact depreciable aggregate or physical age/life,Gerdau_2016_2025_cells.csv
Gerdau,2018,Equipamento eletrônico de dados,gross_cost,753078,BRL,thousands,consolidated,Gerdau_2018_DFP.pdf,59,10,LAND NOT SEPARABLE; annual charge combines depreciation and depletion; gross may be impairment-adjusted; separate ROU excluded; no exact depreciable aggregate or physical age/life,Gerdau_2016_2025_cells.csv
Gerdau,2018,Equipamento eletrônico de dados,accumulated_depreciation,686946,BRL,thousands,consolidated,Gerdau_2018_DFP.pdf,59,10,LAND NOT SEPARABLE; annual charge combines depreciation and depletion; gross may be impairment-adjusted; separate ROU excluded; no exact depreciable aggregate or physical age/life,Gerdau_2016_2025_cells.csv
Gerdau,2018,Equipamento eletrônico de dados,net,66132,BRL,thousands,consolidated,Gerdau_2018_DFP.pdf,59,10,LAND NOT SEPARABLE; annual charge combines depreciation and depletion; gross may be impairment-adjusted; separate ROU excluded; no exact depreciable aggregate or physical age/life,Gerdau_2016_2025_cells.csv
Gerdau,2018,Equipamento eletrônico de dados,annual_ppe_depreciation_depletion,34814,BRL,thousands,consolidated,Gerdau_2018_DFP.pdf,59,10,LAND NOT SEPARABLE; annual charge combines depreciation and depletion; gross may be impairment-adjusted; separate ROU excluded; no exact depreciable aggregate or physical age/life,Gerdau_2016_2025_cells.csv
Gerdau,2018,Imobilizado em construção,gross_cost,1021247,BRL,thousands,consolidated,Gerdau_2018_DFP.pdf,59,10,LAND NOT SEPARABLE; annual charge combines depreciation and depletion; gross may be impairment-adjusted; separate ROU excluded; no exact depreciable aggregate or physical age/life,Gerdau_2016_2025_cells.csv
Gerdau,2018,Imobilizado em construção,accumulated_depreciation,0,BRL,thousands,consolidated,Gerdau_2018_DFP.pdf,59,10,LAND NOT SEPARABLE; annual charge combines depreciation and depletion; gross may be impairment-adjusted; separate ROU excluded; no exact depreciable aggregate or physical age/life,Gerdau_2016_2025_cells.csv
Gerdau,2018,Imobilizado em construção,net,1021247,BRL,thousands,consolidated,Gerdau_2018_DFP.pdf,59,10,LAND NOT SEPARABLE; annual charge combines depreciation and depletion; gross may be impairment-adjusted; separate ROU excluded; no exact depreciable aggregate or physical age/life,Gerdau_2016_2025_cells.csv
Gerdau,2018,Imobilizado em construção,annual_ppe_depreciation_depletion,0,BRL,thousands,consolidated,Gerdau_2018_DFP.pdf,59,10,LAND NOT SEPARABLE; annual charge combines depreciation and depletion; gross may be impairment-adjusted; separate ROU excluded; no exact depreciable aggregate or physical age/life,Gerdau_2016_2025_cells.csv
Gerdau,2018,Outros,gross_cost,988112,BRL,thousands,consolidated,Gerdau_2018_DFP.pdf,59,10,LAND NOT SEPARABLE; annual charge combines depreciation and depletion; gross may be impairment-adjusted; separate ROU excluded; no exact depreciable aggregate or physical age/life,Gerdau_2016_2025_cells.csv
Gerdau,2018,Outros,accumulated_depreciation,290133,BRL,thousands,consolidated,Gerdau_2018_DFP.pdf,59,10,LAND NOT SEPARABLE; annual charge combines depreciation and depletion; gross may be impairment-adjusted; separate ROU excluded; no exact depreciable aggregate or physical age/life,Gerdau_2016_2025_cells.csv
Gerdau,2018,Outros,net,697979,BRL,thousands,consolidated,Gerdau_2018_DFP.pdf,59,10,LAND NOT SEPARABLE; annual charge combines depreciation and depletion; gross may be impairment-adjusted; separate ROU excluded; no exact depreciable aggregate or physical age/life,Gerdau_2016_2025_cells.csv
Gerdau,2018,Outros,annual_ppe_depreciation_depletion,130611,BRL,thousands,consolidated,Gerdau_2018_DFP.pdf,59,10,LAND NOT SEPARABLE; annual charge combines depreciation and depletion; gross may be impairment-adjusted; separate ROU excluded; no exact depreciable aggregate or physical age/life,Gerdau_2016_2025_cells.csv
Gerdau,2019,Terrenos prédios e construções (combined),gross_cost,8912943,BRL,thousands,consolidated,Gerdau_2019_DFP.pdf,46,10,LAND NOT SEPARABLE; annual charge combines depreciation and depletion; gross may be impairment-adjusted; separate ROU excluded; no exact depreciable aggregate or physical age/life,Gerdau_2016_2025_cells.csv
Gerdau,2019,Terrenos prédios e construções (combined),accumulated_depreciation,4513462,BRL,thousands,consolidated,Gerdau_2019_DFP.pdf,46,10,LAND NOT SEPARABLE; annual charge combines depreciation and depletion; gross may be impairment-adjusted; separate ROU excluded; no exact depreciable aggregate or physical age/life,Gerdau_2016_2025_cells.csv
Gerdau,2019,Terrenos prédios e construções (combined),net,4399481,BRL,thousands,consolidated,Gerdau_2019_DFP.pdf,46,10,LAND NOT SEPARABLE; annual charge combines depreciation and depletion; gross may be impairment-adjusted; separate ROU excluded; no exact depreciable aggregate or physical age/life,Gerdau_2016_2025_cells.csv
Gerdau,2019,Terrenos prédios e construções (combined),annual_ppe_depreciation_depletion,295615,BRL,thousands,consolidated,Gerdau_2019_DFP.pdf,47,10,LAND NOT SEPARABLE; annual charge combines depreciation and depletion; gross may be impairment-adjusted; separate ROU excluded; no exact depreciable aggregate or physical age/life,Gerdau_2016_2025_cells.csv
Gerdau,2019,Máquinas equipamentos e instalações,gross_cost,31031208,BRL,thousands,consolidated,Gerdau_2019_DFP.pdf,46,10,LAND NOT SEPARABLE; annual charge combines depreciation and depletion; gross may be impairment-adjusted; separate ROU excluded; no exact depreciable aggregate or physical age/life,Gerdau_2016_2025_cells.csv
Gerdau,2019,Máquinas equipamentos e instalações,accumulated_depreciation,21841411,BRL,thousands,consolidated,Gerdau_2019_DFP.pdf,46,10,LAND NOT SEPARABLE; annual charge combines depreciation and depletion; gross may be impairment-adjusted; separate ROU excluded; no exact depreciable aggregate or physical age/life,Gerdau_2016_2025_cells.csv
Gerdau,2019,Máquinas equipamentos e instalações,net,9189797,BRL,thousands,consolidated,Gerdau_2019_DFP.pdf,46,10,LAND NOT SEPARABLE; annual charge combines depreciation and depletion; gross may be impairment-adjusted; separate ROU excluded; no exact depreciable aggregate or physical age/life,Gerdau_2016_2025_cells.csv
Gerdau,2019,Máquinas equipamentos e instalações,annual_ppe_depreciation_depletion,1136040,BRL,thousands,consolidated,Gerdau_2019_DFP.pdf,47,10,LAND NOT SEPARABLE; annual charge combines depreciation and depletion; gross may be impairment-adjusted; separate ROU excluded; no exact depreciable aggregate or physical age/life,Gerdau_2016_2025_cells.csv
Gerdau,2019,Equipamento eletrônico de dados,gross_cost,802549,BRL,thousands,consolidated,Gerdau_2019_DFP.pdf,46,10,LAND NOT SEPARABLE; annual charge combines depreciation and depletion; gross may be impairment-adjusted; separate ROU excluded; no exact depreciable aggregate or physical age/life,Gerdau_2016_2025_cells.csv
Gerdau,2019,Equipamento eletrônico de dados,accumulated_depreciation,730422,BRL,thousands,consolidated,Gerdau_2019_DFP.pdf,46,10,LAND NOT SEPARABLE; annual charge combines depreciation and depletion; gross may be impairment-adjusted; separate ROU excluded; no exact depreciable aggregate or physical age/life,Gerdau_2016_2025_cells.csv
Gerdau,2019,Equipamento eletrônico de dados,net,72127,BRL,thousands,consolidated,Gerdau_2019_DFP.pdf,46,10,LAND NOT SEPARABLE; annual charge combines depreciation and depletion; gross may be impairment-adjusted; separate ROU excluded; no exact depreciable aggregate or physical age/life,Gerdau_2016_2025_cells.csv
Gerdau,2019,Equipamento eletrônico de dados,annual_ppe_depreciation_depletion,33143,BRL,thousands,consolidated,Gerdau_2019_DFP.pdf,47,10,LAND NOT SEPARABLE; annual charge combines depreciation and depletion; gross may be impairment-adjusted; separate ROU excluded; no exact depreciable aggregate or physical age/life,Gerdau_2016_2025_cells.csv
Gerdau,2019,Imobilizado em construção,gross_cost,1515729,BRL,thousands,consolidated,Gerdau_2019_DFP.pdf,46,10,LAND NOT SEPARABLE; annual charge combines depreciation and depletion; gross may be impairment-adjusted; separate ROU excluded; no exact depreciable aggregate or physical age/life,Gerdau_2016_2025_cells.csv
Gerdau,2019,Imobilizado em construção,accumulated_depreciation,0,BRL,thousands,consolidated,Gerdau_2019_DFP.pdf,46,10,LAND NOT SEPARABLE; annual charge combines depreciation and depletion; gross may be impairment-adjusted; separate ROU excluded; no exact depreciable aggregate or physical age/life,Gerdau_2016_2025_cells.csv
Gerdau,2019,Imobilizado em construção,net,1515729,BRL,thousands,consolidated,Gerdau_2019_DFP.pdf,46,10,LAND NOT SEPARABLE; annual charge combines depreciation and depletion; gross may be impairment-adjusted; separate ROU excluded; no exact depreciable aggregate or physical age/life,Gerdau_2016_2025_cells.csv
Gerdau,2019,Imobilizado em construção,annual_ppe_depreciation_depletion,0,BRL,thousands,consolidated,Gerdau_2019_DFP.pdf,47,10,LAND NOT SEPARABLE; annual charge combines depreciation and depletion; gross may be impairment-adjusted; separate ROU excluded; no exact depreciable aggregate or physical age/life,Gerdau_2016_2025_cells.csv
Gerdau,2019,Outros,gross_cost,1029408,BRL,thousands,consolidated,Gerdau_2019_DFP.pdf,46,10,LAND NOT SEPARABLE; annual charge combines depreciation and depletion; gross may be impairment-adjusted; separate ROU excluded; no exact depreciable aggregate or physical age/life,Gerdau_2016_2025_cells.csv
Gerdau,2019,Outros,accumulated_depreciation,305049,BRL,thousands,consolidated,Gerdau_2019_DFP.pdf,46,10,LAND NOT SEPARABLE; annual charge combines depreciation and depletion; gross may be impairment-adjusted; separate ROU excluded; no exact depreciable aggregate or physical age/life,Gerdau_2016_2025_cells.csv
Gerdau,2019,Outros,net,724359,BRL,thousands,consolidated,Gerdau_2019_DFP.pdf,46,10,LAND NOT SEPARABLE; annual charge combines depreciation and depletion; gross may be impairment-adjusted; separate ROU excluded; no exact depreciable aggregate or physical age/life,Gerdau_2016_2025_cells.csv
Gerdau,2019,Outros,annual_ppe_depreciation_depletion,112384,BRL,thousands,consolidated,Gerdau_2019_DFP.pdf,47,10,LAND NOT SEPARABLE; annual charge combines depreciation and depletion; gross may be impairment-adjusted; separate ROU excluded; no exact depreciable aggregate or physical age/life,Gerdau_2016_2025_cells.csv
Gerdau,2020,Terrenos prédios e construções (combined),gross_cost,9939856,BRL,thousands,consolidated,Gerdau_2020_DFP.pdf,64,10,LAND NOT SEPARABLE; annual charge combines depreciation and depletion; gross may be impairment-adjusted; separate ROU excluded; no exact depreciable aggregate or physical age/life,Gerdau_2016_2025_cells.csv
Gerdau,2020,Terrenos prédios e construções (combined),accumulated_depreciation,5144539,BRL,thousands,consolidated,Gerdau_2020_DFP.pdf,64,10,LAND NOT SEPARABLE; annual charge combines depreciation and depletion; gross may be impairment-adjusted; separate ROU excluded; no exact depreciable aggregate or physical age/life,Gerdau_2016_2025_cells.csv
Gerdau,2020,Terrenos prédios e construções (combined),net,4795317,BRL,thousands,consolidated,Gerdau_2020_DFP.pdf,64,10,LAND NOT SEPARABLE; annual charge combines depreciation and depletion; gross may be impairment-adjusted; separate ROU excluded; no exact depreciable aggregate or physical age/life,Gerdau_2016_2025_cells.csv
Gerdau,2020,Terrenos prédios e construções (combined),annual_ppe_depreciation_depletion,413252,BRL,thousands,consolidated,Gerdau_2020_DFP.pdf,65,10,LAND NOT SEPARABLE; annual charge combines depreciation and depletion; gross may be impairment-adjusted; separate ROU excluded; no exact depreciable aggregate or physical age/life,Gerdau_2016_2025_cells.csv
Gerdau,2020,Máquinas equipamentos e instalações,gross_cost,34900469,BRL,thousands,consolidated,Gerdau_2020_DFP.pdf,64,10,LAND NOT SEPARABLE; annual charge combines depreciation and depletion; gross may be impairment-adjusted; separate ROU excluded; no exact depreciable aggregate or physical age/life,Gerdau_2016_2025_cells.csv
Gerdau,2020,Máquinas equipamentos e instalações,accumulated_depreciation,25534221,BRL,thousands,consolidated,Gerdau_2020_DFP.pdf,64,10,LAND NOT SEPARABLE; annual charge combines depreciation and depletion; gross may be impairment-adjusted; separate ROU excluded; no exact depreciable aggregate or physical age/life,Gerdau_2016_2025_cells.csv
Gerdau,2020,Máquinas equipamentos e instalações,net,9366248,BRL,thousands,consolidated,Gerdau_2020_DFP.pdf,64,10,LAND NOT SEPARABLE; annual charge combines depreciation and depletion; gross may be impairment-adjusted; separate ROU excluded; no exact depreciable aggregate or physical age/life,Gerdau_2016_2025_cells.csv
Gerdau,2020,Máquinas equipamentos e instalações,annual_ppe_depreciation_depletion,1354559,BRL,thousands,consolidated,Gerdau_2020_DFP.pdf,65,10,LAND NOT SEPARABLE; annual charge combines depreciation and depletion; gross may be impairment-adjusted; separate ROU excluded; no exact depreciable aggregate or physical age/life,Gerdau_2016_2025_cells.csv
Gerdau,2020,Equipamento eletrônico de dados,gross_cost,922143,BRL,thousands,consolidated,Gerdau_2020_DFP.pdf,64,10,LAND NOT SEPARABLE; annual charge combines depreciation and depletion; gross may be impairment-adjusted; separate ROU excluded; no exact depreciable aggregate or physical age/life,Gerdau_2016_2025_cells.csv
Gerdau,2020,Equipamento eletrônico de dados,accumulated_depreciation,857675,BRL,thousands,consolidated,Gerdau_2020_DFP.pdf,64,10,LAND NOT SEPARABLE; annual charge combines depreciation and depletion; gross may be impairment-adjusted; separate ROU excluded; no exact depreciable aggregate or physical age/life,Gerdau_2016_2025_cells.csv
Gerdau,2020,Equipamento eletrônico de dados,net,64468,BRL,thousands,consolidated,Gerdau_2020_DFP.pdf,64,10,LAND NOT SEPARABLE; annual charge combines depreciation and depletion; gross may be impairment-adjusted; separate ROU excluded; no exact depreciable aggregate or physical age/life,Gerdau_2016_2025_cells.csv
Gerdau,2020,Equipamento eletrônico de dados,annual_ppe_depreciation_depletion,37616,BRL,thousands,consolidated,Gerdau_2020_DFP.pdf,65,10,LAND NOT SEPARABLE; annual charge combines depreciation and depletion; gross may be impairment-adjusted; separate ROU excluded; no exact depreciable aggregate or physical age/life,Gerdau_2016_2025_cells.csv
Gerdau,2020,Imobilizado em construção,gross_cost,2254205,BRL,thousands,consolidated,Gerdau_2020_DFP.pdf,64,10,LAND NOT SEPARABLE; annual charge combines depreciation and depletion; gross may be impairment-adjusted; separate ROU excluded; no exact depreciable aggregate or physical age/life,Gerdau_2016_2025_cells.csv
Gerdau,2020,Imobilizado em construção,accumulated_depreciation,0,BRL,thousands,consolidated,Gerdau_2020_DFP.pdf,64,10,LAND NOT SEPARABLE; annual charge combines depreciation and depletion; gross may be impairment-adjusted; separate ROU excluded; no exact depreciable aggregate or physical age/life,Gerdau_2016_2025_cells.csv
Gerdau,2020,Imobilizado em construção,net,2254205,BRL,thousands,consolidated,Gerdau_2020_DFP.pdf,64,10,LAND NOT SEPARABLE; annual charge combines depreciation and depletion; gross may be impairment-adjusted; separate ROU excluded; no exact depreciable aggregate or physical age/life,Gerdau_2016_2025_cells.csv
Gerdau,2020,Imobilizado em construção,annual_ppe_depreciation_depletion,0,BRL,thousands,consolidated,Gerdau_2020_DFP.pdf,65,10,LAND NOT SEPARABLE; annual charge combines depreciation and depletion; gross may be impairment-adjusted; separate ROU excluded; no exact depreciable aggregate or physical age/life,Gerdau_2016_2025_cells.csv
Gerdau,2020,Outros,gross_cost,1078537,BRL,thousands,consolidated,Gerdau_2020_DFP.pdf,64,10,LAND NOT SEPARABLE; annual charge combines depreciation and depletion; gross may be impairment-adjusted; separate ROU excluded; no exact depreciable aggregate or physical age/life,Gerdau_2016_2025_cells.csv
Gerdau,2020,Outros,accumulated_depreciation,305860,BRL,thousands,consolidated,Gerdau_2020_DFP.pdf,64,10,LAND NOT SEPARABLE; annual charge combines depreciation and depletion; gross may be impairment-adjusted; separate ROU excluded; no exact depreciable aggregate or physical age/life,Gerdau_2016_2025_cells.csv
Gerdau,2020,Outros,net,772677,BRL,thousands,consolidated,Gerdau_2020_DFP.pdf,64,10,LAND NOT SEPARABLE; annual charge combines depreciation and depletion; gross may be impairment-adjusted; separate ROU excluded; no exact depreciable aggregate or physical age/life,Gerdau_2016_2025_cells.csv
Gerdau,2020,Outros,annual_ppe_depreciation_depletion,100210,BRL,thousands,consolidated,Gerdau_2020_DFP.pdf,65,10,LAND NOT SEPARABLE; annual charge combines depreciation and depletion; gross may be impairment-adjusted; separate ROU excluded; no exact depreciable aggregate or physical age/life,Gerdau_2016_2025_cells.csv
Gerdau,2021,Terrenos prédios e construções (combined),gross_cost,10220614,BRL,thousands,consolidated,Gerdau_2021_DFP.pdf,64,10,LAND NOT SEPARABLE; annual charge combines depreciation and depletion; gross may be impairment-adjusted; separate ROU excluded; no exact depreciable aggregate or physical age/life,Gerdau_2016_2025_cells.csv
Gerdau,2021,Terrenos prédios e construções (combined),accumulated_depreciation,5540394,BRL,thousands,consolidated,Gerdau_2021_DFP.pdf,64,10,LAND NOT SEPARABLE; annual charge combines depreciation and depletion; gross may be impairment-adjusted; separate ROU excluded; no exact depreciable aggregate or physical age/life,Gerdau_2016_2025_cells.csv
Gerdau,2021,Terrenos prédios e construções (combined),net,4680220,BRL,thousands,consolidated,Gerdau_2021_DFP.pdf,64,10,LAND NOT SEPARABLE; annual charge combines depreciation and depletion; gross may be impairment-adjusted; separate ROU excluded; no exact depreciable aggregate or physical age/life,Gerdau_2016_2025_cells.csv
Gerdau,2021,Terrenos prédios e construções (combined),annual_ppe_depreciation_depletion,383122,BRL,thousands,consolidated,Gerdau_2021_DFP.pdf,65,10,LAND NOT SEPARABLE; annual charge combines depreciation and depletion; gross may be impairment-adjusted; separate ROU excluded; no exact depreciable aggregate or physical age/life,Gerdau_2016_2025_cells.csv
Gerdau,2021,Máquinas equipamentos e instalações,gross_cost,36863451,BRL,thousands,consolidated,Gerdau_2021_DFP.pdf,64,10,LAND NOT SEPARABLE; annual charge combines depreciation and depletion; gross may be impairment-adjusted; separate ROU excluded; no exact depreciable aggregate or physical age/life,Gerdau_2016_2025_cells.csv
Gerdau,2021,Máquinas equipamentos e instalações,accumulated_depreciation,27309057,BRL,thousands,consolidated,Gerdau_2021_DFP.pdf,64,10,LAND NOT SEPARABLE; annual charge combines depreciation and depletion; gross may be impairment-adjusted; separate ROU excluded; no exact depreciable aggregate or physical age/life,Gerdau_2016_2025_cells.csv
Gerdau,2021,Máquinas equipamentos e instalações,net,9554394,BRL,thousands,consolidated,Gerdau_2021_DFP.pdf,64,10,LAND NOT SEPARABLE; annual charge combines depreciation and depletion; gross may be impairment-adjusted; separate ROU excluded; no exact depreciable aggregate or physical age/life,Gerdau_2016_2025_cells.csv
Gerdau,2021,Máquinas equipamentos e instalações,annual_ppe_depreciation_depletion,1468513,BRL,thousands,consolidated,Gerdau_2021_DFP.pdf,65,10,LAND NOT SEPARABLE; annual charge combines depreciation and depletion; gross may be impairment-adjusted; separate ROU excluded; no exact depreciable aggregate or physical age/life,Gerdau_2016_2025_cells.csv
Gerdau,2021,Equipamento eletrônico de dados,gross_cost,1020016,BRL,thousands,consolidated,Gerdau_2021_DFP.pdf,64,10,LAND NOT SEPARABLE; annual charge combines depreciation and depletion; gross may be impairment-adjusted; separate ROU excluded; no exact depreciable aggregate or physical age/life,Gerdau_2016_2025_cells.csv
Gerdau,2021,Equipamento eletrônico de dados,accumulated_depreciation,923004,BRL,thousands,consolidated,Gerdau_2021_DFP.pdf,64,10,LAND NOT SEPARABLE; annual charge combines depreciation and depletion; gross may be impairment-adjusted; separate ROU excluded; no exact depreciable aggregate or physical age/life,Gerdau_2016_2025_cells.csv
Gerdau,2021,Equipamento eletrônico de dados,net,97012,BRL,thousands,consolidated,Gerdau_2021_DFP.pdf,64,10,LAND NOT SEPARABLE; annual charge combines depreciation and depletion; gross may be impairment-adjusted; separate ROU excluded; no exact depreciable aggregate or physical age/life,Gerdau_2016_2025_cells.csv
Gerdau,2021,Equipamento eletrônico de dados,annual_ppe_depreciation_depletion,41973,BRL,thousands,consolidated,Gerdau_2021_DFP.pdf,65,10,LAND NOT SEPARABLE; annual charge combines depreciation and depletion; gross may be impairment-adjusted; separate ROU excluded; no exact depreciable aggregate or physical age/life,Gerdau_2016_2025_cells.csv
Gerdau,2021,Imobilizado em construção,gross_cost,3620929,BRL,thousands,consolidated,Gerdau_2021_DFP.pdf,64,10,LAND NOT SEPARABLE; annual charge combines depreciation and depletion; gross may be impairment-adjusted; separate ROU excluded; no exact depreciable aggregate or physical age/life,Gerdau_2016_2025_cells.csv
Gerdau,2021,Imobilizado em construção,accumulated_depreciation,0,BRL,thousands,consolidated,Gerdau_2021_DFP.pdf,64,10,LAND NOT SEPARABLE; annual charge combines depreciation and depletion; gross may be impairment-adjusted; separate ROU excluded; no exact depreciable aggregate or physical age/life,Gerdau_2016_2025_cells.csv
Gerdau,2021,Imobilizado em construção,net,3620929,BRL,thousands,consolidated,Gerdau_2021_DFP.pdf,64,10,LAND NOT SEPARABLE; annual charge combines depreciation and depletion; gross may be impairment-adjusted; separate ROU excluded; no exact depreciable aggregate or physical age/life,Gerdau_2016_2025_cells.csv
Gerdau,2021,Imobilizado em construção,annual_ppe_depreciation_depletion,0,BRL,thousands,consolidated,Gerdau_2021_DFP.pdf,65,10,LAND NOT SEPARABLE; annual charge combines depreciation and depletion; gross may be impairment-adjusted; separate ROU excluded; no exact depreciable aggregate or physical age/life,Gerdau_2016_2025_cells.csv
Gerdau,2021,Outros,gross_cost,1184922,BRL,thousands,consolidated,Gerdau_2021_DFP.pdf,64,10,LAND NOT SEPARABLE; annual charge combines depreciation and depletion; gross may be impairment-adjusted; separate ROU excluded; no exact depreciable aggregate or physical age/life,Gerdau_2016_2025_cells.csv
Gerdau,2021,Outros,accumulated_depreciation,395691,BRL,thousands,consolidated,Gerdau_2021_DFP.pdf,64,10,LAND NOT SEPARABLE; annual charge combines depreciation and depletion; gross may be impairment-adjusted; separate ROU excluded; no exact depreciable aggregate or physical age/life,Gerdau_2016_2025_cells.csv
Gerdau,2021,Outros,net,789231,BRL,thousands,consolidated,Gerdau_2021_DFP.pdf,64,10,LAND NOT SEPARABLE; annual charge combines depreciation and depletion; gross may be impairment-adjusted; separate ROU excluded; no exact depreciable aggregate or physical age/life,Gerdau_2016_2025_cells.csv
Gerdau,2021,Outros,annual_ppe_depreciation_depletion,163803,BRL,thousands,consolidated,Gerdau_2021_DFP.pdf,65,10,LAND NOT SEPARABLE; annual charge combines depreciation and depletion; gross may be impairment-adjusted; separate ROU excluded; no exact depreciable aggregate or physical age/life,Gerdau_2016_2025_cells.csv
Gerdau,2022,Terrenos prédios e construções (combined),gross_cost,10430215,BRL,thousands,consolidated,Gerdau_2022_DFP.pdf,64,10,LAND NOT SEPARABLE; annual charge combines depreciation and depletion; gross may be impairment-adjusted; separate ROU excluded; no exact depreciable aggregate or physical age/life,Gerdau_2016_2025_cells.csv
Gerdau,2022,Terrenos prédios e construções (combined),accumulated_depreciation,5716422,BRL,thousands,consolidated,Gerdau_2022_DFP.pdf,64,10,LAND NOT SEPARABLE; annual charge combines depreciation and depletion; gross may be impairment-adjusted; separate ROU excluded; no exact depreciable aggregate or physical age/life,Gerdau_2016_2025_cells.csv
Gerdau,2022,Terrenos prédios e construções (combined),net,4713793,BRL,thousands,consolidated,Gerdau_2022_DFP.pdf,64,10,LAND NOT SEPARABLE; annual charge combines depreciation and depletion; gross may be impairment-adjusted; separate ROU excluded; no exact depreciable aggregate or physical age/life,Gerdau_2016_2025_cells.csv
Gerdau,2022,Terrenos prédios e construções (combined),annual_ppe_depreciation_depletion,440471,BRL,thousands,consolidated,Gerdau_2022_DFP.pdf,65,10,LAND NOT SEPARABLE; annual charge combines depreciation and depletion; gross may be impairment-adjusted; separate ROU excluded; no exact depreciable aggregate or physical age/life,Gerdau_2016_2025_cells.csv
Gerdau,2022,Máquinas equipamentos e instalações,gross_cost,38638694,BRL,thousands,consolidated,Gerdau_2022_DFP.pdf,64,10,LAND NOT SEPARABLE; annual charge combines depreciation and depletion; gross may be impairment-adjusted; separate ROU excluded; no exact depreciable aggregate or physical age/life,Gerdau_2016_2025_cells.csv
Gerdau,2022,Máquinas equipamentos e instalações,accumulated_depreciation,27719696,BRL,thousands,consolidated,Gerdau_2022_DFP.pdf,64,10,LAND NOT SEPARABLE; annual charge combines depreciation and depletion; gross may be impairment-adjusted; separate ROU excluded; no exact depreciable aggregate or physical age/life,Gerdau_2016_2025_cells.csv
Gerdau,2022,Máquinas equipamentos e instalações,net,10918998,BRL,thousands,consolidated,Gerdau_2022_DFP.pdf,64,10,LAND NOT SEPARABLE; annual charge combines depreciation and depletion; gross may be impairment-adjusted; separate ROU excluded; no exact depreciable aggregate or physical age/life,Gerdau_2016_2025_cells.csv
Gerdau,2022,Máquinas equipamentos e instalações,annual_ppe_depreciation_depletion,1709643,BRL,thousands,consolidated,Gerdau_2022_DFP.pdf,65,10,LAND NOT SEPARABLE; annual charge combines depreciation and depletion; gross may be impairment-adjusted; separate ROU excluded; no exact depreciable aggregate or physical age/life,Gerdau_2016_2025_cells.csv
Gerdau,2022,Equipamento eletrônico de dados,gross_cost,1022633,BRL,thousands,consolidated,Gerdau_2022_DFP.pdf,64,10,LAND NOT SEPARABLE; annual charge combines depreciation and depletion; gross may be impairment-adjusted; separate ROU excluded; no exact depreciable aggregate or physical age/life,Gerdau_2016_2025_cells.csv
Gerdau,2022,Equipamento eletrônico de dados,accumulated_depreciation,918769,BRL,thousands,consolidated,Gerdau_2022_DFP.pdf,64,10,LAND NOT SEPARABLE; annual charge combines depreciation and depletion; gross may be impairment-adjusted; separate ROU excluded; no exact depreciable aggregate or physical age/life,Gerdau_2016_2025_cells.csv
Gerdau,2022,Equipamento eletrônico de dados,net,103864,BRL,thousands,consolidated,Gerdau_2022_DFP.pdf,64,10,LAND NOT SEPARABLE; annual charge combines depreciation and depletion; gross may be impairment-adjusted; separate ROU excluded; no exact depreciable aggregate or physical age/life,Gerdau_2016_2025_cells.csv
Gerdau,2022,Equipamento eletrônico de dados,annual_ppe_depreciation_depletion,41423,BRL,thousands,consolidated,Gerdau_2022_DFP.pdf,65,10,LAND NOT SEPARABLE; annual charge combines depreciation and depletion; gross may be impairment-adjusted; separate ROU excluded; no exact depreciable aggregate or physical age/life,Gerdau_2016_2025_cells.csv
Gerdau,2022,Imobilizado em construção,gross_cost,3714681,BRL,thousands,consolidated,Gerdau_2022_DFP.pdf,64,10,LAND NOT SEPARABLE; annual charge combines depreciation and depletion; gross may be impairment-adjusted; separate ROU excluded; no exact depreciable aggregate or physical age/life,Gerdau_2016_2025_cells.csv
Gerdau,2022,Imobilizado em construção,accumulated_depreciation,0,BRL,thousands,consolidated,Gerdau_2022_DFP.pdf,64,10,LAND NOT SEPARABLE; annual charge combines depreciation and depletion; gross may be impairment-adjusted; separate ROU excluded; no exact depreciable aggregate or physical age/life,Gerdau_2016_2025_cells.csv
Gerdau,2022,Imobilizado em construção,net,3714681,BRL,thousands,consolidated,Gerdau_2022_DFP.pdf,64,10,LAND NOT SEPARABLE; annual charge combines depreciation and depletion; gross may be impairment-adjusted; separate ROU excluded; no exact depreciable aggregate or physical age/life,Gerdau_2016_2025_cells.csv
Gerdau,2022,Imobilizado em construção,annual_ppe_depreciation_depletion,0,BRL,thousands,consolidated,Gerdau_2022_DFP.pdf,65,10,LAND NOT SEPARABLE; annual charge combines depreciation and depletion; gross may be impairment-adjusted; separate ROU excluded; no exact depreciable aggregate or physical age/life,Gerdau_2016_2025_cells.csv
Gerdau,2022,Outros,gross_cost,1374158,BRL,thousands,consolidated,Gerdau_2022_DFP.pdf,64,10,LAND NOT SEPARABLE; annual charge combines depreciation and depletion; gross may be impairment-adjusted; separate ROU excluded; no exact depreciable aggregate or physical age/life,Gerdau_2016_2025_cells.csv
Gerdau,2022,Outros,accumulated_depreciation,402760,BRL,thousands,consolidated,Gerdau_2022_DFP.pdf,64,10,LAND NOT SEPARABLE; annual charge combines depreciation and depletion; gross may be impairment-adjusted; separate ROU excluded; no exact depreciable aggregate or physical age/life,Gerdau_2016_2025_cells.csv
Gerdau,2022,Outros,net,971398,BRL,thousands,consolidated,Gerdau_2022_DFP.pdf,64,10,LAND NOT SEPARABLE; annual charge combines depreciation and depletion; gross may be impairment-adjusted; separate ROU excluded; no exact depreciable aggregate or physical age/life,Gerdau_2016_2025_cells.csv
Gerdau,2022,Outros,annual_ppe_depreciation_depletion,83150,BRL,thousands,consolidated,Gerdau_2022_DFP.pdf,65,10,LAND NOT SEPARABLE; annual charge combines depreciation and depletion; gross may be impairment-adjusted; separate ROU excluded; no exact depreciable aggregate or physical age/life,Gerdau_2016_2025_cells.csv
Gerdau,2023,Terrenos prédios e construções (combined),gross_cost,10873391,BRL,thousands,consolidated,Gerdau_2023_DFP.pdf,72,10,LAND NOT SEPARABLE; annual charge combines depreciation and depletion; gross may be impairment-adjusted; separate ROU excluded; no exact depreciable aggregate or physical age/life,Gerdau_2016_2025_cells.csv
Gerdau,2023,Terrenos prédios e construções (combined),accumulated_depreciation,6069237,BRL,thousands,consolidated,Gerdau_2023_DFP.pdf,72,10,LAND NOT SEPARABLE; annual charge combines depreciation and depletion; gross may be impairment-adjusted; separate ROU excluded; no exact depreciable aggregate or physical age/life,Gerdau_2016_2025_cells.csv
Gerdau,2023,Terrenos prédios e construções (combined),net,4804154,BRL,thousands,consolidated,Gerdau_2023_DFP.pdf,72,10,LAND NOT SEPARABLE; annual charge combines depreciation and depletion; gross may be impairment-adjusted; separate ROU excluded; no exact depreciable aggregate or physical age/life,Gerdau_2016_2025_cells.csv
Gerdau,2023,Terrenos prédios e construções (combined),annual_ppe_depreciation_depletion,542419,BRL,thousands,consolidated,Gerdau_2023_DFP.pdf,73,10,LAND NOT SEPARABLE; annual charge combines depreciation and depletion; gross may be impairment-adjusted; separate ROU excluded; no exact depreciable aggregate or physical age/life,Gerdau_2016_2025_cells.csv
Gerdau,2023,Máquinas equipamentos e instalações,gross_cost,39079732,BRL,thousands,consolidated,Gerdau_2023_DFP.pdf,72,10,LAND NOT SEPARABLE; annual charge combines depreciation and depletion; gross may be impairment-adjusted; separate ROU excluded; no exact depreciable aggregate or physical age/life,Gerdau_2016_2025_cells.csv
Gerdau,2023,Máquinas equipamentos e instalações,accumulated_depreciation,27983621,BRL,thousands,consolidated,Gerdau_2023_DFP.pdf,72,10,LAND NOT SEPARABLE; annual charge combines depreciation and depletion; gross may be impairment-adjusted; separate ROU excluded; no exact depreciable aggregate or physical age/life,Gerdau_2016_2025_cells.csv
Gerdau,2023,Máquinas equipamentos e instalações,net,11096111,BRL,thousands,consolidated,Gerdau_2023_DFP.pdf,72,10,LAND NOT SEPARABLE; annual charge combines depreciation and depletion; gross may be impairment-adjusted; separate ROU excluded; no exact depreciable aggregate or physical age/life,Gerdau_2016_2025_cells.csv
Gerdau,2023,Máquinas equipamentos e instalações,annual_ppe_depreciation_depletion,1773479,BRL,thousands,consolidated,Gerdau_2023_DFP.pdf,73,10,LAND NOT SEPARABLE; annual charge combines depreciation and depletion; gross may be impairment-adjusted; separate ROU excluded; no exact depreciable aggregate or physical age/life,Gerdau_2016_2025_cells.csv
Gerdau,2023,Equipamento eletrônico de dados,gross_cost,1087109,BRL,thousands,consolidated,Gerdau_2023_DFP.pdf,72,10,LAND NOT SEPARABLE; annual charge combines depreciation and depletion; gross may be impairment-adjusted; separate ROU excluded; no exact depreciable aggregate or physical age/life,Gerdau_2016_2025_cells.csv
Gerdau,2023,Equipamento eletrônico de dados,accumulated_depreciation,929259,BRL,thousands,consolidated,Gerdau_2023_DFP.pdf,72,10,LAND NOT SEPARABLE; annual charge combines depreciation and depletion; gross may be impairment-adjusted; separate ROU excluded; no exact depreciable aggregate or physical age/life,Gerdau_2016_2025_cells.csv
Gerdau,2023,Equipamento eletrônico de dados,net,157850,BRL,thousands,consolidated,Gerdau_2023_DFP.pdf,72,10,LAND NOT SEPARABLE; annual charge combines depreciation and depletion; gross may be impairment-adjusted; separate ROU excluded; no exact depreciable aggregate or physical age/life,Gerdau_2016_2025_cells.csv
Gerdau,2023,Equipamento eletrônico de dados,annual_ppe_depreciation_depletion,62072,BRL,thousands,consolidated,Gerdau_2023_DFP.pdf,73,10,LAND NOT SEPARABLE; annual charge combines depreciation and depletion; gross may be impairment-adjusted; separate ROU excluded; no exact depreciable aggregate or physical age/life,Gerdau_2016_2025_cells.csv
Gerdau,2023,Imobilizado em construção,gross_cost,5516550,BRL,thousands,consolidated,Gerdau_2023_DFP.pdf,72,10,LAND NOT SEPARABLE; annual charge combines depreciation and depletion; gross may be impairment-adjusted; separate ROU excluded; no exact depreciable aggregate or physical age/life,Gerdau_2016_2025_cells.csv
Gerdau,2023,Imobilizado em construção,accumulated_depreciation,0,BRL,thousands,consolidated,Gerdau_2023_DFP.pdf,72,10,LAND NOT SEPARABLE; annual charge combines depreciation and depletion; gross may be impairment-adjusted; separate ROU excluded; no exact depreciable aggregate or physical age/life,Gerdau_2016_2025_cells.csv
Gerdau,2023,Imobilizado em construção,net,5516550,BRL,thousands,consolidated,Gerdau_2023_DFP.pdf,72,10,LAND NOT SEPARABLE; annual charge combines depreciation and depletion; gross may be impairment-adjusted; separate ROU excluded; no exact depreciable aggregate or physical age/life,Gerdau_2016_2025_cells.csv
Gerdau,2023,Imobilizado em construção,annual_ppe_depreciation_depletion,0,BRL,thousands,consolidated,Gerdau_2023_DFP.pdf,73,10,LAND NOT SEPARABLE; annual charge combines depreciation and depletion; gross may be impairment-adjusted; separate ROU excluded; no exact depreciable aggregate or physical age/life,Gerdau_2016_2025_cells.csv
Gerdau,2023,Outros,gross_cost,1702649,BRL,thousands,consolidated,Gerdau_2023_DFP.pdf,72,10,LAND NOT SEPARABLE; annual charge combines depreciation and depletion; gross may be impairment-adjusted; separate ROU excluded; no exact depreciable aggregate or physical age/life,Gerdau_2016_2025_cells.csv
Gerdau,2023,Outros,accumulated_depreciation,396784,BRL,thousands,consolidated,Gerdau_2023_DFP.pdf,72,10,LAND NOT SEPARABLE; annual charge combines depreciation and depletion; gross may be impairment-adjusted; separate ROU excluded; no exact depreciable aggregate or physical age/life,Gerdau_2016_2025_cells.csv
Gerdau,2023,Outros,net,1305865,BRL,thousands,consolidated,Gerdau_2023_DFP.pdf,72,10,LAND NOT SEPARABLE; annual charge combines depreciation and depletion; gross may be impairment-adjusted; separate ROU excluded; no exact depreciable aggregate or physical age/life,Gerdau_2016_2025_cells.csv
Gerdau,2023,Outros,annual_ppe_depreciation_depletion,72227,BRL,thousands,consolidated,Gerdau_2023_DFP.pdf,73,10,LAND NOT SEPARABLE; annual charge combines depreciation and depletion; gross may be impairment-adjusted; separate ROU excluded; no exact depreciable aggregate or physical age/life,Gerdau_2016_2025_cells.csv
Gerdau,2024,Terrenos prédios e construções (combined),gross_cost,12744122,BRL,thousands,consolidated,Gerdau_2024_DFP.pdf,69,10,LAND NOT SEPARABLE; annual charge combines depreciation and depletion; gross may be impairment-adjusted; separate ROU excluded; no exact depreciable aggregate or physical age/life,Gerdau_2016_2025_cells.csv
Gerdau,2024,Terrenos prédios e construções (combined),accumulated_depreciation,7053039,BRL,thousands,consolidated,Gerdau_2024_DFP.pdf,69,10,LAND NOT SEPARABLE; annual charge combines depreciation and depletion; gross may be impairment-adjusted; separate ROU excluded; no exact depreciable aggregate or physical age/life,Gerdau_2016_2025_cells.csv
Gerdau,2024,Terrenos prédios e construções (combined),net,5691083,BRL,thousands,consolidated,Gerdau_2024_DFP.pdf,69,10,LAND NOT SEPARABLE; annual charge combines depreciation and depletion; gross may be impairment-adjusted; separate ROU excluded; no exact depreciable aggregate or physical age/life,Gerdau_2016_2025_cells.csv
Gerdau,2024,Terrenos prédios e construções (combined),annual_ppe_depreciation_depletion,427553,BRL,thousands,consolidated,Gerdau_2024_DFP.pdf,70,10,LAND NOT SEPARABLE; annual charge combines depreciation and depletion; gross may be impairment-adjusted; separate ROU excluded; no exact depreciable aggregate or physical age/life,Gerdau_2016_2025_cells.csv
Gerdau,2024,Máquinas equipamentos e instalações,gross_cost,47362045,BRL,thousands,consolidated,Gerdau_2024_DFP.pdf,69,10,LAND NOT SEPARABLE; annual charge combines depreciation and depletion; gross may be impairment-adjusted; separate ROU excluded; no exact depreciable aggregate or physical age/life,Gerdau_2016_2025_cells.csv
Gerdau,2024,Máquinas equipamentos e instalações,accumulated_depreciation,33817318,BRL,thousands,consolidated,Gerdau_2024_DFP.pdf,69,10,LAND NOT SEPARABLE; annual charge combines depreciation and depletion; gross may be impairment-adjusted; separate ROU excluded; no exact depreciable aggregate or physical age/life,Gerdau_2016_2025_cells.csv
Gerdau,2024,Máquinas equipamentos e instalações,net,13544727,BRL,thousands,consolidated,Gerdau_2024_DFP.pdf,69,10,LAND NOT SEPARABLE; annual charge combines depreciation and depletion; gross may be impairment-adjusted; separate ROU excluded; no exact depreciable aggregate or physical age/life,Gerdau_2016_2025_cells.csv
Gerdau,2024,Máquinas equipamentos e instalações,annual_ppe_depreciation_depletion,1922750,BRL,thousands,consolidated,Gerdau_2024_DFP.pdf,70,10,LAND NOT SEPARABLE; annual charge combines depreciation and depletion; gross may be impairment-adjusted; separate ROU excluded; no exact depreciable aggregate or physical age/life,Gerdau_2016_2025_cells.csv
Gerdau,2024,Equipamento eletrônico de dados,gross_cost,890127,BRL,thousands,consolidated,Gerdau_2024_DFP.pdf,69,10,LAND NOT SEPARABLE; annual charge combines depreciation and depletion; gross may be impairment-adjusted; separate ROU excluded; no exact depreciable aggregate or physical age/life,Gerdau_2016_2025_cells.csv
Gerdau,2024,Equipamento eletrônico de dados,accumulated_depreciation,707829,BRL,thousands,consolidated,Gerdau_2024_DFP.pdf,69,10,LAND NOT SEPARABLE; annual charge combines depreciation and depletion; gross may be impairment-adjusted; separate ROU excluded; no exact depreciable aggregate or physical age/life,Gerdau_2016_2025_cells.csv
Gerdau,2024,Equipamento eletrônico de dados,net,182298,BRL,thousands,consolidated,Gerdau_2024_DFP.pdf,69,10,LAND NOT SEPARABLE; annual charge combines depreciation and depletion; gross may be impairment-adjusted; separate ROU excluded; no exact depreciable aggregate or physical age/life,Gerdau_2016_2025_cells.csv
Gerdau,2024,Equipamento eletrônico de dados,annual_ppe_depreciation_depletion,76514,BRL,thousands,consolidated,Gerdau_2024_DFP.pdf,70,10,LAND NOT SEPARABLE; annual charge combines depreciation and depletion; gross may be impairment-adjusted; separate ROU excluded; no exact depreciable aggregate or physical age/life,Gerdau_2016_2025_cells.csv
Gerdau,2024,Imobilizado em construção,gross_cost,8600123,BRL,thousands,consolidated,Gerdau_2024_DFP.pdf,69,10,LAND NOT SEPARABLE; annual charge combines depreciation and depletion; gross may be impairment-adjusted; separate ROU excluded; no exact depreciable aggregate or physical age/life,Gerdau_2016_2025_cells.csv
Gerdau,2024,Imobilizado em construção,accumulated_depreciation,0,BRL,thousands,consolidated,Gerdau_2024_DFP.pdf,69,10,LAND NOT SEPARABLE; annual charge combines depreciation and depletion; gross may be impairment-adjusted; separate ROU excluded; no exact depreciable aggregate or physical age/life,Gerdau_2016_2025_cells.csv
Gerdau,2024,Imobilizado em construção,net,8600123,BRL,thousands,consolidated,Gerdau_2024_DFP.pdf,69,10,LAND NOT SEPARABLE; annual charge combines depreciation and depletion; gross may be impairment-adjusted; separate ROU excluded; no exact depreciable aggregate or physical age/life,Gerdau_2016_2025_cells.csv
Gerdau,2024,Imobilizado em construção,annual_ppe_depreciation_depletion,0,BRL,thousands,consolidated,Gerdau_2024_DFP.pdf,70,10,LAND NOT SEPARABLE; annual charge combines depreciation and depletion; gross may be impairment-adjusted; separate ROU excluded; no exact depreciable aggregate or physical age/life,Gerdau_2016_2025_cells.csv
Gerdau,2024,Outros,gross_cost,2047107,BRL,thousands,consolidated,Gerdau_2024_DFP.pdf,69,10,LAND NOT SEPARABLE; annual charge combines depreciation and depletion; gross may be impairment-adjusted; separate ROU excluded; no exact depreciable aggregate or physical age/life,Gerdau_2016_2025_cells.csv
Gerdau,2024,Outros,accumulated_depreciation,474024,BRL,thousands,consolidated,Gerdau_2024_DFP.pdf,69,10,LAND NOT SEPARABLE; annual charge combines depreciation and depletion; gross may be impairment-adjusted; separate ROU excluded; no exact depreciable aggregate or physical age/life,Gerdau_2016_2025_cells.csv
Gerdau,2024,Outros,net,1573083,BRL,thousands,consolidated,Gerdau_2024_DFP.pdf,69,10,LAND NOT SEPARABLE; annual charge combines depreciation and depletion; gross may be impairment-adjusted; separate ROU excluded; no exact depreciable aggregate or physical age/life,Gerdau_2016_2025_cells.csv
Gerdau,2024,Outros,annual_ppe_depreciation_depletion,57626,BRL,thousands,consolidated,Gerdau_2024_DFP.pdf,70,10,LAND NOT SEPARABLE; annual charge combines depreciation and depletion; gross may be impairment-adjusted; separate ROU excluded; no exact depreciable aggregate or physical age/life,Gerdau_2016_2025_cells.csv
Gerdau,2025,Terrenos prédios e construções (combined),gross_cost,12901550,BRL,thousands,consolidated,Gerdau_2025_DFP.pdf,63,10,LAND NOT SEPARABLE; annual charge combines depreciation and depletion; gross may be impairment-adjusted; separate ROU excluded; no exact depreciable aggregate or physical age/life,Gerdau_2016_2025_cells.csv
Gerdau,2025,Terrenos prédios e construções (combined),accumulated_depreciation,7208188,BRL,thousands,consolidated,Gerdau_2025_DFP.pdf,63,10,LAND NOT SEPARABLE; annual charge combines depreciation and depletion; gross may be impairment-adjusted; separate ROU excluded; no exact depreciable aggregate or physical age/life,Gerdau_2016_2025_cells.csv
Gerdau,2025,Terrenos prédios e construções (combined),net,5693362,BRL,thousands,consolidated,Gerdau_2025_DFP.pdf,63,10,LAND NOT SEPARABLE; annual charge combines depreciation and depletion; gross may be impairment-adjusted; separate ROU excluded; no exact depreciable aggregate or physical age/life,Gerdau_2016_2025_cells.csv
Gerdau,2025,Terrenos prédios e construções (combined),annual_ppe_depreciation_depletion,462279,BRL,thousands,consolidated,Gerdau_2025_DFP.pdf,63,10,LAND NOT SEPARABLE; annual charge combines depreciation and depletion; gross may be impairment-adjusted; separate ROU excluded; no exact depreciable aggregate or physical age/life,Gerdau_2016_2025_cells.csv
Gerdau,2025,Máquinas equipamentos e instalações,gross_cost,48919065,BRL,thousands,consolidated,Gerdau_2025_DFP.pdf,63,10,LAND NOT SEPARABLE; annual charge combines depreciation and depletion; gross may be impairment-adjusted; separate ROU excluded; no exact depreciable aggregate or physical age/life,Gerdau_2016_2025_cells.csv
Gerdau,2025,Máquinas equipamentos e instalações,accumulated_depreciation,34448701,BRL,thousands,consolidated,Gerdau_2025_DFP.pdf,63,10,LAND NOT SEPARABLE; annual charge combines depreciation and depletion; gross may be impairment-adjusted; separate ROU excluded; no exact depreciable aggregate or physical age/life,Gerdau_2016_2025_cells.csv
Gerdau,2025,Máquinas equipamentos e instalações,net,14470364,BRL,thousands,consolidated,Gerdau_2025_DFP.pdf,63,10,LAND NOT SEPARABLE; annual charge combines depreciation and depletion; gross may be impairment-adjusted; separate ROU excluded; no exact depreciable aggregate or physical age/life,Gerdau_2016_2025_cells.csv
Gerdau,2025,Máquinas equipamentos e instalações,annual_ppe_depreciation_depletion,2332157,BRL,thousands,consolidated,Gerdau_2025_DFP.pdf,63,10,LAND NOT SEPARABLE; annual charge combines depreciation and depletion; gross may be impairment-adjusted; separate ROU excluded; no exact depreciable aggregate or physical age/life,Gerdau_2016_2025_cells.csv
Gerdau,2025,Equipamento eletrônico de dados,gross_cost,957731,BRL,thousands,consolidated,Gerdau_2025_DFP.pdf,63,10,LAND NOT SEPARABLE; annual charge combines depreciation and depletion; gross may be impairment-adjusted; separate ROU excluded; no exact depreciable aggregate or physical age/life,Gerdau_2016_2025_cells.csv
Gerdau,2025,Equipamento eletrônico de dados,accumulated_depreciation,762506,BRL,thousands,consolidated,Gerdau_2025_DFP.pdf,63,10,LAND NOT SEPARABLE; annual charge combines depreciation and depletion; gross may be impairment-adjusted; separate ROU excluded; no exact depreciable aggregate or physical age/life,Gerdau_2016_2025_cells.csv
Gerdau,2025,Equipamento eletrônico de dados,net,195225,BRL,thousands,consolidated,Gerdau_2025_DFP.pdf,63,10,LAND NOT SEPARABLE; annual charge combines depreciation and depletion; gross may be impairment-adjusted; separate ROU excluded; no exact depreciable aggregate or physical age/life,Gerdau_2016_2025_cells.csv
Gerdau,2025,Equipamento eletrônico de dados,annual_ppe_depreciation_depletion,91877,BRL,thousands,consolidated,Gerdau_2025_DFP.pdf,63,10,LAND NOT SEPARABLE; annual charge combines depreciation and depletion; gross may be impairment-adjusted; separate ROU excluded; no exact depreciable aggregate or physical age/life,Gerdau_2016_2025_cells.csv
Gerdau,2025,Imobilizado em construção,gross_cost,8660488,BRL,thousands,consolidated,Gerdau_2025_DFP.pdf,63,10,LAND NOT SEPARABLE; annual charge combines depreciation and depletion; gross may be impairment-adjusted; separate ROU excluded; no exact depreciable aggregate or physical age/life,Gerdau_2016_2025_cells.csv
Gerdau,2025,Imobilizado em construção,accumulated_depreciation,0,BRL,thousands,consolidated,Gerdau_2025_DFP.pdf,63,10,LAND NOT SEPARABLE; annual charge combines depreciation and depletion; gross may be impairment-adjusted; separate ROU excluded; no exact depreciable aggregate or physical age/life,Gerdau_2016_2025_cells.csv
Gerdau,2025,Imobilizado em construção,net,8660488,BRL,thousands,consolidated,Gerdau_2025_DFP.pdf,63,10,LAND NOT SEPARABLE; annual charge combines depreciation and depletion; gross may be impairment-adjusted; separate ROU excluded; no exact depreciable aggregate or physical age/life,Gerdau_2016_2025_cells.csv
Gerdau,2025,Imobilizado em construção,annual_ppe_depreciation_depletion,0,BRL,thousands,consolidated,Gerdau_2025_DFP.pdf,63,10,LAND NOT SEPARABLE; annual charge combines depreciation and depletion; gross may be impairment-adjusted; separate ROU excluded; no exact depreciable aggregate or physical age/life,Gerdau_2016_2025_cells.csv
Gerdau,2025,Outros,gross_cost,2151738,BRL,thousands,consolidated,Gerdau_2025_DFP.pdf,63,10,LAND NOT SEPARABLE; annual charge combines depreciation and depletion; gross may be impairment-adjusted; separate ROU excluded; no exact depreciable aggregate or physical age/life,Gerdau_2016_2025_cells.csv
Gerdau,2025,Outros,accumulated_depreciation,530344,BRL,thousands,consolidated,Gerdau_2025_DFP.pdf,63,10,LAND NOT SEPARABLE; annual charge combines depreciation and depletion; gross may be impairment-adjusted; separate ROU excluded; no exact depreciable aggregate or physical age/life,Gerdau_2016_2025_cells.csv
Gerdau,2025,Outros,net,1621394,BRL,thousands,consolidated,Gerdau_2025_DFP.pdf,63,10,LAND NOT SEPARABLE; annual charge combines depreciation and depletion; gross may be impairment-adjusted; separate ROU excluded; no exact depreciable aggregate or physical age/life,Gerdau_2016_2025_cells.csv
Gerdau,2025,Outros,annual_ppe_depreciation_depletion,105660,BRL,thousands,consolidated,Gerdau_2025_DFP.pdf,63,10,LAND NOT SEPARABLE; annual charge combines depreciation and depletion; gross may be impairment-adjusted; separate ROU excluded; no exact depreciable aggregate or physical age/life,Gerdau_2016_2025_cells.csv
