CNPJ_CIA;DT_REFER;VERSAO;DENOM_CIA;CD_CVM;GRUPO_DFP;MOEDA;ESCALA_MOEDA;ORDEM_EXERC;DT_INI_EXERC;DT_FIM_EXERC;CD_CONTA;DS_CONTA;VL_CONTA;ST_CONTA_FIXA;CVM_SOURCE_ZIP_ROW
00.001.180/0001-26;2023-12-31;2;AXIA ENERGIA S.A.;002437;DF Consolidado - Demonstração do Resultado;REAL;MIL;PENÚLTIMO;2022-01-01;2022-12-31;3.01;Receita de Venda de Bens e/ou Serviços;34074233.0000000000;S;128
00.001.180/0001-26;2023-12-31;2;AXIA ENERGIA S.A.;002437;DF Consolidado - Demonstração do Resultado;REAL;MIL;ÚLTIMO;2023-01-01;2023-12-31;3.01;Receita de Venda de Bens e/ou Serviços;37158908.0000000000;S;129
00.001.180/0001-26;2023-12-31;2;AXIA ENERGIA S.A.;002437;DF Consolidado - Demonstração do Resultado;REAL;MIL;PENÚLTIMO;2022-01-01;2022-12-31;3.02;Custo dos Bens e/ou Serviços Vendidos;-15857610.0000000000;S;130
00.001.180/0001-26;2023-12-31;2;AXIA ENERGIA S.A.;002437;DF Consolidado - Demonstração do Resultado;REAL;MIL;ÚLTIMO;2023-01-01;2023-12-31;3.02;Custo dos Bens e/ou Serviços Vendidos;-18673499.0000000000;S;131
00.001.180/0001-26;2023-12-31;2;AXIA ENERGIA S.A.;002437;DF Consolidado - Demonstração do Resultado;REAL;MIL;PENÚLTIMO;2022-01-01;2022-12-31;3.02.01;Energia comprada para revenda;-3117655.0000000000;N;132
00.001.180/0001-26;2023-12-31;2;AXIA ENERGIA S.A.;002437;DF Consolidado - Demonstração do Resultado;REAL;MIL;ÚLTIMO;2023-01-01;2023-12-31;3.02.01;Energia comprada para revenda;-3028226.0000000000;N;133
00.001.180/0001-26;2023-12-31;2;AXIA ENERGIA S.A.;002437;DF Consolidado - Demonstração do Resultado;REAL;MIL;PENÚLTIMO;2022-01-01;2022-12-31;3.02.02;Encargos sobre uso da rede elétrica;-2746132.0000000000;N;134
00.001.180/0001-26;2023-12-31;2;AXIA ENERGIA S.A.;002437;DF Consolidado - Demonstração do Resultado;REAL;MIL;ÚLTIMO;2023-01-01;2023-12-31;3.02.02;Encargos sobre uso da rede elétrica;-3482126.0000000000;N;135
00.001.180/0001-26;2023-12-31;2;AXIA ENERGIA S.A.;002437;DF Consolidado - Demonstração do Resultado;REAL;MIL;PENÚLTIMO;2022-01-01;2022-12-31;3.02.03;Combustível para produção de energia elétrica;-2085996.0000000000;N;136
00.001.180/0001-26;2023-12-31;2;AXIA ENERGIA S.A.;002437;DF Consolidado - Demonstração do Resultado;REAL;MIL;ÚLTIMO;2023-01-01;2023-12-31;3.02.03;Combustível para produção de energia elétrica;-2042867.0000000000;N;137
00.001.180/0001-26;2023-12-31;2;AXIA ENERGIA S.A.;002437;DF Consolidado - Demonstração do Resultado;REAL;MIL;PENÚLTIMO;2022-01-01;2022-12-31;3.02.04;Construção;-1678631.0000000000;N;138
00.001.180/0001-26;2023-12-31;2;AXIA ENERGIA S.A.;002437;DF Consolidado - Demonstração do Resultado;REAL;MIL;ÚLTIMO;2023-01-01;2023-12-31;3.02.04;Construção;-3291132.0000000000;N;139
00.001.180/0001-26;2023-12-31;2;AXIA ENERGIA S.A.;002437;DF Consolidado - Demonstração do Resultado;REAL;MIL;PENÚLTIMO;2022-01-01;2022-12-31;3.02.05;Pessoal, Material e Serviço;-3589651.0000000000;N;140
00.001.180/0001-26;2023-12-31;2;AXIA ENERGIA S.A.;002437;DF Consolidado - Demonstração do Resultado;REAL;MIL;ÚLTIMO;2023-01-01;2023-12-31;3.02.05;Pessoal, Material e Serviço;-3356356.0000000000;N;141
00.001.180/0001-26;2023-12-31;2;AXIA ENERGIA S.A.;002437;DF Consolidado - Demonstração do Resultado;REAL;MIL;PENÚLTIMO;2022-01-01;2022-12-31;3.02.06;Depreciação;-1427843.0000000000;N;142
00.001.180/0001-26;2023-12-31;2;AXIA ENERGIA S.A.;002437;DF Consolidado - Demonstração do Resultado;REAL;MIL;ÚLTIMO;2023-01-01;2023-12-31;3.02.06;Depreciação;-1776909.0000000000;N;143
00.001.180/0001-26;2023-12-31;2;AXIA ENERGIA S.A.;002437;DF Consolidado - Demonstração do Resultado;REAL;MIL;PENÚLTIMO;2022-01-01;2022-12-31;3.02.07;Amortização;-1052849.0000000000;N;144
00.001.180/0001-26;2023-12-31;2;AXIA ENERGIA S.A.;002437;DF Consolidado - Demonstração do Resultado;REAL;MIL;ÚLTIMO;2023-01-01;2023-12-31;3.02.07;Amortização;-1610698.0000000000;N;145
00.001.180/0001-26;2023-12-31;2;AXIA ENERGIA S.A.;002437;DF Consolidado - Demonstração do Resultado;REAL;MIL;PENÚLTIMO;2022-01-01;2022-12-31;3.02.08;Provisões operacionais;0.0000000000;N;146
00.001.180/0001-26;2023-12-31;2;AXIA ENERGIA S.A.;002437;DF Consolidado - Demonstração do Resultado;REAL;MIL;ÚLTIMO;2023-01-01;2023-12-31;3.02.08;Provisões operacionais;0.0000000000;N;147
00.001.180/0001-26;2023-12-31;2;AXIA ENERGIA S.A.;002437;DF Consolidado - Demonstração do Resultado;REAL;MIL;PENÚLTIMO;2022-01-01;2022-12-31;3.02.09;Outros;-158853.0000000000;N;148
00.001.180/0001-26;2023-12-31;2;AXIA ENERGIA S.A.;002437;DF Consolidado - Demonstração do Resultado;REAL;MIL;ÚLTIMO;2023-01-01;2023-12-31;3.02.09;Outros;-85185.0000000000;N;149
00.001.180/0001-26;2023-12-31;2;AXIA ENERGIA S.A.;002437;DF Consolidado - Demonstração do Resultado;REAL;MIL;PENÚLTIMO;2022-01-01;2022-12-31;3.03;Resultado Bruto;18216623.0000000000;S;150
00.001.180/0001-26;2023-12-31;2;AXIA ENERGIA S.A.;002437;DF Consolidado - Demonstração do Resultado;REAL;MIL;ÚLTIMO;2023-01-01;2023-12-31;3.03;Resultado Bruto;18485409.0000000000;S;151
00.001.180/0001-26;2023-12-31;2;AXIA ENERGIA S.A.;002437;DF Consolidado - Demonstração do Resultado;REAL;MIL;PENÚLTIMO;2022-01-01;2022-12-31;3.04;Despesas/Receitas Operacionais;-10495818.0000000000;S;152
00.001.180/0001-26;2023-12-31;2;AXIA ENERGIA S.A.;002437;DF Consolidado - Demonstração do Resultado;REAL;MIL;ÚLTIMO;2023-01-01;2023-12-31;3.04;Despesas/Receitas Operacionais;-4754911.0000000000;S;153
00.001.180/0001-26;2023-12-31;2;AXIA ENERGIA S.A.;002437;DF Consolidado - Demonstração do Resultado;REAL;MIL;PENÚLTIMO;2022-01-01;2022-12-31;3.04.01;Despesas com Vendas;0.0000000000;S;154
00.001.180/0001-26;2023-12-31;2;AXIA ENERGIA S.A.;002437;DF Consolidado - Demonstração do Resultado;REAL;MIL;ÚLTIMO;2023-01-01;2023-12-31;3.04.01;Despesas com Vendas;0.0000000000;S;155
00.001.180/0001-26;2023-12-31;2;AXIA ENERGIA S.A.;002437;DF Consolidado - Demonstração do Resultado;REAL;MIL;PENÚLTIMO;2022-01-01;2022-12-31;3.04.02;Despesas Gerais e Administrativas;-13417697.0000000000;S;156
00.001.180/0001-26;2023-12-31;2;AXIA ENERGIA S.A.;002437;DF Consolidado - Demonstração do Resultado;REAL;MIL;ÚLTIMO;2023-01-01;2023-12-31;3.04.02;Despesas Gerais e Administrativas;-7947919.0000000000;S;157
00.001.180/0001-26;2023-12-31;2;AXIA ENERGIA S.A.;002437;DF Consolidado - Demonstração do Resultado;REAL;MIL;PENÚLTIMO;2022-01-01;2022-12-31;3.04.02.01;Pessoal, Material, Serviço;-3378346.0000000000;N;158
00.001.180/0001-26;2023-12-31;2;AXIA ENERGIA S.A.;002437;DF Consolidado - Demonstração do Resultado;REAL;MIL;ÚLTIMO;2023-01-01;2023-12-31;3.04.02.01;Pessoal, Material, Serviço;-3496049.0000000000;N;159
00.001.180/0001-26;2023-12-31;2;AXIA ENERGIA S.A.;002437;DF Consolidado - Demonstração do Resultado;REAL;MIL;PENÚLTIMO;2022-01-01;2022-12-31;3.04.02.02;Resultado a compensar Itaipu;0.0000000000;N;160
00.001.180/0001-26;2023-12-31;2;AXIA ENERGIA S.A.;002437;DF Consolidado - Demonstração do Resultado;REAL;MIL;ÚLTIMO;2023-01-01;2023-12-31;3.04.02.02;Resultado a compensar Itaipu;0.0000000000;N;161
00.001.180/0001-26;2023-12-31;2;AXIA ENERGIA S.A.;002437;DF Consolidado - Demonstração do Resultado;REAL;MIL;PENÚLTIMO;2022-01-01;2022-12-31;3.04.02.06;Remuneração e Ressarcimento;0.0000000000;N;162
00.001.180/0001-26;2023-12-31;2;AXIA ENERGIA S.A.;002437;DF Consolidado - Demonstração do Resultado;REAL;MIL;ÚLTIMO;2023-01-01;2023-12-31;3.04.02.06;Remuneração e Ressarcimento;0.0000000000;N;163
00.001.180/0001-26;2023-12-31;2;AXIA ENERGIA S.A.;002437;DF Consolidado - Demonstração do Resultado;REAL;MIL;PENÚLTIMO;2022-01-01;2022-12-31;3.04.02.07;Depreciação;-174359.0000000000;N;164
00.001.180/0001-26;2023-12-31;2;AXIA ENERGIA S.A.;002437;DF Consolidado - Demonstração do Resultado;REAL;MIL;ÚLTIMO;2023-01-01;2023-12-31;3.04.02.07;Depreciação;-204932.0000000000;N;165
00.001.180/0001-26;2023-12-31;2;AXIA ENERGIA S.A.;002437;DF Consolidado - Demonstração do Resultado;REAL;MIL;PENÚLTIMO;2022-01-01;2022-12-31;3.04.02.08;Amortização;-35217.0000000000;N;166
00.001.180/0001-26;2023-12-31;2;AXIA ENERGIA S.A.;002437;DF Consolidado - Demonstração do Resultado;REAL;MIL;ÚLTIMO;2023-01-01;2023-12-31;3.04.02.08;Amortização;-28803.0000000000;N;167
00.001.180/0001-26;2023-12-31;2;AXIA ENERGIA S.A.;002437;DF Consolidado - Demonstração do Resultado;REAL;MIL;PENÚLTIMO;2022-01-01;2022-12-31;3.04.02.09;Provisões operacionais;-6928425.0000000000;N;168
00.001.180/0001-26;2023-12-31;2;AXIA ENERGIA S.A.;002437;DF Consolidado - Demonstração do Resultado;REAL;MIL;ÚLTIMO;2023-01-01;2023-12-31;3.04.02.09;Provisões operacionais;-2195790.0000000000;N;169
00.001.180/0001-26;2023-12-31;2;AXIA ENERGIA S.A.;002437;DF Consolidado - Demonstração do Resultado;REAL;MIL;PENÚLTIMO;2022-01-01;2022-12-31;3.04.02.10;Doações e contribuições;-206438.0000000000;N;170
00.001.180/0001-26;2023-12-31;2;AXIA ENERGIA S.A.;002437;DF Consolidado - Demonstração do Resultado;REAL;MIL;ÚLTIMO;2023-01-01;2023-12-31;3.04.02.10;Doações e contribuições;-111101.0000000000;N;171
00.001.180/0001-26;2023-12-31;2;AXIA ENERGIA S.A.;002437;DF Consolidado - Demonstração do Resultado;REAL;MIL;PENÚLTIMO;2022-01-01;2022-12-31;3.04.02.11;Plano de demissão voluntária;-1260370.0000000000;N;172
00.001.180/0001-26;2023-12-31;2;AXIA ENERGIA S.A.;002437;DF Consolidado - Demonstração do Resultado;REAL;MIL;ÚLTIMO;2023-01-01;2023-12-31;3.04.02.11;Plano de demissão voluntária;-544609.0000000000;N;173
00.001.180/0001-26;2023-12-31;2;AXIA ENERGIA S.A.;002437;DF Consolidado - Demonstração do Resultado;REAL;MIL;PENÚLTIMO;2022-01-01;2022-12-31;3.04.02.12;Achados Investigação;0.0000000000;N;174
00.001.180/0001-26;2023-12-31;2;AXIA ENERGIA S.A.;002437;DF Consolidado - Demonstração do Resultado;REAL;MIL;ÚLTIMO;2023-01-01;2023-12-31;3.04.02.12;Achados Investigação;0.0000000000;N;175
00.001.180/0001-26;2023-12-31;2;AXIA ENERGIA S.A.;002437;DF Consolidado - Demonstração do Resultado;REAL;MIL;PENÚLTIMO;2022-01-01;2022-12-31;3.04.02.13;Outros;-1434542.0000000000;N;176
00.001.180/0001-26;2023-12-31;2;AXIA ENERGIA S.A.;002437;DF Consolidado - Demonstração do Resultado;REAL;MIL;ÚLTIMO;2023-01-01;2023-12-31;3.04.02.13;Outros;-1366635.0000000000;N;177
00.001.180/0001-26;2023-12-31;2;AXIA ENERGIA S.A.;002437;DF Consolidado - Demonstração do Resultado;REAL;MIL;PENÚLTIMO;2022-01-01;2022-12-31;3.04.03;Perdas pela Não Recuperabilidade de Ativos;0.0000000000;S;178
00.001.180/0001-26;2023-12-31;2;AXIA ENERGIA S.A.;002437;DF Consolidado - Demonstração do Resultado;REAL;MIL;ÚLTIMO;2023-01-01;2023-12-31;3.04.03;Perdas pela Não Recuperabilidade de Ativos;0.0000000000;S;179
00.001.180/0001-26;2023-12-31;2;AXIA ENERGIA S.A.;002437;DF Consolidado - Demonstração do Resultado;REAL;MIL;PENÚLTIMO;2022-01-01;2022-12-31;3.04.04;Outras Receitas Operacionais;552102.0000000000;S;180
00.001.180/0001-26;2023-12-31;2;AXIA ENERGIA S.A.;002437;DF Consolidado - Demonstração do Resultado;REAL;MIL;ÚLTIMO;2023-01-01;2023-12-31;3.04.04;Outras Receitas Operacionais;1130918.0000000000;S;181
00.001.180/0001-26;2023-12-31;2;AXIA ENERGIA S.A.;002437;DF Consolidado - Demonstração do Resultado;REAL;MIL;PENÚLTIMO;2022-01-01;2022-12-31;3.04.05;Outras Despesas Operacionais;0.0000000000;S;182
00.001.180/0001-26;2023-12-31;2;AXIA ENERGIA S.A.;002437;DF Consolidado - Demonstração do Resultado;REAL;MIL;ÚLTIMO;2023-01-01;2023-12-31;3.04.05;Outras Despesas Operacionais;0.0000000000;S;183
00.001.180/0001-26;2023-12-31;2;AXIA ENERGIA S.A.;002437;DF Consolidado - Demonstração do Resultado;REAL;MIL;PENÚLTIMO;2022-01-01;2022-12-31;3.04.06;Resultado de Equivalência Patrimonial;2369777.0000000000;S;184
00.001.180/0001-26;2023-12-31;2;AXIA ENERGIA S.A.;002437;DF Consolidado - Demonstração do Resultado;REAL;MIL;ÚLTIMO;2023-01-01;2023-12-31;3.04.06;Resultado de Equivalência Patrimonial;2062090.0000000000;S;185
00.001.180/0001-26;2023-12-31;2;AXIA ENERGIA S.A.;002437;DF Consolidado - Demonstração do Resultado;REAL;MIL;PENÚLTIMO;2022-01-01;2022-12-31;3.05;Resultado Antes do Resultado Financeiro e dos Tributos;7720805.0000000000;S;186
00.001.180/0001-26;2023-12-31;2;AXIA ENERGIA S.A.;002437;DF Consolidado - Demonstração do Resultado;REAL;MIL;ÚLTIMO;2023-01-01;2023-12-31;3.05;Resultado Antes do Resultado Financeiro e dos Tributos;13730498.0000000000;S;187
00.001.180/0001-26;2023-12-31;2;AXIA ENERGIA S.A.;002437;DF Consolidado - Demonstração do Resultado;REAL;MIL;PENÚLTIMO;2022-01-01;2022-12-31;3.06;Resultado Financeiro;-4373595.0000000000;S;188
00.001.180/0001-26;2023-12-31;2;AXIA ENERGIA S.A.;002437;DF Consolidado - Demonstração do Resultado;REAL;MIL;ÚLTIMO;2023-01-01;2023-12-31;3.06;Resultado Financeiro;-12002121.0000000000;S;189
00.001.180/0001-26;2023-12-31;2;AXIA ENERGIA S.A.;002437;DF Consolidado - Demonstração do Resultado;REAL;MIL;PENÚLTIMO;2022-01-01;2022-12-31;3.06.01;Receitas Financeiras;6079243.0000000000;S;190
00.001.180/0001-26;2023-12-31;2;AXIA ENERGIA S.A.;002437;DF Consolidado - Demonstração do Resultado;REAL;MIL;ÚLTIMO;2023-01-01;2023-12-31;3.06.01;Receitas Financeiras;4307642.0000000000;S;191
00.001.180/0001-26;2023-12-31;2;AXIA ENERGIA S.A.;002437;DF Consolidado - Demonstração do Resultado;REAL;MIL;PENÚLTIMO;2022-01-01;2022-12-31;3.06.02;Despesas Financeiras;-10452838.0000000000;S;192
00.001.180/0001-26;2023-12-31;2;AXIA ENERGIA S.A.;002437;DF Consolidado - Demonstração do Resultado;REAL;MIL;ÚLTIMO;2023-01-01;2023-12-31;3.06.02;Despesas Financeiras;-16309763.0000000000;S;193
00.001.180/0001-26;2023-12-31;2;AXIA ENERGIA S.A.;002437;DF Consolidado - Demonstração do Resultado;REAL;MIL;PENÚLTIMO;2022-01-01;2022-12-31;3.07;Resultado Antes dos Tributos sobre o Lucro;3347210.0000000000;S;194
00.001.180/0001-26;2023-12-31;2;AXIA ENERGIA S.A.;002437;DF Consolidado - Demonstração do Resultado;REAL;MIL;ÚLTIMO;2023-01-01;2023-12-31;3.07;Resultado Antes dos Tributos sobre o Lucro;1728377.0000000000;S;195
00.001.180/0001-26;2023-12-31;2;AXIA ENERGIA S.A.;002437;DF Consolidado - Demonstração do Resultado;REAL;MIL;PENÚLTIMO;2022-01-01;2022-12-31;3.08;Imposto de Renda e Contribuição Social sobre o Lucro;-695613.0000000000;S;196
00.001.180/0001-26;2023-12-31;2;AXIA ENERGIA S.A.;002437;DF Consolidado - Demonstração do Resultado;REAL;MIL;ÚLTIMO;2023-01-01;2023-12-31;3.08;Imposto de Renda e Contribuição Social sobre o Lucro;2998498.0000000000;S;197
00.001.180/0001-26;2023-12-31;2;AXIA ENERGIA S.A.;002437;DF Consolidado - Demonstração do Resultado;REAL;MIL;PENÚLTIMO;2022-01-01;2022-12-31;3.08.01;Corrente;-1630034.0000000000;S;198
00.001.180/0001-26;2023-12-31;2;AXIA ENERGIA S.A.;002437;DF Consolidado - Demonstração do Resultado;REAL;MIL;ÚLTIMO;2023-01-01;2023-12-31;3.08.01;Corrente;-512503.0000000000;S;199
00.001.180/0001-26;2023-12-31;2;AXIA ENERGIA S.A.;002437;DF Consolidado - Demonstração do Resultado;REAL;MIL;PENÚLTIMO;2022-01-01;2022-12-31;3.08.02;Diferido;934421.0000000000;S;200
00.001.180/0001-26;2023-12-31;2;AXIA ENERGIA S.A.;002437;DF Consolidado - Demonstração do Resultado;REAL;MIL;ÚLTIMO;2023-01-01;2023-12-31;3.08.02;Diferido;3511001.0000000000;S;201
00.001.180/0001-26;2023-12-31;2;AXIA ENERGIA S.A.;002437;DF Consolidado - Demonstração do Resultado;REAL;MIL;PENÚLTIMO;2022-01-01;2022-12-31;3.09;Resultado Líquido das Operações Continuadas;2651597.0000000000;S;202
00.001.180/0001-26;2023-12-31;2;AXIA ENERGIA S.A.;002437;DF Consolidado - Demonstração do Resultado;REAL;MIL;ÚLTIMO;2023-01-01;2023-12-31;3.09;Resultado Líquido das Operações Continuadas;4726875.0000000000;S;203
00.001.180/0001-26;2023-12-31;2;AXIA ENERGIA S.A.;002437;DF Consolidado - Demonstração do Resultado;REAL;MIL;PENÚLTIMO;2022-01-01;2022-12-31;3.10;Resultado Líquido de Operações Descontinuadas;986785.0000000000;S;204
00.001.180/0001-26;2023-12-31;2;AXIA ENERGIA S.A.;002437;DF Consolidado - Demonstração do Resultado;REAL;MIL;ÚLTIMO;2023-01-01;2023-12-31;3.10;Resultado Líquido de Operações Descontinuadas;-332014.0000000000;S;205
00.001.180/0001-26;2023-12-31;2;AXIA ENERGIA S.A.;002437;DF Consolidado - Demonstração do Resultado;REAL;MIL;PENÚLTIMO;2022-01-01;2022-12-31;3.10.01;Lucro/Prejuízo Líquido das Operações Descontinuadas;986785.0000000000;S;206
00.001.180/0001-26;2023-12-31;2;AXIA ENERGIA S.A.;002437;DF Consolidado - Demonstração do Resultado;REAL;MIL;ÚLTIMO;2023-01-01;2023-12-31;3.10.01;Lucro/Prejuízo Líquido das Operações Descontinuadas;-332014.0000000000;S;207
00.001.180/0001-26;2023-12-31;2;AXIA ENERGIA S.A.;002437;DF Consolidado - Demonstração do Resultado;REAL;MIL;PENÚLTIMO;2022-01-01;2022-12-31;3.10.02;Ganhos/Perdas Líquidas sobre Ativos de Operações Descontinuadas;0.0000000000;S;208
00.001.180/0001-26;2023-12-31;2;AXIA ENERGIA S.A.;002437;DF Consolidado - Demonstração do Resultado;REAL;MIL;ÚLTIMO;2023-01-01;2023-12-31;3.10.02;Ganhos/Perdas Líquidas sobre Ativos de Operações Descontinuadas;0.0000000000;S;209
00.001.180/0001-26;2023-12-31;2;AXIA ENERGIA S.A.;002437;DF Consolidado - Demonstração do Resultado;REAL;MIL;PENÚLTIMO;2022-01-01;2022-12-31;3.11;Lucro/Prejuízo Consolidado do Período;3638382.0000000000;S;210
00.001.180/0001-26;2023-12-31;2;AXIA ENERGIA S.A.;002437;DF Consolidado - Demonstração do Resultado;REAL;MIL;ÚLTIMO;2023-01-01;2023-12-31;3.11;Lucro/Prejuízo Consolidado do Período;4394861.0000000000;S;211
00.001.180/0001-26;2023-12-31;2;AXIA ENERGIA S.A.;002437;DF Consolidado - Demonstração do Resultado;REAL;MIL;PENÚLTIMO;2022-01-01;2022-12-31;3.11.01;Atribuído a Sócios da Empresa Controladora;3635377.0000000000;S;212
00.001.180/0001-26;2023-12-31;2;AXIA ENERGIA S.A.;002437;DF Consolidado - Demonstração do Resultado;REAL;MIL;ÚLTIMO;2023-01-01;2023-12-31;3.11.01;Atribuído a Sócios da Empresa Controladora;4549774.0000000000;S;213
00.001.180/0001-26;2023-12-31;2;AXIA ENERGIA S.A.;002437;DF Consolidado - Demonstração do Resultado;REAL;MIL;PENÚLTIMO;2022-01-01;2022-12-31;3.11.02;Atribuído a Sócios Não Controladores;3005.0000000000;S;214
00.001.180/0001-26;2023-12-31;2;AXIA ENERGIA S.A.;002437;DF Consolidado - Demonstração do Resultado;REAL;MIL;ÚLTIMO;2023-01-01;2023-12-31;3.11.02;Atribuído a Sócios Não Controladores;-154913.0000000000;S;215
00.001.180/0001-26;2023-12-31;2;AXIA ENERGIA S.A.;002437;DF Consolidado - Demonstração do Resultado;REAL;MIL;PENÚLTIMO;2022-01-01;2022-12-31;3.99;Lucro por Ação - (Reais / Ação);0.0000000000;N;216
00.001.180/0001-26;2023-12-31;2;AXIA ENERGIA S.A.;002437;DF Consolidado - Demonstração do Resultado;REAL;MIL;ÚLTIMO;2023-01-01;2023-12-31;3.99;Lucro por Ação - (Reais / Ação);0.0000000000;N;217
00.001.180/0001-26;2023-12-31;2;AXIA ENERGIA S.A.;002437;DF Consolidado - Demonstração do Resultado;REAL;MIL;PENÚLTIMO;2022-01-01;2022-12-31;3.99.01;Lucro Básico por Ação;0.0000000000;N;218
00.001.180/0001-26;2023-12-31;2;AXIA ENERGIA S.A.;002437;DF Consolidado - Demonstração do Resultado;REAL;MIL;ÚLTIMO;2023-01-01;2023-12-31;3.99.01;Lucro Básico por Ação;0.0000000000;N;219
00.001.180/0001-26;2023-12-31;2;AXIA ENERGIA S.A.;002437;DF Consolidado - Demonstração do Resultado;REAL;MIL;PENÚLTIMO;2022-01-01;2022-12-31;3.99.01.01;ON;1.8259900000;N;220
00.001.180/0001-26;2023-12-31;2;AXIA ENERGIA S.A.;002437;DF Consolidado - Demonstração do Resultado;REAL;MIL;ÚLTIMO;2023-01-01;2023-12-31;3.99.01.01;ON;1.9791700000;N;221
00.001.180/0001-26;2023-12-31;2;AXIA ENERGIA S.A.;002437;DF Consolidado - Demonstração do Resultado;REAL;MIL;PENÚLTIMO;2022-01-01;2022-12-31;3.99.01.02;PNA;2.0009800000;N;222
00.001.180/0001-26;2023-12-31;2;AXIA ENERGIA S.A.;002437;DF Consolidado - Demonstração do Resultado;REAL;MIL;ÚLTIMO;2023-01-01;2023-12-31;3.99.01.02;PNA;2.1764800000;N;223
00.001.180/0001-26;2023-12-31;2;AXIA ENERGIA S.A.;002437;DF Consolidado - Demonstração do Resultado;REAL;MIL;PENÚLTIMO;2022-01-01;2022-12-31;3.99.01.03;PNB;2.0009800000;N;224
00.001.180/0001-26;2023-12-31;2;AXIA ENERGIA S.A.;002437;DF Consolidado - Demonstração do Resultado;REAL;MIL;ÚLTIMO;2023-01-01;2023-12-31;3.99.01.03;PNB;2.1764800000;N;225
00.001.180/0001-26;2023-12-31;2;AXIA ENERGIA S.A.;002437;DF Consolidado - Demonstração do Resultado;REAL;MIL;PENÚLTIMO;2022-01-01;2022-12-31;3.99.02;Lucro Diluído por Ação;0.0000000000;N;226
00.001.180/0001-26;2023-12-31;2;AXIA ENERGIA S.A.;002437;DF Consolidado - Demonstração do Resultado;REAL;MIL;ÚLTIMO;2023-01-01;2023-12-31;3.99.02;Lucro Diluído por Ação;0.0000000000;N;227
00.001.180/0001-26;2023-12-31;2;AXIA ENERGIA S.A.;002437;DF Consolidado - Demonstração do Resultado;REAL;MIL;PENÚLTIMO;2022-01-01;2022-12-31;3.99.02.01;ON;1.7963800000;N;228
00.001.180/0001-26;2023-12-31;2;AXIA ENERGIA S.A.;002437;DF Consolidado - Demonstração do Resultado;REAL;MIL;ÚLTIMO;2023-01-01;2023-12-31;3.99.02.01;ON;1.9550200000;N;229
00.001.180/0001-26;2023-12-31;2;AXIA ENERGIA S.A.;002437;DF Consolidado - Demonstração do Resultado;REAL;MIL;PENÚLTIMO;2022-01-01;2022-12-31;3.99.02.02;PNA;1.9796500000;N;230
00.001.180/0001-26;2023-12-31;2;AXIA ENERGIA S.A.;002437;DF Consolidado - Demonstração do Resultado;REAL;MIL;ÚLTIMO;2023-01-01;2023-12-31;3.99.02.02;PNA;2.1505100000;N;231
00.001.180/0001-26;2023-12-31;2;AXIA ENERGIA S.A.;002437;DF Consolidado - Demonstração do Resultado;REAL;MIL;PENÚLTIMO;2022-01-01;2022-12-31;3.99.02.03;PNB;1.9796500000;N;232
00.001.180/0001-26;2023-12-31;2;AXIA ENERGIA S.A.;002437;DF Consolidado - Demonstração do Resultado;REAL;MIL;ÚLTIMO;2023-01-01;2023-12-31;3.99.02.03;PNB;2.1505100000;N;233
05.303.439/0001-07;2023-12-31;1;UNIGEL PARTICIPAÇÕES S.A.;026301;DF Consolidado - Demonstração do Resultado;REAL;MIL;PENÚLTIMO;2022-01-01;2022-12-31;3.01;Receita de Venda de Bens e/ou Serviços;9740800.0000000000;S;6420
05.303.439/0001-07;2023-12-31;1;UNIGEL PARTICIPAÇÕES S.A.;026301;DF Consolidado - Demonstração do Resultado;REAL;MIL;ÚLTIMO;2023-01-01;2023-12-31;3.01;Receita de Venda de Bens e/ou Serviços;5151742.0000000000;S;6421
05.303.439/0001-07;2023-12-31;1;UNIGEL PARTICIPAÇÕES S.A.;026301;DF Consolidado - Demonstração do Resultado;REAL;MIL;PENÚLTIMO;2022-01-01;2022-12-31;3.02;Custo dos Bens e/ou Serviços Vendidos;-7999251.0000000000;S;6422
05.303.439/0001-07;2023-12-31;1;UNIGEL PARTICIPAÇÕES S.A.;026301;DF Consolidado - Demonstração do Resultado;REAL;MIL;ÚLTIMO;2023-01-01;2023-12-31;3.02;Custo dos Bens e/ou Serviços Vendidos;-5693540.0000000000;S;6423
05.303.439/0001-07;2023-12-31;1;UNIGEL PARTICIPAÇÕES S.A.;026301;DF Consolidado - Demonstração do Resultado;REAL;MIL;PENÚLTIMO;2022-01-01;2022-12-31;3.03;Resultado Bruto;1741549.0000000000;S;6424
05.303.439/0001-07;2023-12-31;1;UNIGEL PARTICIPAÇÕES S.A.;026301;DF Consolidado - Demonstração do Resultado;REAL;MIL;ÚLTIMO;2023-01-01;2023-12-31;3.03;Resultado Bruto;-541798.0000000000;S;6425
05.303.439/0001-07;2023-12-31;1;UNIGEL PARTICIPAÇÕES S.A.;026301;DF Consolidado - Demonstração do Resultado;REAL;MIL;PENÚLTIMO;2022-01-01;2022-12-31;3.04;Despesas/Receitas Operacionais;-250590.0000000000;S;6426
05.303.439/0001-07;2023-12-31;1;UNIGEL PARTICIPAÇÕES S.A.;026301;DF Consolidado - Demonstração do Resultado;REAL;MIL;ÚLTIMO;2023-01-01;2023-12-31;3.04;Despesas/Receitas Operacionais;-1082837.0000000000;S;6427
05.303.439/0001-07;2023-12-31;1;UNIGEL PARTICIPAÇÕES S.A.;026301;DF Consolidado - Demonstração do Resultado;REAL;MIL;PENÚLTIMO;2022-01-01;2022-12-31;3.04.01;Despesas com Vendas;-63045.0000000000;S;6428
05.303.439/0001-07;2023-12-31;1;UNIGEL PARTICIPAÇÕES S.A.;026301;DF Consolidado - Demonstração do Resultado;REAL;MIL;ÚLTIMO;2023-01-01;2023-12-31;3.04.01;Despesas com Vendas;-58998.0000000000;S;6429
05.303.439/0001-07;2023-12-31;1;UNIGEL PARTICIPAÇÕES S.A.;026301;DF Consolidado - Demonstração do Resultado;REAL;MIL;PENÚLTIMO;2022-01-01;2022-12-31;3.04.02;Despesas Gerais e Administrativas;-183884.0000000000;S;6430
05.303.439/0001-07;2023-12-31;1;UNIGEL PARTICIPAÇÕES S.A.;026301;DF Consolidado - Demonstração do Resultado;REAL;MIL;ÚLTIMO;2023-01-01;2023-12-31;3.04.02;Despesas Gerais e Administrativas;-217143.0000000000;S;6431
05.303.439/0001-07;2023-12-31;1;UNIGEL PARTICIPAÇÕES S.A.;026301;DF Consolidado - Demonstração do Resultado;REAL;MIL;PENÚLTIMO;2022-01-01;2022-12-31;3.04.03;Perdas pela Não Recuperabilidade de Ativos;3553.0000000000;S;6432
05.303.439/0001-07;2023-12-31;1;UNIGEL PARTICIPAÇÕES S.A.;026301;DF Consolidado - Demonstração do Resultado;REAL;MIL;ÚLTIMO;2023-01-01;2023-12-31;3.04.03;Perdas pela Não Recuperabilidade de Ativos;-715764.0000000000;S;6433
05.303.439/0001-07;2023-12-31;1;UNIGEL PARTICIPAÇÕES S.A.;026301;DF Consolidado - Demonstração do Resultado;REAL;MIL;PENÚLTIMO;2022-01-01;2022-12-31;3.04.04;Outras Receitas Operacionais;0.0000000000;S;6434
05.303.439/0001-07;2023-12-31;1;UNIGEL PARTICIPAÇÕES S.A.;026301;DF Consolidado - Demonstração do Resultado;REAL;MIL;ÚLTIMO;2023-01-01;2023-12-31;3.04.04;Outras Receitas Operacionais;433.0000000000;S;6435
05.303.439/0001-07;2023-12-31;1;UNIGEL PARTICIPAÇÕES S.A.;026301;DF Consolidado - Demonstração do Resultado;REAL;MIL;PENÚLTIMO;2022-01-01;2022-12-31;3.04.05;Outras Despesas Operacionais;-7214.0000000000;S;6436
05.303.439/0001-07;2023-12-31;1;UNIGEL PARTICIPAÇÕES S.A.;026301;DF Consolidado - Demonstração do Resultado;REAL;MIL;ÚLTIMO;2023-01-01;2023-12-31;3.04.05;Outras Despesas Operacionais;-91365.0000000000;S;6437
05.303.439/0001-07;2023-12-31;1;UNIGEL PARTICIPAÇÕES S.A.;026301;DF Consolidado - Demonstração do Resultado;REAL;MIL;PENÚLTIMO;2022-01-01;2022-12-31;3.04.06;Resultado de Equivalência Patrimonial;0.0000000000;S;6438
05.303.439/0001-07;2023-12-31;1;UNIGEL PARTICIPAÇÕES S.A.;026301;DF Consolidado - Demonstração do Resultado;REAL;MIL;ÚLTIMO;2023-01-01;2023-12-31;3.04.06;Resultado de Equivalência Patrimonial;0.0000000000;S;6439
05.303.439/0001-07;2023-12-31;1;UNIGEL PARTICIPAÇÕES S.A.;026301;DF Consolidado - Demonstração do Resultado;REAL;MIL;PENÚLTIMO;2022-01-01;2022-12-31;3.05;Resultado Antes do Resultado Financeiro e dos Tributos;1490959.0000000000;S;6440
05.303.439/0001-07;2023-12-31;1;UNIGEL PARTICIPAÇÕES S.A.;026301;DF Consolidado - Demonstração do Resultado;REAL;MIL;ÚLTIMO;2023-01-01;2023-12-31;3.05;Resultado Antes do Resultado Financeiro e dos Tributos;-1624635.0000000000;S;6441
05.303.439/0001-07;2023-12-31;1;UNIGEL PARTICIPAÇÕES S.A.;026301;DF Consolidado - Demonstração do Resultado;REAL;MIL;PENÚLTIMO;2022-01-01;2022-12-31;3.06;Resultado Financeiro;-1123544.0000000000;S;6442
05.303.439/0001-07;2023-12-31;1;UNIGEL PARTICIPAÇÕES S.A.;026301;DF Consolidado - Demonstração do Resultado;REAL;MIL;ÚLTIMO;2023-01-01;2023-12-31;3.06;Resultado Financeiro;-1015648.0000000000;S;6443
05.303.439/0001-07;2023-12-31;1;UNIGEL PARTICIPAÇÕES S.A.;026301;DF Consolidado - Demonstração do Resultado;REAL;MIL;PENÚLTIMO;2022-01-01;2022-12-31;3.06.01;Receitas Financeiras;67660.0000000000;S;6444
05.303.439/0001-07;2023-12-31;1;UNIGEL PARTICIPAÇÕES S.A.;026301;DF Consolidado - Demonstração do Resultado;REAL;MIL;ÚLTIMO;2023-01-01;2023-12-31;3.06.01;Receitas Financeiras;40225.0000000000;S;6445
05.303.439/0001-07;2023-12-31;1;UNIGEL PARTICIPAÇÕES S.A.;026301;DF Consolidado - Demonstração do Resultado;REAL;MIL;PENÚLTIMO;2022-01-01;2022-12-31;3.06.02;Despesas Financeiras;-1191204.0000000000;S;6446
05.303.439/0001-07;2023-12-31;1;UNIGEL PARTICIPAÇÕES S.A.;026301;DF Consolidado - Demonstração do Resultado;REAL;MIL;ÚLTIMO;2023-01-01;2023-12-31;3.06.02;Despesas Financeiras;-1055873.0000000000;S;6447
05.303.439/0001-07;2023-12-31;1;UNIGEL PARTICIPAÇÕES S.A.;026301;DF Consolidado - Demonstração do Resultado;REAL;MIL;PENÚLTIMO;2022-01-01;2022-12-31;3.07;Resultado Antes dos Tributos sobre o Lucro;367415.0000000000;S;6448
05.303.439/0001-07;2023-12-31;1;UNIGEL PARTICIPAÇÕES S.A.;026301;DF Consolidado - Demonstração do Resultado;REAL;MIL;ÚLTIMO;2023-01-01;2023-12-31;3.07;Resultado Antes dos Tributos sobre o Lucro;-2640283.0000000000;S;6449
05.303.439/0001-07;2023-12-31;1;UNIGEL PARTICIPAÇÕES S.A.;026301;DF Consolidado - Demonstração do Resultado;REAL;MIL;PENÚLTIMO;2022-01-01;2022-12-31;3.08;Imposto de Renda e Contribuição Social sobre o Lucro;21302.0000000000;S;6450
05.303.439/0001-07;2023-12-31;1;UNIGEL PARTICIPAÇÕES S.A.;026301;DF Consolidado - Demonstração do Resultado;REAL;MIL;ÚLTIMO;2023-01-01;2023-12-31;3.08;Imposto de Renda e Contribuição Social sobre o Lucro;305851.0000000000;S;6451
05.303.439/0001-07;2023-12-31;1;UNIGEL PARTICIPAÇÕES S.A.;026301;DF Consolidado - Demonstração do Resultado;REAL;MIL;PENÚLTIMO;2022-01-01;2022-12-31;3.08.01;Corrente;-24279.0000000000;S;6452
05.303.439/0001-07;2023-12-31;1;UNIGEL PARTICIPAÇÕES S.A.;026301;DF Consolidado - Demonstração do Resultado;REAL;MIL;ÚLTIMO;2023-01-01;2023-12-31;3.08.01;Corrente;-40448.0000000000;S;6453
05.303.439/0001-07;2023-12-31;1;UNIGEL PARTICIPAÇÕES S.A.;026301;DF Consolidado - Demonstração do Resultado;REAL;MIL;PENÚLTIMO;2022-01-01;2022-12-31;3.08.02;Diferido;45581.0000000000;S;6454
05.303.439/0001-07;2023-12-31;1;UNIGEL PARTICIPAÇÕES S.A.;026301;DF Consolidado - Demonstração do Resultado;REAL;MIL;ÚLTIMO;2023-01-01;2023-12-31;3.08.02;Diferido;346299.0000000000;S;6455
05.303.439/0001-07;2023-12-31;1;UNIGEL PARTICIPAÇÕES S.A.;026301;DF Consolidado - Demonstração do Resultado;REAL;MIL;PENÚLTIMO;2022-01-01;2022-12-31;3.09;Resultado Líquido das Operações Continuadas;388717.0000000000;S;6456
05.303.439/0001-07;2023-12-31;1;UNIGEL PARTICIPAÇÕES S.A.;026301;DF Consolidado - Demonstração do Resultado;REAL;MIL;ÚLTIMO;2023-01-01;2023-12-31;3.09;Resultado Líquido das Operações Continuadas;-2334432.0000000000;S;6457
05.303.439/0001-07;2023-12-31;1;UNIGEL PARTICIPAÇÕES S.A.;026301;DF Consolidado - Demonstração do Resultado;REAL;MIL;PENÚLTIMO;2022-01-01;2022-12-31;3.10;Resultado Líquido de Operações Descontinuadas;0.0000000000;S;6458
05.303.439/0001-07;2023-12-31;1;UNIGEL PARTICIPAÇÕES S.A.;026301;DF Consolidado - Demonstração do Resultado;REAL;MIL;ÚLTIMO;2023-01-01;2023-12-31;3.10;Resultado Líquido de Operações Descontinuadas;0.0000000000;S;6459
05.303.439/0001-07;2023-12-31;1;UNIGEL PARTICIPAÇÕES S.A.;026301;DF Consolidado - Demonstração do Resultado;REAL;MIL;PENÚLTIMO;2022-01-01;2022-12-31;3.10.01;Lucro/Prejuízo Líquido das Operações Descontinuadas;0.0000000000;S;6460
05.303.439/0001-07;2023-12-31;1;UNIGEL PARTICIPAÇÕES S.A.;026301;DF Consolidado - Demonstração do Resultado;REAL;MIL;ÚLTIMO;2023-01-01;2023-12-31;3.10.01;Lucro/Prejuízo Líquido das Operações Descontinuadas;0.0000000000;S;6461
05.303.439/0001-07;2023-12-31;1;UNIGEL PARTICIPAÇÕES S.A.;026301;DF Consolidado - Demonstração do Resultado;REAL;MIL;PENÚLTIMO;2022-01-01;2022-12-31;3.10.02;Ganhos/Perdas Líquidas sobre Ativos de Operações Descontinuadas;0.0000000000;S;6462
05.303.439/0001-07;2023-12-31;1;UNIGEL PARTICIPAÇÕES S.A.;026301;DF Consolidado - Demonstração do Resultado;REAL;MIL;ÚLTIMO;2023-01-01;2023-12-31;3.10.02;Ganhos/Perdas Líquidas sobre Ativos de Operações Descontinuadas;0.0000000000;S;6463
05.303.439/0001-07;2023-12-31;1;UNIGEL PARTICIPAÇÕES S.A.;026301;DF Consolidado - Demonstração do Resultado;REAL;MIL;PENÚLTIMO;2022-01-01;2022-12-31;3.11;Lucro/Prejuízo Consolidado do Período;388717.0000000000;S;6464
05.303.439/0001-07;2023-12-31;1;UNIGEL PARTICIPAÇÕES S.A.;026301;DF Consolidado - Demonstração do Resultado;REAL;MIL;ÚLTIMO;2023-01-01;2023-12-31;3.11;Lucro/Prejuízo Consolidado do Período;-2334432.0000000000;S;6465
05.303.439/0001-07;2023-12-31;1;UNIGEL PARTICIPAÇÕES S.A.;026301;DF Consolidado - Demonstração do Resultado;REAL;MIL;PENÚLTIMO;2022-01-01;2022-12-31;3.11.01;Atribuído a Sócios da Empresa Controladora;388717.0000000000;S;6466
05.303.439/0001-07;2023-12-31;1;UNIGEL PARTICIPAÇÕES S.A.;026301;DF Consolidado - Demonstração do Resultado;REAL;MIL;ÚLTIMO;2023-01-01;2023-12-31;3.11.01;Atribuído a Sócios da Empresa Controladora;-2334432.0000000000;S;6467
05.303.439/0001-07;2023-12-31;1;UNIGEL PARTICIPAÇÕES S.A.;026301;DF Consolidado - Demonstração do Resultado;REAL;MIL;PENÚLTIMO;2022-01-01;2022-12-31;3.11.02;Atribuído a Sócios Não Controladores;0.0000000000;S;6468
05.303.439/0001-07;2023-12-31;1;UNIGEL PARTICIPAÇÕES S.A.;026301;DF Consolidado - Demonstração do Resultado;REAL;MIL;ÚLTIMO;2023-01-01;2023-12-31;3.11.02;Atribuído a Sócios Não Controladores;0.0000000000;S;6469
05.303.439/0001-07;2023-12-31;1;UNIGEL PARTICIPAÇÕES S.A.;026301;DF Consolidado - Demonstração do Resultado;REAL;MIL;PENÚLTIMO;2022-01-01;2022-12-31;3.99;Lucro por Ação - (Reais / Ação);0.0000000000;N;6470
05.303.439/0001-07;2023-12-31;1;UNIGEL PARTICIPAÇÕES S.A.;026301;DF Consolidado - Demonstração do Resultado;REAL;MIL;ÚLTIMO;2023-01-01;2023-12-31;3.99;Lucro por Ação - (Reais / Ação);0.0000000000;N;6471
05.303.439/0001-07;2023-12-31;1;UNIGEL PARTICIPAÇÕES S.A.;026301;DF Consolidado - Demonstração do Resultado;REAL;MIL;PENÚLTIMO;2022-01-01;2022-12-31;3.99.01;Lucro Básico por Ação;0.0000000000;N;6472
05.303.439/0001-07;2023-12-31;1;UNIGEL PARTICIPAÇÕES S.A.;026301;DF Consolidado - Demonstração do Resultado;REAL;MIL;ÚLTIMO;2023-01-01;2023-12-31;3.99.01;Lucro Básico por Ação;0.0000000000;N;6473
05.303.439/0001-07;2023-12-31;1;UNIGEL PARTICIPAÇÕES S.A.;026301;DF Consolidado - Demonstração do Resultado;REAL;MIL;PENÚLTIMO;2022-01-01;2022-12-31;3.99.01.01;ON;0.4646800000;N;6474
05.303.439/0001-07;2023-12-31;1;UNIGEL PARTICIPAÇÕES S.A.;026301;DF Consolidado - Demonstração do Resultado;REAL;MIL;ÚLTIMO;2023-01-01;2023-12-31;3.99.01.01;ON;-2.5347700000;N;6475
05.303.439/0001-07;2023-12-31;1;UNIGEL PARTICIPAÇÕES S.A.;026301;DF Consolidado - Demonstração do Resultado;REAL;MIL;PENÚLTIMO;2022-01-01;2022-12-31;3.99.02;Lucro Diluído por Ação;0.0000000000;N;6476
05.303.439/0001-07;2023-12-31;1;UNIGEL PARTICIPAÇÕES S.A.;026301;DF Consolidado - Demonstração do Resultado;REAL;MIL;ÚLTIMO;2023-01-01;2023-12-31;3.99.02;Lucro Diluído por Ação;0.0000000000;N;6477
05.303.439/0001-07;2023-12-31;1;UNIGEL PARTICIPAÇÕES S.A.;026301;DF Consolidado - Demonstração do Resultado;REAL;MIL;PENÚLTIMO;2022-01-01;2022-12-31;3.99.02.01;ON;0.0000000000;N;6478
05.303.439/0001-07;2023-12-31;1;UNIGEL PARTICIPAÇÕES S.A.;026301;DF Consolidado - Demonstração do Resultado;REAL;MIL;ÚLTIMO;2023-01-01;2023-12-31;3.99.02.01;ON;0.0000000000;N;6479
16.404.287/0001-55;2023-12-31;1;SUZANO S.A.;013986;DF Consolidado - Demonstração do Resultado;REAL;MIL;PENÚLTIMO;2022-01-01;2022-12-31;3.01;Receita de Venda de Bens e/ou Serviços;49830946.0000000000;S;15172
16.404.287/0001-55;2023-12-31;1;SUZANO S.A.;013986;DF Consolidado - Demonstração do Resultado;REAL;MIL;ÚLTIMO;2023-01-01;2023-12-31;3.01;Receita de Venda de Bens e/ou Serviços;39755575.0000000000;S;15173
16.404.287/0001-55;2023-12-31;1;SUZANO S.A.;013986;DF Consolidado - Demonstração do Resultado;REAL;MIL;PENÚLTIMO;2022-01-01;2022-12-31;3.02;Custo dos Bens e/ou Serviços Vendidos;-24821288.0000000000;S;15174
16.404.287/0001-55;2023-12-31;1;SUZANO S.A.;013986;DF Consolidado - Demonstração do Resultado;REAL;MIL;ÚLTIMO;2023-01-01;2023-12-31;3.02;Custo dos Bens e/ou Serviços Vendidos;-25076675.0000000000;S;15175
16.404.287/0001-55;2023-12-31;1;SUZANO S.A.;013986;DF Consolidado - Demonstração do Resultado;REAL;MIL;PENÚLTIMO;2022-01-01;2022-12-31;3.03;Resultado Bruto;25009658.0000000000;S;15176
16.404.287/0001-55;2023-12-31;1;SUZANO S.A.;013986;DF Consolidado - Demonstração do Resultado;REAL;MIL;ÚLTIMO;2023-01-01;2023-12-31;3.03;Resultado Bruto;14678900.0000000000;S;15177
16.404.287/0001-55;2023-12-31;1;SUZANO S.A.;013986;DF Consolidado - Demonstração do Resultado;REAL;MIL;PENÚLTIMO;2022-01-01;2022-12-31;3.04;Despesas/Receitas Operacionais;-2786877.0000000000;S;15178
16.404.287/0001-55;2023-12-31;1;SUZANO S.A.;013986;DF Consolidado - Demonstração do Resultado;REAL;MIL;ÚLTIMO;2023-01-01;2023-12-31;3.04;Despesas/Receitas Operacionais;-2462612.0000000000;S;15179
16.404.287/0001-55;2023-12-31;1;SUZANO S.A.;013986;DF Consolidado - Demonstração do Resultado;REAL;MIL;PENÚLTIMO;2022-01-01;2022-12-31;3.04.01;Despesas com Vendas;-2483194.0000000000;S;15180
16.404.287/0001-55;2023-12-31;1;SUZANO S.A.;013986;DF Consolidado - Demonstração do Resultado;REAL;MIL;ÚLTIMO;2023-01-01;2023-12-31;3.04.01;Despesas com Vendas;-2596377.0000000000;S;15181
16.404.287/0001-55;2023-12-31;1;SUZANO S.A.;013986;DF Consolidado - Demonstração do Resultado;REAL;MIL;PENÚLTIMO;2022-01-01;2022-12-31;3.04.02;Despesas Gerais e Administrativas;-1709767.0000000000;S;15182
16.404.287/0001-55;2023-12-31;1;SUZANO S.A.;013986;DF Consolidado - Demonstração do Resultado;REAL;MIL;ÚLTIMO;2023-01-01;2023-12-31;3.04.02;Despesas Gerais e Administrativas;-1923228.0000000000;S;15183
16.404.287/0001-55;2023-12-31;1;SUZANO S.A.;013986;DF Consolidado - Demonstração do Resultado;REAL;MIL;PENÚLTIMO;2022-01-01;2022-12-31;3.04.03;Perdas pela Não Recuperabilidade de Ativos;0.0000000000;S;15184
16.404.287/0001-55;2023-12-31;1;SUZANO S.A.;013986;DF Consolidado - Demonstração do Resultado;REAL;MIL;ÚLTIMO;2023-01-01;2023-12-31;3.04.03;Perdas pela Não Recuperabilidade de Ativos;0.0000000000;S;15185
16.404.287/0001-55;2023-12-31;1;SUZANO S.A.;013986;DF Consolidado - Demonstração do Resultado;REAL;MIL;PENÚLTIMO;2022-01-01;2022-12-31;3.04.04;Outras Receitas Operacionais;1312913.0000000000;S;15186
16.404.287/0001-55;2023-12-31;1;SUZANO S.A.;013986;DF Consolidado - Demonstração do Resultado;REAL;MIL;ÚLTIMO;2023-01-01;2023-12-31;3.04.04;Outras Receitas Operacionais;2575220.0000000000;S;15187
16.404.287/0001-55;2023-12-31;1;SUZANO S.A.;013986;DF Consolidado - Demonstração do Resultado;REAL;MIL;PENÚLTIMO;2022-01-01;2022-12-31;3.04.05;Outras Despesas Operacionais;-191197.0000000000;S;15188
16.404.287/0001-55;2023-12-31;1;SUZANO S.A.;013986;DF Consolidado - Demonstração do Resultado;REAL;MIL;ÚLTIMO;2023-01-01;2023-12-31;3.04.05;Outras Despesas Operacionais;-498848.0000000000;S;15189
16.404.287/0001-55;2023-12-31;1;SUZANO S.A.;013986;DF Consolidado - Demonstração do Resultado;REAL;MIL;PENÚLTIMO;2022-01-01;2022-12-31;3.04.06;Resultado de Equivalência Patrimonial;284368.0000000000;S;15190
16.404.287/0001-55;2023-12-31;1;SUZANO S.A.;013986;DF Consolidado - Demonstração do Resultado;REAL;MIL;ÚLTIMO;2023-01-01;2023-12-31;3.04.06;Resultado de Equivalência Patrimonial;-19379.0000000000;S;15191
16.404.287/0001-55;2023-12-31;1;SUZANO S.A.;013986;DF Consolidado - Demonstração do Resultado;REAL;MIL;PENÚLTIMO;2022-01-01;2022-12-31;3.05;Resultado Antes do Resultado Financeiro e dos Tributos;22222781.0000000000;S;15192
16.404.287/0001-55;2023-12-31;1;SUZANO S.A.;013986;DF Consolidado - Demonstração do Resultado;REAL;MIL;ÚLTIMO;2023-01-01;2023-12-31;3.05;Resultado Antes do Resultado Financeiro e dos Tributos;12216288.0000000000;S;15193
16.404.287/0001-55;2023-12-31;1;SUZANO S.A.;013986;DF Consolidado - Demonstração do Resultado;REAL;MIL;PENÚLTIMO;2022-01-01;2022-12-31;3.06;Resultado Financeiro;6432800.0000000000;S;15194
16.404.287/0001-55;2023-12-31;1;SUZANO S.A.;013986;DF Consolidado - Demonstração do Resultado;REAL;MIL;ÚLTIMO;2023-01-01;2023-12-31;3.06;Resultado Financeiro;5780928.0000000000;S;15195
16.404.287/0001-55;2023-12-31;1;SUZANO S.A.;013986;DF Consolidado - Demonstração do Resultado;REAL;MIL;PENÚLTIMO;2022-01-01;2022-12-31;3.06.01;Receitas Financeiras;11023170.0000000000;S;15196
16.404.287/0001-55;2023-12-31;1;SUZANO S.A.;013986;DF Consolidado - Demonstração do Resultado;REAL;MIL;ÚLTIMO;2023-01-01;2023-12-31;3.06.01;Receitas Financeiras;10440090.0000000000;S;15197
16.404.287/0001-55;2023-12-31;1;SUZANO S.A.;013986;DF Consolidado - Demonstração do Resultado;REAL;MIL;PENÚLTIMO;2022-01-01;2022-12-31;3.06.02;Despesas Financeiras;-4590370.0000000000;S;15198
16.404.287/0001-55;2023-12-31;1;SUZANO S.A.;013986;DF Consolidado - Demonstração do Resultado;REAL;MIL;ÚLTIMO;2023-01-01;2023-12-31;3.06.02;Despesas Financeiras;-4659162.0000000000;S;15199
16.404.287/0001-55;2023-12-31;1;SUZANO S.A.;013986;DF Consolidado - Demonstração do Resultado;REAL;MIL;PENÚLTIMO;2022-01-01;2022-12-31;3.07;Resultado Antes dos Tributos sobre o Lucro;28655581.0000000000;S;15200
16.404.287/0001-55;2023-12-31;1;SUZANO S.A.;013986;DF Consolidado - Demonstração do Resultado;REAL;MIL;ÚLTIMO;2023-01-01;2023-12-31;3.07;Resultado Antes dos Tributos sobre o Lucro;17997216.0000000000;S;15201
16.404.287/0001-55;2023-12-31;1;SUZANO S.A.;013986;DF Consolidado - Demonstração do Resultado;REAL;MIL;PENÚLTIMO;2022-01-01;2022-12-31;3.08;Imposto de Renda e Contribuição Social sobre o Lucro;-5260694.0000000000;S;15202
16.404.287/0001-55;2023-12-31;1;SUZANO S.A.;013986;DF Consolidado - Demonstração do Resultado;REAL;MIL;ÚLTIMO;2023-01-01;2023-12-31;3.08;Imposto de Renda e Contribuição Social sobre o Lucro;-3890835.0000000000;S;15203
16.404.287/0001-55;2023-12-31;1;SUZANO S.A.;013986;DF Consolidado - Demonstração do Resultado;REAL;MIL;PENÚLTIMO;2022-01-01;2022-12-31;3.08.01;Corrente;-510896.0000000000;S;15204
16.404.287/0001-55;2023-12-31;1;SUZANO S.A.;013986;DF Consolidado - Demonstração do Resultado;REAL;MIL;ÚLTIMO;2023-01-01;2023-12-31;3.08.01;Corrente;-395392.0000000000;S;15205
16.404.287/0001-55;2023-12-31;1;SUZANO S.A.;013986;DF Consolidado - Demonstração do Resultado;REAL;MIL;PENÚLTIMO;2022-01-01;2022-12-31;3.08.02;Diferido;-4749798.0000000000;S;15206
16.404.287/0001-55;2023-12-31;1;SUZANO S.A.;013986;DF Consolidado - Demonstração do Resultado;REAL;MIL;ÚLTIMO;2023-01-01;2023-12-31;3.08.02;Diferido;-3495443.0000000000;S;15207
16.404.287/0001-55;2023-12-31;1;SUZANO S.A.;013986;DF Consolidado - Demonstração do Resultado;REAL;MIL;PENÚLTIMO;2022-01-01;2022-12-31;3.09;Resultado Líquido das Operações Continuadas;23394887.0000000000;S;15208
16.404.287/0001-55;2023-12-31;1;SUZANO S.A.;013986;DF Consolidado - Demonstração do Resultado;REAL;MIL;ÚLTIMO;2023-01-01;2023-12-31;3.09;Resultado Líquido das Operações Continuadas;14106381.0000000000;S;15209
16.404.287/0001-55;2023-12-31;1;SUZANO S.A.;013986;DF Consolidado - Demonstração do Resultado;REAL;MIL;PENÚLTIMO;2022-01-01;2022-12-31;3.10;Resultado Líquido de Operações Descontinuadas;0.0000000000;S;15210
16.404.287/0001-55;2023-12-31;1;SUZANO S.A.;013986;DF Consolidado - Demonstração do Resultado;REAL;MIL;ÚLTIMO;2023-01-01;2023-12-31;3.10;Resultado Líquido de Operações Descontinuadas;0.0000000000;S;15211
16.404.287/0001-55;2023-12-31;1;SUZANO S.A.;013986;DF Consolidado - Demonstração do Resultado;REAL;MIL;PENÚLTIMO;2022-01-01;2022-12-31;3.10.01;Lucro/Prejuízo Líquido das Operações Descontinuadas;0.0000000000;S;15212
16.404.287/0001-55;2023-12-31;1;SUZANO S.A.;013986;DF Consolidado - Demonstração do Resultado;REAL;MIL;ÚLTIMO;2023-01-01;2023-12-31;3.10.01;Lucro/Prejuízo Líquido das Operações Descontinuadas;0.0000000000;S;15213
16.404.287/0001-55;2023-12-31;1;SUZANO S.A.;013986;DF Consolidado - Demonstração do Resultado;REAL;MIL;PENÚLTIMO;2022-01-01;2022-12-31;3.10.02;Ganhos/Perdas Líquidas sobre Ativos de Operações Descontinuadas;0.0000000000;S;15214
16.404.287/0001-55;2023-12-31;1;SUZANO S.A.;013986;DF Consolidado - Demonstração do Resultado;REAL;MIL;ÚLTIMO;2023-01-01;2023-12-31;3.10.02;Ganhos/Perdas Líquidas sobre Ativos de Operações Descontinuadas;0.0000000000;S;15215
16.404.287/0001-55;2023-12-31;1;SUZANO S.A.;013986;DF Consolidado - Demonstração do Resultado;REAL;MIL;PENÚLTIMO;2022-01-01;2022-12-31;3.11;Lucro/Prejuízo Consolidado do Período;23394887.0000000000;S;15216
16.404.287/0001-55;2023-12-31;1;SUZANO S.A.;013986;DF Consolidado - Demonstração do Resultado;REAL;MIL;ÚLTIMO;2023-01-01;2023-12-31;3.11;Lucro/Prejuízo Consolidado do Período;14106381.0000000000;S;15217
16.404.287/0001-55;2023-12-31;1;SUZANO S.A.;013986;DF Consolidado - Demonstração do Resultado;REAL;MIL;PENÚLTIMO;2022-01-01;2022-12-31;3.11.01;Atribuído a Sócios da Empresa Controladora;23381617.0000000000;S;15218
16.404.287/0001-55;2023-12-31;1;SUZANO S.A.;013986;DF Consolidado - Demonstração do Resultado;REAL;MIL;ÚLTIMO;2023-01-01;2023-12-31;3.11.01;Atribuído a Sócios da Empresa Controladora;14084848.0000000000;S;15219
16.404.287/0001-55;2023-12-31;1;SUZANO S.A.;013986;DF Consolidado - Demonstração do Resultado;REAL;MIL;PENÚLTIMO;2022-01-01;2022-12-31;3.11.02;Atribuído a Sócios Não Controladores;13270.0000000000;S;15220
16.404.287/0001-55;2023-12-31;1;SUZANO S.A.;013986;DF Consolidado - Demonstração do Resultado;REAL;MIL;ÚLTIMO;2023-01-01;2023-12-31;3.11.02;Atribuído a Sócios Não Controladores;21533.0000000000;S;15221
16.404.287/0001-55;2023-12-31;1;SUZANO S.A.;013986;DF Consolidado - Demonstração do Resultado;REAL;MIL;PENÚLTIMO;2022-01-01;2022-12-31;3.99;Lucro por Ação - (Reais / Ação);0.0000000000;N;15222
16.404.287/0001-55;2023-12-31;1;SUZANO S.A.;013986;DF Consolidado - Demonstração do Resultado;REAL;MIL;ÚLTIMO;2023-01-01;2023-12-31;3.99;Lucro por Ação - (Reais / Ação);0.0000000000;N;15223
16.404.287/0001-55;2023-12-31;1;SUZANO S.A.;013986;DF Consolidado - Demonstração do Resultado;REAL;MIL;PENÚLTIMO;2022-01-01;2022-12-31;3.99.01;Lucro Básico por Ação;0.0000000000;N;15224
16.404.287/0001-55;2023-12-31;1;SUZANO S.A.;013986;DF Consolidado - Demonstração do Resultado;REAL;MIL;ÚLTIMO;2023-01-01;2023-12-31;3.99.01;Lucro Básico por Ação;0.0000000000;N;15225
16.404.287/0001-55;2023-12-31;1;SUZANO S.A.;013986;DF Consolidado - Demonstração do Resultado;REAL;MIL;PENÚLTIMO;2022-01-01;2022-12-31;3.99.01.01;ON;17.5772400000;N;15226
16.404.287/0001-55;2023-12-31;1;SUZANO S.A.;013986;DF Consolidado - Demonstração do Resultado;REAL;MIL;ÚLTIMO;2023-01-01;2023-12-31;3.99.01.01;ON;10.8579400000;N;15227
16.404.287/0001-55;2023-12-31;1;SUZANO S.A.;013986;DF Consolidado - Demonstração do Resultado;REAL;MIL;PENÚLTIMO;2022-01-01;2022-12-31;3.99.01.02;PNA;0.0000000000;N;15228
16.404.287/0001-55;2023-12-31;1;SUZANO S.A.;013986;DF Consolidado - Demonstração do Resultado;REAL;MIL;ÚLTIMO;2023-01-01;2023-12-31;3.99.01.02;PNA;0.0000000000;N;15229
16.404.287/0001-55;2023-12-31;1;SUZANO S.A.;013986;DF Consolidado - Demonstração do Resultado;REAL;MIL;PENÚLTIMO;2022-01-01;2022-12-31;3.99.01.03;PNB;0.0000000000;N;15230
16.404.287/0001-55;2023-12-31;1;SUZANO S.A.;013986;DF Consolidado - Demonstração do Resultado;REAL;MIL;ÚLTIMO;2023-01-01;2023-12-31;3.99.01.03;PNB;0.0000000000;N;15231
16.404.287/0001-55;2023-12-31;1;SUZANO S.A.;013986;DF Consolidado - Demonstração do Resultado;REAL;MIL;PENÚLTIMO;2022-01-01;2022-12-31;3.99.02;Lucro Diluído por Ação;0.0000000000;N;15232
16.404.287/0001-55;2023-12-31;1;SUZANO S.A.;013986;DF Consolidado - Demonstração do Resultado;REAL;MIL;ÚLTIMO;2023-01-01;2023-12-31;3.99.02;Lucro Diluído por Ação;0.0000000000;N;15233
16.404.287/0001-55;2023-12-31;1;SUZANO S.A.;013986;DF Consolidado - Demonstração do Resultado;REAL;MIL;PENÚLTIMO;2022-01-01;2022-12-31;3.99.02.01;ON;17.5730500000;N;15234
16.404.287/0001-55;2023-12-31;1;SUZANO S.A.;013986;DF Consolidado - Demonstração do Resultado;REAL;MIL;ÚLTIMO;2023-01-01;2023-12-31;3.99.02.01;ON;10.8538700000;N;15235
16.404.287/0001-55;2023-12-31;1;SUZANO S.A.;013986;DF Consolidado - Demonstração do Resultado;REAL;MIL;PENÚLTIMO;2022-01-01;2022-12-31;3.99.02.02;PNA;0.0000000000;N;15236
16.404.287/0001-55;2023-12-31;1;SUZANO S.A.;013986;DF Consolidado - Demonstração do Resultado;REAL;MIL;ÚLTIMO;2023-01-01;2023-12-31;3.99.02.02;PNA;0.0000000000;N;15237
16.404.287/0001-55;2023-12-31;1;SUZANO S.A.;013986;DF Consolidado - Demonstração do Resultado;REAL;MIL;PENÚLTIMO;2022-01-01;2022-12-31;3.99.02.03;PNB;0.0000000000;N;15238
16.404.287/0001-55;2023-12-31;1;SUZANO S.A.;013986;DF Consolidado - Demonstração do Resultado;REAL;MIL;ÚLTIMO;2023-01-01;2023-12-31;3.99.02.03;PNB;0.0000000000;N;15239
33.000.167/0001-01;2023-12-31;2;PETROLEO BRASILEIRO S.A. PETROBRAS;009512;DF Consolidado - Demonstração do Resultado;REAL;MIL;PENÚLTIMO;2022-01-01;2022-12-31;3.01;Receita de Venda de Bens e/ou Serviços;641256000.0000000000;S;19970
33.000.167/0001-01;2023-12-31;2;PETROLEO BRASILEIRO S.A. PETROBRAS;009512;DF Consolidado - Demonstração do Resultado;REAL;MIL;ÚLTIMO;2023-01-01;2023-12-31;3.01;Receita de Venda de Bens e/ou Serviços;511994000.0000000000;S;19971
33.000.167/0001-01;2023-12-31;2;PETROLEO BRASILEIRO S.A. PETROBRAS;009512;DF Consolidado - Demonstração do Resultado;REAL;MIL;PENÚLTIMO;2022-01-01;2022-12-31;3.02;Custo dos Bens e/ou Serviços Vendidos;-307156000.0000000000;S;19972
33.000.167/0001-01;2023-12-31;2;PETROLEO BRASILEIRO S.A. PETROBRAS;009512;DF Consolidado - Demonstração do Resultado;REAL;MIL;ÚLTIMO;2023-01-01;2023-12-31;3.02;Custo dos Bens e/ou Serviços Vendidos;-242061000.0000000000;S;19973
33.000.167/0001-01;2023-12-31;2;PETROLEO BRASILEIRO S.A. PETROBRAS;009512;DF Consolidado - Demonstração do Resultado;REAL;MIL;PENÚLTIMO;2022-01-01;2022-12-31;3.03;Resultado Bruto;334100000.0000000000;S;19974
33.000.167/0001-01;2023-12-31;2;PETROLEO BRASILEIRO S.A. PETROBRAS;009512;DF Consolidado - Demonstração do Resultado;REAL;MIL;ÚLTIMO;2023-01-01;2023-12-31;3.03;Resultado Bruto;269933000.0000000000;S;19975
33.000.167/0001-01;2023-12-31;2;PETROLEO BRASILEIRO S.A. PETROBRAS;009512;DF Consolidado - Demonstração do Resultado;REAL;MIL;PENÚLTIMO;2022-01-01;2022-12-31;3.04;Despesas/Receitas Operacionais;-39845000.0000000000;S;19976
33.000.167/0001-01;2023-12-31;2;PETROLEO BRASILEIRO S.A. PETROBRAS;009512;DF Consolidado - Demonstração do Resultado;REAL;MIL;ÚLTIMO;2023-01-01;2023-12-31;3.04;Despesas/Receitas Operacionais;-80591000.0000000000;S;19977
33.000.167/0001-01;2023-12-31;2;PETROLEO BRASILEIRO S.A. PETROBRAS;009512;DF Consolidado - Demonstração do Resultado;REAL;MIL;PENÚLTIMO;2022-01-01;2022-12-31;3.04.01;Despesas com Vendas;-25448000.0000000000;S;19978
33.000.167/0001-01;2023-12-31;2;PETROLEO BRASILEIRO S.A. PETROBRAS;009512;DF Consolidado - Demonstração do Resultado;REAL;MIL;ÚLTIMO;2023-01-01;2023-12-31;3.04.01;Despesas com Vendas;-25163000.0000000000;S;19979
33.000.167/0001-01;2023-12-31;2;PETROLEO BRASILEIRO S.A. PETROBRAS;009512;DF Consolidado - Demonstração do Resultado;REAL;MIL;PENÚLTIMO;2022-01-01;2022-12-31;3.04.02;Despesas Gerais e Administrativas;-6877000.0000000000;S;19980
33.000.167/0001-01;2023-12-31;2;PETROLEO BRASILEIRO S.A. PETROBRAS;009512;DF Consolidado - Demonstração do Resultado;REAL;MIL;ÚLTIMO;2023-01-01;2023-12-31;3.04.02;Despesas Gerais e Administrativas;-7952000.0000000000;S;19981
33.000.167/0001-01;2023-12-31;2;PETROLEO BRASILEIRO S.A. PETROBRAS;009512;DF Consolidado - Demonstração do Resultado;REAL;MIL;PENÚLTIMO;2022-01-01;2022-12-31;3.04.03;Perdas pela Não Recuperabilidade de Ativos;0.0000000000;S;19982
33.000.167/0001-01;2023-12-31;2;PETROLEO BRASILEIRO S.A. PETROBRAS;009512;DF Consolidado - Demonstração do Resultado;REAL;MIL;ÚLTIMO;2023-01-01;2023-12-31;3.04.03;Perdas pela Não Recuperabilidade de Ativos;0.0000000000;S;19983
33.000.167/0001-01;2023-12-31;2;PETROLEO BRASILEIRO S.A. PETROBRAS;009512;DF Consolidado - Demonstração do Resultado;REAL;MIL;PENÚLTIMO;2022-01-01;2022-12-31;3.04.04;Outras Receitas Operacionais;0.0000000000;S;19984
33.000.167/0001-01;2023-12-31;2;PETROLEO BRASILEIRO S.A. PETROBRAS;009512;DF Consolidado - Demonstração do Resultado;REAL;MIL;ÚLTIMO;2023-01-01;2023-12-31;3.04.04;Outras Receitas Operacionais;0.0000000000;S;19985
33.000.167/0001-01;2023-12-31;2;PETROLEO BRASILEIRO S.A. PETROBRAS;009512;DF Consolidado - Demonstração do Resultado;REAL;MIL;PENÚLTIMO;2022-01-01;2022-12-31;3.04.05;Outras Despesas Operacionais;-8811000.0000000000;S;19986
33.000.167/0001-01;2023-12-31;2;PETROLEO BRASILEIRO S.A. PETROBRAS;009512;DF Consolidado - Demonstração do Resultado;REAL;MIL;ÚLTIMO;2023-01-01;2023-12-31;3.04.05;Outras Despesas Operacionais;-45996000.0000000000;S;19987
33.000.167/0001-01;2023-12-31;2;PETROLEO BRASILEIRO S.A. PETROBRAS;009512;DF Consolidado - Demonstração do Resultado;REAL;MIL;PENÚLTIMO;2022-01-01;2022-12-31;3.04.05.01;Tributárias;-2272000.0000000000;N;19988
33.000.167/0001-01;2023-12-31;2;PETROLEO BRASILEIRO S.A. PETROBRAS;009512;DF Consolidado - Demonstração do Resultado;REAL;MIL;ÚLTIMO;2023-01-01;2023-12-31;3.04.05.01;Tributárias;-4444000.0000000000;N;19989
33.000.167/0001-01;2023-12-31;2;PETROLEO BRASILEIRO S.A. PETROBRAS;009512;DF Consolidado - Demonstração do Resultado;REAL;MIL;PENÚLTIMO;2022-01-01;2022-12-31;3.04.05.02;Custos com pesquisa e desenvolvimento tecnológico;-4087000.0000000000;N;19990
33.000.167/0001-01;2023-12-31;2;PETROLEO BRASILEIRO S.A. PETROBRAS;009512;DF Consolidado - Demonstração do Resultado;REAL;MIL;ÚLTIMO;2023-01-01;2023-12-31;3.04.05.02;Custos com pesquisa e desenvolvimento tecnológico;-3619000.0000000000;N;19991
33.000.167/0001-01;2023-12-31;2;PETROLEO BRASILEIRO S.A. PETROBRAS;009512;DF Consolidado - Demonstração do Resultado;REAL;MIL;PENÚLTIMO;2022-01-01;2022-12-31;3.04.05.03;Custos exploratórios para extração de petróleo e gás;-4616000.0000000000;N;19992
33.000.167/0001-01;2023-12-31;2;PETROLEO BRASILEIRO S.A. PETROBRAS;009512;DF Consolidado - Demonstração do Resultado;REAL;MIL;ÚLTIMO;2023-01-01;2023-12-31;3.04.05.03;Custos exploratórios para extração de petróleo e gás;-4892000.0000000000;N;19993
33.000.167/0001-01;2023-12-31;2;PETROLEO BRASILEIRO S.A. PETROBRAS;009512;DF Consolidado - Demonstração do Resultado;REAL;MIL;PENÚLTIMO;2022-01-01;2022-12-31;3.04.05.04;Participação nos Lucros ou Resultados;0.0000000000;N;19994
33.000.167/0001-01;2023-12-31;2;PETROLEO BRASILEIRO S.A. PETROBRAS;009512;DF Consolidado - Demonstração do Resultado;REAL;MIL;ÚLTIMO;2023-01-01;2023-12-31;3.04.05.04;Participação nos Lucros ou Resultados;0.0000000000;N;19995
33.000.167/0001-01;2023-12-31;2;PETROLEO BRASILEIRO S.A. PETROBRAS;009512;DF Consolidado - Demonstração do Resultado;REAL;MIL;PENÚLTIMO;2022-01-01;2022-12-31;3.04.05.05;Outras receitas (despesas) operacionais líquidas;9023000.0000000000;N;19996
33.000.167/0001-01;2023-12-31;2;PETROLEO BRASILEIRO S.A. PETROBRAS;009512;DF Consolidado - Demonstração do Resultado;REAL;MIL;ÚLTIMO;2023-01-01;2023-12-31;3.04.05.05;Outras receitas (despesas) operacionais líquidas;-19930000.0000000000;N;19997
33.000.167/0001-01;2023-12-31;2;PETROLEO BRASILEIRO S.A. PETROBRAS;009512;DF Consolidado - Demonstração do Resultado;REAL;MIL;PENÚLTIMO;2022-01-01;2022-12-31;3.04.05.06;Baixa de gastos adicionais capitalizados indevidamente;0.0000000000;N;19998
33.000.167/0001-01;2023-12-31;2;PETROLEO BRASILEIRO S.A. PETROBRAS;009512;DF Consolidado - Demonstração do Resultado;REAL;MIL;ÚLTIMO;2023-01-01;2023-12-31;3.04.05.06;Baixa de gastos adicionais capitalizados indevidamente;0.0000000000;N;19999
33.000.167/0001-01;2023-12-31;2;PETROLEO BRASILEIRO S.A. PETROBRAS;009512;DF Consolidado - Demonstração do Resultado;REAL;MIL;PENÚLTIMO;2022-01-01;2022-12-31;3.04.05.07;Reversão (Perda), líquida, no valor de recuperação de ativos - Impairment;-6859000.0000000000;N;20000
33.000.167/0001-01;2023-12-31;2;PETROLEO BRASILEIRO S.A. PETROBRAS;009512;DF Consolidado - Demonstração do Resultado;REAL;MIL;ÚLTIMO;2023-01-01;2023-12-31;3.04.05.07;Reversão (Perda), líquida, no valor de recuperação de ativos - Impairment;-13111000.0000000000;N;20001
33.000.167/0001-01;2023-12-31;2;PETROLEO BRASILEIRO S.A. PETROBRAS;009512;DF Consolidado - Demonstração do Resultado;REAL;MIL;PENÚLTIMO;2022-01-01;2022-12-31;3.04.06;Resultado de Equivalência Patrimonial;1291000.0000000000;S;20002
33.000.167/0001-01;2023-12-31;2;PETROLEO BRASILEIRO S.A. PETROBRAS;009512;DF Consolidado - Demonstração do Resultado;REAL;MIL;ÚLTIMO;2023-01-01;2023-12-31;3.04.06;Resultado de Equivalência Patrimonial;-1480000.0000000000;S;20003
33.000.167/0001-01;2023-12-31;2;PETROLEO BRASILEIRO S.A. PETROBRAS;009512;DF Consolidado - Demonstração do Resultado;REAL;MIL;PENÚLTIMO;2022-01-01;2022-12-31;3.05;Resultado Antes do Resultado Financeiro e dos Tributos;294255000.0000000000;S;20004
33.000.167/0001-01;2023-12-31;2;PETROLEO BRASILEIRO S.A. PETROBRAS;009512;DF Consolidado - Demonstração do Resultado;REAL;MIL;ÚLTIMO;2023-01-01;2023-12-31;3.05;Resultado Antes do Resultado Financeiro e dos Tributos;189342000.0000000000;S;20005
33.000.167/0001-01;2023-12-31;2;PETROLEO BRASILEIRO S.A. PETROBRAS;009512;DF Consolidado - Demonstração do Resultado;REAL;MIL;PENÚLTIMO;2022-01-01;2022-12-31;3.06;Resultado Financeiro;-19257000.0000000000;S;20006
33.000.167/0001-01;2023-12-31;2;PETROLEO BRASILEIRO S.A. PETROBRAS;009512;DF Consolidado - Demonstração do Resultado;REAL;MIL;ÚLTIMO;2023-01-01;2023-12-31;3.06;Resultado Financeiro;-11861000.0000000000;S;20007
33.000.167/0001-01;2023-12-31;2;PETROLEO BRASILEIRO S.A. PETROBRAS;009512;DF Consolidado - Demonstração do Resultado;REAL;MIL;PENÚLTIMO;2022-01-01;2022-12-31;3.06.01;Receitas Financeiras;9420000.0000000000;S;20008
33.000.167/0001-01;2023-12-31;2;PETROLEO BRASILEIRO S.A. PETROBRAS;009512;DF Consolidado - Demonstração do Resultado;REAL;MIL;ÚLTIMO;2023-01-01;2023-12-31;3.06.01;Receitas Financeiras;10821000.0000000000;S;20009
33.000.167/0001-01;2023-12-31;2;PETROLEO BRASILEIRO S.A. PETROBRAS;009512;DF Consolidado - Demonstração do Resultado;REAL;MIL;PENÚLTIMO;2022-01-01;2022-12-31;3.06.01.01;Receitas financeiras;9420000.0000000000;N;20010
33.000.167/0001-01;2023-12-31;2;PETROLEO BRASILEIRO S.A. PETROBRAS;009512;DF Consolidado - Demonstração do Resultado;REAL;MIL;ÚLTIMO;2023-01-01;2023-12-31;3.06.01.01;Receitas financeiras;10821000.0000000000;N;20011
33.000.167/0001-01;2023-12-31;2;PETROLEO BRASILEIRO S.A. PETROBRAS;009512;DF Consolidado - Demonstração do Resultado;REAL;MIL;PENÚLTIMO;2022-01-01;2022-12-31;3.06.01.02;Variações Monetárias e Cambiais Líquidas;0.0000000000;N;20012
33.000.167/0001-01;2023-12-31;2;PETROLEO BRASILEIRO S.A. PETROBRAS;009512;DF Consolidado - Demonstração do Resultado;REAL;MIL;ÚLTIMO;2023-01-01;2023-12-31;3.06.01.02;Variações Monetárias e Cambiais Líquidas;0.0000000000;N;20013
33.000.167/0001-01;2023-12-31;2;PETROLEO BRASILEIRO S.A. PETROBRAS;009512;DF Consolidado - Demonstração do Resultado;REAL;MIL;PENÚLTIMO;2022-01-01;2022-12-31;3.06.02;Despesas Financeiras;-28677000.0000000000;S;20014
33.000.167/0001-01;2023-12-31;2;PETROLEO BRASILEIRO S.A. PETROBRAS;009512;DF Consolidado - Demonstração do Resultado;REAL;MIL;ÚLTIMO;2023-01-01;2023-12-31;3.06.02;Despesas Financeiras;-22682000.0000000000;S;20015
33.000.167/0001-01;2023-12-31;2;PETROLEO BRASILEIRO S.A. PETROBRAS;009512;DF Consolidado - Demonstração do Resultado;REAL;MIL;PENÚLTIMO;2022-01-01;2022-12-31;3.06.02.01;Despesas financeiras;-18040000.0000000000;N;20016
33.000.167/0001-01;2023-12-31;2;PETROLEO BRASILEIRO S.A. PETROBRAS;009512;DF Consolidado - Demonstração do Resultado;REAL;MIL;ÚLTIMO;2023-01-01;2023-12-31;3.06.02.01;Despesas financeiras;-19542000.0000000000;N;20017
33.000.167/0001-01;2023-12-31;2;PETROLEO BRASILEIRO S.A. PETROBRAS;009512;DF Consolidado - Demonstração do Resultado;REAL;MIL;PENÚLTIMO;2022-01-01;2022-12-31;3.06.02.02;Variações monetárias e cambiais, líquidas;-10637000.0000000000;N;20018
33.000.167/0001-01;2023-12-31;2;PETROLEO BRASILEIRO S.A. PETROBRAS;009512;DF Consolidado - Demonstração do Resultado;REAL;MIL;ÚLTIMO;2023-01-01;2023-12-31;3.06.02.02;Variações monetárias e cambiais, líquidas;-3140000.0000000000;N;20019
33.000.167/0001-01;2023-12-31;2;PETROLEO BRASILEIRO S.A. PETROBRAS;009512;DF Consolidado - Demonstração do Resultado;REAL;MIL;PENÚLTIMO;2022-01-01;2022-12-31;3.07;Resultado Antes dos Tributos sobre o Lucro;274998000.0000000000;S;20020
33.000.167/0001-01;2023-12-31;2;PETROLEO BRASILEIRO S.A. PETROBRAS;009512;DF Consolidado - Demonstração do Resultado;REAL;MIL;ÚLTIMO;2023-01-01;2023-12-31;3.07;Resultado Antes dos Tributos sobre o Lucro;177481000.0000000000;S;20021
33.000.167/0001-01;2023-12-31;2;PETROLEO BRASILEIRO S.A. PETROBRAS;009512;DF Consolidado - Demonstração do Resultado;REAL;MIL;PENÚLTIMO;2022-01-01;2022-12-31;3.08;Imposto de Renda e Contribuição Social sobre o Lucro;-85993000.0000000000;S;20022
33.000.167/0001-01;2023-12-31;2;PETROLEO BRASILEIRO S.A. PETROBRAS;009512;DF Consolidado - Demonstração do Resultado;REAL;MIL;ÚLTIMO;2023-01-01;2023-12-31;3.08;Imposto de Renda e Contribuição Social sobre o Lucro;-52315000.0000000000;S;20023
33.000.167/0001-01;2023-12-31;2;PETROLEO BRASILEIRO S.A. PETROBRAS;009512;DF Consolidado - Demonstração do Resultado;REAL;MIL;PENÚLTIMO;2022-01-01;2022-12-31;3.08.01;Corrente;-81475000.0000000000;S;20024
33.000.167/0001-01;2023-12-31;2;PETROLEO BRASILEIRO S.A. PETROBRAS;009512;DF Consolidado - Demonstração do Resultado;REAL;MIL;ÚLTIMO;2023-01-01;2023-12-31;3.08.01;Corrente;-47773000.0000000000;S;20025
33.000.167/0001-01;2023-12-31;2;PETROLEO BRASILEIRO S.A. PETROBRAS;009512;DF Consolidado - Demonstração do Resultado;REAL;MIL;PENÚLTIMO;2022-01-01;2022-12-31;3.08.02;Diferido;-4518000.0000000000;S;20026
33.000.167/0001-01;2023-12-31;2;PETROLEO BRASILEIRO S.A. PETROBRAS;009512;DF Consolidado - Demonstração do Resultado;REAL;MIL;ÚLTIMO;2023-01-01;2023-12-31;3.08.02;Diferido;-4542000.0000000000;S;20027
33.000.167/0001-01;2023-12-31;2;PETROLEO BRASILEIRO S.A. PETROBRAS;009512;DF Consolidado - Demonstração do Resultado;REAL;MIL;PENÚLTIMO;2022-01-01;2022-12-31;3.09;Resultado Líquido das Operações Continuadas;189005000.0000000000;S;20028
33.000.167/0001-01;2023-12-31;2;PETROLEO BRASILEIRO S.A. PETROBRAS;009512;DF Consolidado - Demonstração do Resultado;REAL;MIL;ÚLTIMO;2023-01-01;2023-12-31;3.09;Resultado Líquido das Operações Continuadas;125166000.0000000000;S;20029
33.000.167/0001-01;2023-12-31;2;PETROLEO BRASILEIRO S.A. PETROBRAS;009512;DF Consolidado - Demonstração do Resultado;REAL;MIL;PENÚLTIMO;2022-01-01;2022-12-31;3.10;Resultado Líquido de Operações Descontinuadas;0.0000000000;S;20030
33.000.167/0001-01;2023-12-31;2;PETROLEO BRASILEIRO S.A. PETROBRAS;009512;DF Consolidado - Demonstração do Resultado;REAL;MIL;ÚLTIMO;2023-01-01;2023-12-31;3.10;Resultado Líquido de Operações Descontinuadas;0.0000000000;S;20031
33.000.167/0001-01;2023-12-31;2;PETROLEO BRASILEIRO S.A. PETROBRAS;009512;DF Consolidado - Demonstração do Resultado;REAL;MIL;PENÚLTIMO;2022-01-01;2022-12-31;3.10.01;Lucro/Prejuízo Líquido das Operações Descontinuadas;0.0000000000;S;20032
33.000.167/0001-01;2023-12-31;2;PETROLEO BRASILEIRO S.A. PETROBRAS;009512;DF Consolidado - Demonstração do Resultado;REAL;MIL;ÚLTIMO;2023-01-01;2023-12-31;3.10.01;Lucro/Prejuízo Líquido das Operações Descontinuadas;0.0000000000;S;20033
33.000.167/0001-01;2023-12-31;2;PETROLEO BRASILEIRO S.A. PETROBRAS;009512;DF Consolidado - Demonstração do Resultado;REAL;MIL;PENÚLTIMO;2022-01-01;2022-12-31;3.10.02;Ganhos/Perdas Líquidas sobre Ativos de Operações Descontinuadas;0.0000000000;S;20034
33.000.167/0001-01;2023-12-31;2;PETROLEO BRASILEIRO S.A. PETROBRAS;009512;DF Consolidado - Demonstração do Resultado;REAL;MIL;ÚLTIMO;2023-01-01;2023-12-31;3.10.02;Ganhos/Perdas Líquidas sobre Ativos de Operações Descontinuadas;0.0000000000;S;20035
33.000.167/0001-01;2023-12-31;2;PETROLEO BRASILEIRO S.A. PETROBRAS;009512;DF Consolidado - Demonstração do Resultado;REAL;MIL;PENÚLTIMO;2022-01-01;2022-12-31;3.11;Lucro/Prejuízo Consolidado do Período;189005000.0000000000;S;20036
33.000.167/0001-01;2023-12-31;2;PETROLEO BRASILEIRO S.A. PETROBRAS;009512;DF Consolidado - Demonstração do Resultado;REAL;MIL;ÚLTIMO;2023-01-01;2023-12-31;3.11;Lucro/Prejuízo Consolidado do Período;125166000.0000000000;S;20037
33.000.167/0001-01;2023-12-31;2;PETROLEO BRASILEIRO S.A. PETROBRAS;009512;DF Consolidado - Demonstração do Resultado;REAL;MIL;PENÚLTIMO;2022-01-01;2022-12-31;3.11.01;Atribuído a Sócios da Empresa Controladora;188328000.0000000000;S;20038
33.000.167/0001-01;2023-12-31;2;PETROLEO BRASILEIRO S.A. PETROBRAS;009512;DF Consolidado - Demonstração do Resultado;REAL;MIL;ÚLTIMO;2023-01-01;2023-12-31;3.11.01;Atribuído a Sócios da Empresa Controladora;124606000.0000000000;S;20039
33.000.167/0001-01;2023-12-31;2;PETROLEO BRASILEIRO S.A. PETROBRAS;009512;DF Consolidado - Demonstração do Resultado;REAL;MIL;PENÚLTIMO;2022-01-01;2022-12-31;3.11.02;Atribuído a Sócios Não Controladores;677000.0000000000;S;20040
33.000.167/0001-01;2023-12-31;2;PETROLEO BRASILEIRO S.A. PETROBRAS;009512;DF Consolidado - Demonstração do Resultado;REAL;MIL;ÚLTIMO;2023-01-01;2023-12-31;3.11.02;Atribuído a Sócios Não Controladores;560000.0000000000;S;20041
33.000.167/0001-01;2023-12-31;2;PETROLEO BRASILEIRO S.A. PETROBRAS;009512;DF Consolidado - Demonstração do Resultado;REAL;MIL;PENÚLTIMO;2022-01-01;2022-12-31;3.99;Lucro por Ação - (Reais / Ação);0.0000000000;N;20042
33.000.167/0001-01;2023-12-31;2;PETROLEO BRASILEIRO S.A. PETROBRAS;009512;DF Consolidado - Demonstração do Resultado;REAL;MIL;ÚLTIMO;2023-01-01;2023-12-31;3.99;Lucro por Ação - (Reais / Ação);0.0000000000;N;20043
33.000.167/0001-01;2023-12-31;2;PETROLEO BRASILEIRO S.A. PETROBRAS;009512;DF Consolidado - Demonstração do Resultado;REAL;MIL;PENÚLTIMO;2022-01-01;2022-12-31;3.99.01;Lucro Básico por Ação;0.0000000000;N;20044
33.000.167/0001-01;2023-12-31;2;PETROLEO BRASILEIRO S.A. PETROBRAS;009512;DF Consolidado - Demonstração do Resultado;REAL;MIL;ÚLTIMO;2023-01-01;2023-12-31;3.99.01;Lucro Básico por Ação;0.0000000000;N;20045
33.000.167/0001-01;2023-12-31;2;PETROLEO BRASILEIRO S.A. PETROBRAS;009512;DF Consolidado - Demonstração do Resultado;REAL;MIL;PENÚLTIMO;2022-01-01;2022-12-31;3.99.01.01;ON;14.4400000000;N;20046
33.000.167/0001-01;2023-12-31;2;PETROLEO BRASILEIRO S.A. PETROBRAS;009512;DF Consolidado - Demonstração do Resultado;REAL;MIL;ÚLTIMO;2023-01-01;2023-12-31;3.99.01.01;ON;9.5700000000;N;20047
33.000.167/0001-01;2023-12-31;2;PETROLEO BRASILEIRO S.A. PETROBRAS;009512;DF Consolidado - Demonstração do Resultado;REAL;MIL;PENÚLTIMO;2022-01-01;2022-12-31;3.99.01.02;PN;14.4400000000;N;20048
33.000.167/0001-01;2023-12-31;2;PETROLEO BRASILEIRO S.A. PETROBRAS;009512;DF Consolidado - Demonstração do Resultado;REAL;MIL;ÚLTIMO;2023-01-01;2023-12-31;3.99.01.02;PN;9.5700000000;N;20049
33.000.167/0001-01;2023-12-31;2;PETROLEO BRASILEIRO S.A. PETROBRAS;009512;DF Consolidado - Demonstração do Resultado;REAL;MIL;PENÚLTIMO;2022-01-01;2022-12-31;3.99.02;Lucro Diluído por Ação;0.0000000000;N;20050
33.000.167/0001-01;2023-12-31;2;PETROLEO BRASILEIRO S.A. PETROBRAS;009512;DF Consolidado - Demonstração do Resultado;REAL;MIL;ÚLTIMO;2023-01-01;2023-12-31;3.99.02;Lucro Diluído por Ação;0.0000000000;N;20051
33.000.167/0001-01;2023-12-31;2;PETROLEO BRASILEIRO S.A. PETROBRAS;009512;DF Consolidado - Demonstração do Resultado;REAL;MIL;PENÚLTIMO;2022-01-01;2022-12-31;3.99.02.01;ON;14.4400000000;N;20052
33.000.167/0001-01;2023-12-31;2;PETROLEO BRASILEIRO S.A. PETROBRAS;009512;DF Consolidado - Demonstração do Resultado;REAL;MIL;ÚLTIMO;2023-01-01;2023-12-31;3.99.02.01;ON;9.5700000000;N;20053
33.000.167/0001-01;2023-12-31;2;PETROLEO BRASILEIRO S.A. PETROBRAS;009512;DF Consolidado - Demonstração do Resultado;REAL;MIL;PENÚLTIMO;2022-01-01;2022-12-31;3.99.02.02;PN;14.4400000000;N;20054
33.000.167/0001-01;2023-12-31;2;PETROLEO BRASILEIRO S.A. PETROBRAS;009512;DF Consolidado - Demonstração do Resultado;REAL;MIL;ÚLTIMO;2023-01-01;2023-12-31;3.99.02.02;PN;9.5700000000;N;20055
33.042.730/0001-04;2023-12-31;1;CIA SIDERURGICA NACIONAL;004030;DF Consolidado - Demonstração do Resultado;REAL;MIL;PENÚLTIMO;2022-01-01;2022-12-31;3.01;Receita de Venda de Bens e/ou Serviços;44362120.0000000000;S;20176
33.042.730/0001-04;2023-12-31;1;CIA SIDERURGICA NACIONAL;004030;DF Consolidado - Demonstração do Resultado;REAL;MIL;ÚLTIMO;2023-01-01;2023-12-31;3.01;Receita de Venda de Bens e/ou Serviços;45437950.0000000000;S;20177
33.042.730/0001-04;2023-12-31;1;CIA SIDERURGICA NACIONAL;004030;DF Consolidado - Demonstração do Resultado;REAL;MIL;PENÚLTIMO;2022-01-01;2022-12-31;3.02;Custo dos Bens e/ou Serviços Vendidos;-31054016.0000000000;S;20178
33.042.730/0001-04;2023-12-31;1;CIA SIDERURGICA NACIONAL;004030;DF Consolidado - Demonstração do Resultado;REAL;MIL;ÚLTIMO;2023-01-01;2023-12-31;3.02;Custo dos Bens e/ou Serviços Vendidos;-33475189.0000000000;S;20179
33.042.730/0001-04;2023-12-31;1;CIA SIDERURGICA NACIONAL;004030;DF Consolidado - Demonstração do Resultado;REAL;MIL;PENÚLTIMO;2022-01-01;2022-12-31;3.03;Resultado Bruto;13308104.0000000000;S;20180
33.042.730/0001-04;2023-12-31;1;CIA SIDERURGICA NACIONAL;004030;DF Consolidado - Demonstração do Resultado;REAL;MIL;ÚLTIMO;2023-01-01;2023-12-31;3.03;Resultado Bruto;11962761.0000000000;S;20181
33.042.730/0001-04;2023-12-31;1;CIA SIDERURGICA NACIONAL;004030;DF Consolidado - Demonstração do Resultado;REAL;MIL;PENÚLTIMO;2022-01-01;2022-12-31;3.04;Despesas/Receitas Operacionais;-5666642.0000000000;S;20182
33.042.730/0001-04;2023-12-31;1;CIA SIDERURGICA NACIONAL;004030;DF Consolidado - Demonstração do Resultado;REAL;MIL;ÚLTIMO;2023-01-01;2023-12-31;3.04;Despesas/Receitas Operacionais;-6776012.0000000000;S;20183
33.042.730/0001-04;2023-12-31;1;CIA SIDERURGICA NACIONAL;004030;DF Consolidado - Demonstração do Resultado;REAL;MIL;PENÚLTIMO;2022-01-01;2022-12-31;3.04.01;Despesas com Vendas;-2575818.0000000000;S;20184
33.042.730/0001-04;2023-12-31;1;CIA SIDERURGICA NACIONAL;004030;DF Consolidado - Demonstração do Resultado;REAL;MIL;ÚLTIMO;2023-01-01;2023-12-31;3.04.01;Despesas com Vendas;-3729089.0000000000;S;20185
33.042.730/0001-04;2023-12-31;1;CIA SIDERURGICA NACIONAL;004030;DF Consolidado - Demonstração do Resultado;REAL;MIL;PENÚLTIMO;2022-01-01;2022-12-31;3.04.02;Despesas Gerais e Administrativas;-674119.0000000000;S;20186
33.042.730/0001-04;2023-12-31;1;CIA SIDERURGICA NACIONAL;004030;DF Consolidado - Demonstração do Resultado;REAL;MIL;ÚLTIMO;2023-01-01;2023-12-31;3.04.02;Despesas Gerais e Administrativas;-760894.0000000000;S;20187
33.042.730/0001-04;2023-12-31;1;CIA SIDERURGICA NACIONAL;004030;DF Consolidado - Demonstração do Resultado;REAL;MIL;PENÚLTIMO;2022-01-01;2022-12-31;3.04.03;Perdas pela Não Recuperabilidade de Ativos;0.0000000000;S;20188
33.042.730/0001-04;2023-12-31;1;CIA SIDERURGICA NACIONAL;004030;DF Consolidado - Demonstração do Resultado;REAL;MIL;ÚLTIMO;2023-01-01;2023-12-31;3.04.03;Perdas pela Não Recuperabilidade de Ativos;0.0000000000;S;20189
33.042.730/0001-04;2023-12-31;1;CIA SIDERURGICA NACIONAL;004030;DF Consolidado - Demonstração do Resultado;REAL;MIL;PENÚLTIMO;2022-01-01;2022-12-31;3.04.04;Outras Receitas Operacionais;253233.0000000000;S;20190
33.042.730/0001-04;2023-12-31;1;CIA SIDERURGICA NACIONAL;004030;DF Consolidado - Demonstração do Resultado;REAL;MIL;ÚLTIMO;2023-01-01;2023-12-31;3.04.04;Outras Receitas Operacionais;450016.0000000000;S;20191
33.042.730/0001-04;2023-12-31;1;CIA SIDERURGICA NACIONAL;004030;DF Consolidado - Demonstração do Resultado;REAL;MIL;PENÚLTIMO;2022-01-01;2022-12-31;3.04.05;Outras Despesas Operacionais;-2907855.0000000000;S;20192
33.042.730/0001-04;2023-12-31;1;CIA SIDERURGICA NACIONAL;004030;DF Consolidado - Demonstração do Resultado;REAL;MIL;ÚLTIMO;2023-01-01;2023-12-31;3.04.05;Outras Despesas Operacionais;-3087176.0000000000;S;20193
33.042.730/0001-04;2023-12-31;1;CIA SIDERURGICA NACIONAL;004030;DF Consolidado - Demonstração do Resultado;REAL;MIL;PENÚLTIMO;2022-01-01;2022-12-31;3.04.06;Resultado de Equivalência Patrimonial;237917.0000000000;S;20194
33.042.730/0001-04;2023-12-31;1;CIA SIDERURGICA NACIONAL;004030;DF Consolidado - Demonstração do Resultado;REAL;MIL;ÚLTIMO;2023-01-01;2023-12-31;3.04.06;Resultado de Equivalência Patrimonial;351131.0000000000;S;20195
33.042.730/0001-04;2023-12-31;1;CIA SIDERURGICA NACIONAL;004030;DF Consolidado - Demonstração do Resultado;REAL;MIL;PENÚLTIMO;2022-01-01;2022-12-31;3.05;Resultado Antes do Resultado Financeiro e dos Tributos;7641462.0000000000;S;20196
33.042.730/0001-04;2023-12-31;1;CIA SIDERURGICA NACIONAL;004030;DF Consolidado - Demonstração do Resultado;REAL;MIL;ÚLTIMO;2023-01-01;2023-12-31;3.05;Resultado Antes do Resultado Financeiro e dos Tributos;5186749.0000000000;S;20197
33.042.730/0001-04;2023-12-31;1;CIA SIDERURGICA NACIONAL;004030;DF Consolidado - Demonstração do Resultado;REAL;MIL;PENÚLTIMO;2022-01-01;2022-12-31;3.06;Resultado Financeiro;-3515025.0000000000;S;20198
33.042.730/0001-04;2023-12-31;1;CIA SIDERURGICA NACIONAL;004030;DF Consolidado - Demonstração do Resultado;REAL;MIL;ÚLTIMO;2023-01-01;2023-12-31;3.06;Resultado Financeiro;-4151382.0000000000;S;20199
33.042.730/0001-04;2023-12-31;1;CIA SIDERURGICA NACIONAL;004030;DF Consolidado - Demonstração do Resultado;REAL;MIL;PENÚLTIMO;2022-01-01;2022-12-31;3.06.01;Receitas Financeiras;-78220.0000000000;S;20200
33.042.730/0001-04;2023-12-31;1;CIA SIDERURGICA NACIONAL;004030;DF Consolidado - Demonstração do Resultado;REAL;MIL;ÚLTIMO;2023-01-01;2023-12-31;3.06.01;Receitas Financeiras;1655747.0000000000;S;20201
33.042.730/0001-04;2023-12-31;1;CIA SIDERURGICA NACIONAL;004030;DF Consolidado - Demonstração do Resultado;REAL;MIL;PENÚLTIMO;2022-01-01;2022-12-31;3.06.02;Despesas Financeiras;-3436805.0000000000;S;20202
33.042.730/0001-04;2023-12-31;1;CIA SIDERURGICA NACIONAL;004030;DF Consolidado - Demonstração do Resultado;REAL;MIL;ÚLTIMO;2023-01-01;2023-12-31;3.06.02;Despesas Financeiras;-5807129.0000000000;S;20203
33.042.730/0001-04;2023-12-31;1;CIA SIDERURGICA NACIONAL;004030;DF Consolidado - Demonstração do Resultado;REAL;MIL;PENÚLTIMO;2022-01-01;2022-12-31;3.06.02.01;Variação Cambial Líquida de Instrumentos Financeiros;735346.0000000000;N;20204
33.042.730/0001-04;2023-12-31;1;CIA SIDERURGICA NACIONAL;004030;DF Consolidado - Demonstração do Resultado;REAL;MIL;ÚLTIMO;2023-01-01;2023-12-31;3.06.02.01;Variação Cambial Líquida de Instrumentos Financeiros;-455052.0000000000;N;20205
33.042.730/0001-04;2023-12-31;1;CIA SIDERURGICA NACIONAL;004030;DF Consolidado - Demonstração do Resultado;REAL;MIL;PENÚLTIMO;2022-01-01;2022-12-31;3.06.02.02;Despesas Financeiras;-4172151.0000000000;N;20206
33.042.730/0001-04;2023-12-31;1;CIA SIDERURGICA NACIONAL;004030;DF Consolidado - Demonstração do Resultado;REAL;MIL;ÚLTIMO;2023-01-01;2023-12-31;3.06.02.02;Despesas Financeiras;-5352077.0000000000;N;20207
33.042.730/0001-04;2023-12-31;1;CIA SIDERURGICA NACIONAL;004030;DF Consolidado - Demonstração do Resultado;REAL;MIL;PENÚLTIMO;2022-01-01;2022-12-31;3.07;Resultado Antes dos Tributos sobre o Lucro;4126437.0000000000;S;20208
33.042.730/0001-04;2023-12-31;1;CIA SIDERURGICA NACIONAL;004030;DF Consolidado - Demonstração do Resultado;REAL;MIL;ÚLTIMO;2023-01-01;2023-12-31;3.07;Resultado Antes dos Tributos sobre o Lucro;1035367.0000000000;S;20209
33.042.730/0001-04;2023-12-31;1;CIA SIDERURGICA NACIONAL;004030;DF Consolidado - Demonstração do Resultado;REAL;MIL;PENÚLTIMO;2022-01-01;2022-12-31;3.08;Imposto de Renda e Contribuição Social sobre o Lucro;-1958739.0000000000;S;20210
33.042.730/0001-04;2023-12-31;1;CIA SIDERURGICA NACIONAL;004030;DF Consolidado - Demonstração do Resultado;REAL;MIL;ÚLTIMO;2023-01-01;2023-12-31;3.08;Imposto de Renda e Contribuição Social sobre o Lucro;-632718.0000000000;S;20211
33.042.730/0001-04;2023-12-31;1;CIA SIDERURGICA NACIONAL;004030;DF Consolidado - Demonstração do Resultado;REAL;MIL;PENÚLTIMO;2022-01-01;2022-12-31;3.08.01;Corrente;-1537966.0000000000;S;20212
33.042.730/0001-04;2023-12-31;1;CIA SIDERURGICA NACIONAL;004030;DF Consolidado - Demonstração do Resultado;REAL;MIL;ÚLTIMO;2023-01-01;2023-12-31;3.08.01;Corrente;-1036262.0000000000;S;20213
33.042.730/0001-04;2023-12-31;1;CIA SIDERURGICA NACIONAL;004030;DF Consolidado - Demonstração do Resultado;REAL;MIL;PENÚLTIMO;2022-01-01;2022-12-31;3.08.02;Diferido;-420773.0000000000;S;20214
33.042.730/0001-04;2023-12-31;1;CIA SIDERURGICA NACIONAL;004030;DF Consolidado - Demonstração do Resultado;REAL;MIL;ÚLTIMO;2023-01-01;2023-12-31;3.08.02;Diferido;403544.0000000000;S;20215
33.042.730/0001-04;2023-12-31;1;CIA SIDERURGICA NACIONAL;004030;DF Consolidado - Demonstração do Resultado;REAL;MIL;PENÚLTIMO;2022-01-01;2022-12-31;3.09;Resultado Líquido das Operações Continuadas;2167698.0000000000;S;20216
33.042.730/0001-04;2023-12-31;1;CIA SIDERURGICA NACIONAL;004030;DF Consolidado - Demonstração do Resultado;REAL;MIL;ÚLTIMO;2023-01-01;2023-12-31;3.09;Resultado Líquido das Operações Continuadas;402649.0000000000;S;20217
33.042.730/0001-04;2023-12-31;1;CIA SIDERURGICA NACIONAL;004030;DF Consolidado - Demonstração do Resultado;REAL;MIL;PENÚLTIMO;2022-01-01;2022-12-31;3.10;Resultado Líquido de Operações Descontinuadas;0.0000000000;S;20218
33.042.730/0001-04;2023-12-31;1;CIA SIDERURGICA NACIONAL;004030;DF Consolidado - Demonstração do Resultado;REAL;MIL;ÚLTIMO;2023-01-01;2023-12-31;3.10;Resultado Líquido de Operações Descontinuadas;0.0000000000;S;20219
33.042.730/0001-04;2023-12-31;1;CIA SIDERURGICA NACIONAL;004030;DF Consolidado - Demonstração do Resultado;REAL;MIL;PENÚLTIMO;2022-01-01;2022-12-31;3.10.01;Lucro/Prejuízo Líquido das Operações Descontinuadas;0.0000000000;S;20220
33.042.730/0001-04;2023-12-31;1;CIA SIDERURGICA NACIONAL;004030;DF Consolidado - Demonstração do Resultado;REAL;MIL;ÚLTIMO;2023-01-01;2023-12-31;3.10.01;Lucro/Prejuízo Líquido das Operações Descontinuadas;0.0000000000;S;20221
33.042.730/0001-04;2023-12-31;1;CIA SIDERURGICA NACIONAL;004030;DF Consolidado - Demonstração do Resultado;REAL;MIL;PENÚLTIMO;2022-01-01;2022-12-31;3.10.02;Ganhos/Perdas Líquidas sobre Ativos de Operações Descontinuadas;0.0000000000;S;20222
33.042.730/0001-04;2023-12-31;1;CIA SIDERURGICA NACIONAL;004030;DF Consolidado - Demonstração do Resultado;REAL;MIL;ÚLTIMO;2023-01-01;2023-12-31;3.10.02;Ganhos/Perdas Líquidas sobre Ativos de Operações Descontinuadas;0.0000000000;S;20223
33.042.730/0001-04;2023-12-31;1;CIA SIDERURGICA NACIONAL;004030;DF Consolidado - Demonstração do Resultado;REAL;MIL;PENÚLTIMO;2022-01-01;2022-12-31;3.11;Lucro/Prejuízo Consolidado do Período;2167698.0000000000;S;20224
33.042.730/0001-04;2023-12-31;1;CIA SIDERURGICA NACIONAL;004030;DF Consolidado - Demonstração do Resultado;REAL;MIL;ÚLTIMO;2023-01-01;2023-12-31;3.11;Lucro/Prejuízo Consolidado do Período;402649.0000000000;S;20225
33.042.730/0001-04;2023-12-31;1;CIA SIDERURGICA NACIONAL;004030;DF Consolidado - Demonstração do Resultado;REAL;MIL;PENÚLTIMO;2022-01-01;2022-12-31;3.11.01;Atribuído a Sócios da Empresa Controladora;1554060.0000000000;S;20226
33.042.730/0001-04;2023-12-31;1;CIA SIDERURGICA NACIONAL;004030;DF Consolidado - Demonstração do Resultado;REAL;MIL;ÚLTIMO;2023-01-01;2023-12-31;3.11.01;Atribuído a Sócios da Empresa Controladora;-318206.0000000000;S;20227
33.042.730/0001-04;2023-12-31;1;CIA SIDERURGICA NACIONAL;004030;DF Consolidado - Demonstração do Resultado;REAL;MIL;PENÚLTIMO;2022-01-01;2022-12-31;3.11.02;Atribuído a Sócios Não Controladores;613638.0000000000;S;20228
33.042.730/0001-04;2023-12-31;1;CIA SIDERURGICA NACIONAL;004030;DF Consolidado - Demonstração do Resultado;REAL;MIL;ÚLTIMO;2023-01-01;2023-12-31;3.11.02;Atribuído a Sócios Não Controladores;720855.0000000000;S;20229
33.042.730/0001-04;2023-12-31;1;CIA SIDERURGICA NACIONAL;004030;DF Consolidado - Demonstração do Resultado;REAL;MIL;PENÚLTIMO;2022-01-01;2022-12-31;3.99;Lucro por Ação - (Reais / Ação);0.0000000000;N;20230
33.042.730/0001-04;2023-12-31;1;CIA SIDERURGICA NACIONAL;004030;DF Consolidado - Demonstração do Resultado;REAL;MIL;ÚLTIMO;2023-01-01;2023-12-31;3.99;Lucro por Ação - (Reais / Ação);0.0000000000;N;20231
33.042.730/0001-04;2023-12-31;1;CIA SIDERURGICA NACIONAL;004030;DF Consolidado - Demonstração do Resultado;REAL;MIL;PENÚLTIMO;2022-01-01;2022-12-31;3.99.01;Lucro Básico por Ação;0.0000000000;N;20232
33.042.730/0001-04;2023-12-31;1;CIA SIDERURGICA NACIONAL;004030;DF Consolidado - Demonstração do Resultado;REAL;MIL;ÚLTIMO;2023-01-01;2023-12-31;3.99.01;Lucro Básico por Ação;0.0000000000;N;20233
33.042.730/0001-04;2023-12-31;1;CIA SIDERURGICA NACIONAL;004030;DF Consolidado - Demonstração do Resultado;REAL;MIL;PENÚLTIMO;2022-01-01;2022-12-31;3.99.01.01;ON;1.1710800000;N;20234
33.042.730/0001-04;2023-12-31;1;CIA SIDERURGICA NACIONAL;004030;DF Consolidado - Demonstração do Resultado;REAL;MIL;ÚLTIMO;2023-01-01;2023-12-31;3.99.01.01;ON;-0.2399600000;N;20235
33.042.730/0001-04;2023-12-31;1;CIA SIDERURGICA NACIONAL;004030;DF Consolidado - Demonstração do Resultado;REAL;MIL;PENÚLTIMO;2022-01-01;2022-12-31;3.99.02;Lucro Diluído por Ação;0.0000000000;N;20236
33.042.730/0001-04;2023-12-31;1;CIA SIDERURGICA NACIONAL;004030;DF Consolidado - Demonstração do Resultado;REAL;MIL;ÚLTIMO;2023-01-01;2023-12-31;3.99.02;Lucro Diluído por Ação;0.0000000000;N;20237
33.042.730/0001-04;2023-12-31;1;CIA SIDERURGICA NACIONAL;004030;DF Consolidado - Demonstração do Resultado;REAL;MIL;PENÚLTIMO;2022-01-01;2022-12-31;3.99.02.01;ON;1.1710800000;N;20238
33.042.730/0001-04;2023-12-31;1;CIA SIDERURGICA NACIONAL;004030;DF Consolidado - Demonstração do Resultado;REAL;MIL;ÚLTIMO;2023-01-01;2023-12-31;3.99.02.01;ON;-0.2399600000;N;20239
33.592.510/0001-54;2023-12-31;1;VALE S.A.;004170;DF Consolidado - Demonstração do Resultado;REAL;MIL;PENÚLTIMO;2022-01-01;2022-12-31;3.01;Receita de Venda de Bens e/ou Serviços;226508000.0000000000;S;21178
33.592.510/0001-54;2023-12-31;1;VALE S.A.;004170;DF Consolidado - Demonstração do Resultado;REAL;MIL;ÚLTIMO;2023-01-01;2023-12-31;3.01;Receita de Venda de Bens e/ou Serviços;208066000.0000000000;S;21179
33.592.510/0001-54;2023-12-31;1;VALE S.A.;004170;DF Consolidado - Demonstração do Resultado;REAL;MIL;PENÚLTIMO;2022-01-01;2022-12-31;3.02;Custo dos Bens e/ou Serviços Vendidos;-124195000.0000000000;S;21180
33.592.510/0001-54;2023-12-31;1;VALE S.A.;004170;DF Consolidado - Demonstração do Resultado;REAL;MIL;ÚLTIMO;2023-01-01;2023-12-31;3.02;Custo dos Bens e/ou Serviços Vendidos;-120016000.0000000000;S;21181
33.592.510/0001-54;2023-12-31;1;VALE S.A.;004170;DF Consolidado - Demonstração do Resultado;REAL;MIL;PENÚLTIMO;2022-01-01;2022-12-31;3.03;Resultado Bruto;102313000.0000000000;S;21182
33.592.510/0001-54;2023-12-31;1;VALE S.A.;004170;DF Consolidado - Demonstração do Resultado;REAL;MIL;ÚLTIMO;2023-01-01;2023-12-31;3.03;Resultado Bruto;88050000.0000000000;S;21183
33.592.510/0001-54;2023-12-31;1;VALE S.A.;004170;DF Consolidado - Demonstração do Resultado;REAL;MIL;PENÚLTIMO;2022-01-01;2022-12-31;3.04;Despesas/Receitas Operacionais;-11987000.0000000000;S;21184
33.592.510/0001-54;2023-12-31;1;VALE S.A.;004170;DF Consolidado - Demonstração do Resultado;REAL;MIL;ÚLTIMO;2023-01-01;2023-12-31;3.04;Despesas/Receitas Operacionais;-22778000.0000000000;S;21185
33.592.510/0001-54;2023-12-31;1;VALE S.A.;004170;DF Consolidado - Demonstração do Resultado;REAL;MIL;PENÚLTIMO;2022-01-01;2022-12-31;3.04.01;Despesas com Vendas;0.0000000000;S;21186
33.592.510/0001-54;2023-12-31;1;VALE S.A.;004170;DF Consolidado - Demonstração do Resultado;REAL;MIL;ÚLTIMO;2023-01-01;2023-12-31;3.04.01;Despesas com Vendas;0.0000000000;S;21187
33.592.510/0001-54;2023-12-31;1;VALE S.A.;004170;DF Consolidado - Demonstração do Resultado;REAL;MIL;PENÚLTIMO;2022-01-01;2022-12-31;3.04.02;Despesas Gerais e Administrativas;-2658000.0000000000;S;21188
33.592.510/0001-54;2023-12-31;1;VALE S.A.;004170;DF Consolidado - Demonstração do Resultado;REAL;MIL;ÚLTIMO;2023-01-01;2023-12-31;3.04.02;Despesas Gerais e Administrativas;-2758000.0000000000;S;21189
33.592.510/0001-54;2023-12-31;1;VALE S.A.;004170;DF Consolidado - Demonstração do Resultado;REAL;MIL;PENÚLTIMO;2022-01-01;2022-12-31;3.04.03;Perdas pela Não Recuperabilidade de Ativos;3833000.0000000000;S;21190
33.592.510/0001-54;2023-12-31;1;VALE S.A.;004170;DF Consolidado - Demonstração do Resultado;REAL;MIL;ÚLTIMO;2023-01-01;2023-12-31;3.04.03;Perdas pela Não Recuperabilidade de Ativos;-1317000.0000000000;S;21191
33.592.510/0001-54;2023-12-31;1;VALE S.A.;004170;DF Consolidado - Demonstração do Resultado;REAL;MIL;PENÚLTIMO;2022-01-01;2022-12-31;3.04.04;Outras Receitas Operacionais;0.0000000000;S;21192
33.592.510/0001-54;2023-12-31;1;VALE S.A.;004170;DF Consolidado - Demonstração do Resultado;REAL;MIL;ÚLTIMO;2023-01-01;2023-12-31;3.04.04;Outras Receitas Operacionais;0.0000000000;S;21193
33.592.510/0001-54;2023-12-31;1;VALE S.A.;004170;DF Consolidado - Demonstração do Resultado;REAL;MIL;PENÚLTIMO;2022-01-01;2022-12-31;3.04.05;Outras Despesas Operacionais;-14778000.0000000000;S;21194
33.592.510/0001-54;2023-12-31;1;VALE S.A.;004170;DF Consolidado - Demonstração do Resultado;REAL;MIL;ÚLTIMO;2023-01-01;2023-12-31;3.04.05;Outras Despesas Operacionais;-13269000.0000000000;S;21195
33.592.510/0001-54;2023-12-31;1;VALE S.A.;004170;DF Consolidado - Demonstração do Resultado;REAL;MIL;PENÚLTIMO;2022-01-01;2022-12-31;3.04.05.01;Evento Brumadinho;-5956000.0000000000;N;21196
33.592.510/0001-54;2023-12-31;1;VALE S.A.;004170;DF Consolidado - Demonstração do Resultado;REAL;MIL;ÚLTIMO;2023-01-01;2023-12-31;3.04.05.01;Evento Brumadinho;-5348000.0000000000;N;21197
33.592.510/0001-54;2023-12-31;1;VALE S.A.;004170;DF Consolidado - Demonstração do Resultado;REAL;MIL;PENÚLTIMO;2022-01-01;2022-12-31;3.04.05.02;Outras despesas operacionais;-8822000.0000000000;N;21198
33.592.510/0001-54;2023-12-31;1;VALE S.A.;004170;DF Consolidado - Demonstração do Resultado;REAL;MIL;ÚLTIMO;2023-01-01;2023-12-31;3.04.05.02;Outras despesas operacionais;-7921000.0000000000;N;21199
33.592.510/0001-54;2023-12-31;1;VALE S.A.;004170;DF Consolidado - Demonstração do Resultado;REAL;MIL;PENÚLTIMO;2022-01-01;2022-12-31;3.04.06;Resultado de Equivalência Patrimonial;1616000.0000000000;S;21200
33.592.510/0001-54;2023-12-31;1;VALE S.A.;004170;DF Consolidado - Demonstração do Resultado;REAL;MIL;ÚLTIMO;2023-01-01;2023-12-31;3.04.06;Resultado de Equivalência Patrimonial;-5434000.0000000000;S;21201
33.592.510/0001-54;2023-12-31;1;VALE S.A.;004170;DF Consolidado - Demonstração do Resultado;REAL;MIL;PENÚLTIMO;2022-01-01;2022-12-31;3.05;Resultado Antes do Resultado Financeiro e dos Tributos;90326000.0000000000;S;21202
33.592.510/0001-54;2023-12-31;1;VALE S.A.;004170;DF Consolidado - Demonstração do Resultado;REAL;MIL;ÚLTIMO;2023-01-01;2023-12-31;3.05;Resultado Antes do Resultado Financeiro e dos Tributos;65272000.0000000000;S;21203
33.592.510/0001-54;2023-12-31;1;VALE S.A.;004170;DF Consolidado - Demonstração do Resultado;REAL;MIL;PENÚLTIMO;2022-01-01;2022-12-31;3.06;Resultado Financeiro;11378000.0000000000;S;21204
33.592.510/0001-54;2023-12-31;1;VALE S.A.;004170;DF Consolidado - Demonstração do Resultado;REAL;MIL;ÚLTIMO;2023-01-01;2023-12-31;3.06;Resultado Financeiro;-9718000.0000000000;S;21205
33.592.510/0001-54;2023-12-31;1;VALE S.A.;004170;DF Consolidado - Demonstração do Resultado;REAL;MIL;PENÚLTIMO;2022-01-01;2022-12-31;3.06.01;Receitas Financeiras;2685000.0000000000;S;21206
33.592.510/0001-54;2023-12-31;1;VALE S.A.;004170;DF Consolidado - Demonstração do Resultado;REAL;MIL;ÚLTIMO;2023-01-01;2023-12-31;3.06.01;Receitas Financeiras;2159000.0000000000;S;21207
33.592.510/0001-54;2023-12-31;1;VALE S.A.;004170;DF Consolidado - Demonstração do Resultado;REAL;MIL;PENÚLTIMO;2022-01-01;2022-12-31;3.06.02;Despesas Financeiras;8693000.0000000000;S;21208
33.592.510/0001-54;2023-12-31;1;VALE S.A.;004170;DF Consolidado - Demonstração do Resultado;REAL;MIL;ÚLTIMO;2023-01-01;2023-12-31;3.06.02;Despesas Financeiras;-11877000.0000000000;S;21209
33.592.510/0001-54;2023-12-31;1;VALE S.A.;004170;DF Consolidado - Demonstração do Resultado;REAL;MIL;PENÚLTIMO;2022-01-01;2022-12-31;3.06.02.01;Despesas financeiras;0.0000000000;N;21210
33.592.510/0001-54;2023-12-31;1;VALE S.A.;004170;DF Consolidado - Demonstração do Resultado;REAL;MIL;ÚLTIMO;2023-01-01;2023-12-31;3.06.02.01;Despesas financeiras;0.0000000000;N;21211
33.592.510/0001-54;2023-12-31;1;VALE S.A.;004170;DF Consolidado - Demonstração do Resultado;REAL;MIL;PENÚLTIMO;2022-01-01;2022-12-31;3.06.02.02;Resultado de alienação/baixa de participação JV/coligadas;0.0000000000;N;21212
33.592.510/0001-54;2023-12-31;1;VALE S.A.;004170;DF Consolidado - Demonstração do Resultado;REAL;MIL;ÚLTIMO;2023-01-01;2023-12-31;3.06.02.02;Resultado de alienação/baixa de participação JV/coligadas;0.0000000000;N;21213
33.592.510/0001-54;2023-12-31;1;VALE S.A.;004170;DF Consolidado - Demonstração do Resultado;REAL;MIL;PENÚLTIMO;2022-01-01;2022-12-31;3.07;Resultado Antes dos Tributos sobre o Lucro;101704000.0000000000;S;21214
33.592.510/0001-54;2023-12-31;1;VALE S.A.;004170;DF Consolidado - Demonstração do Resultado;REAL;MIL;ÚLTIMO;2023-01-01;2023-12-31;3.07;Resultado Antes dos Tributos sobre o Lucro;55554000.0000000000;S;21215
33.592.510/0001-54;2023-12-31;1;VALE S.A.;004170;DF Consolidado - Demonstração do Resultado;REAL;MIL;PENÚLTIMO;2022-01-01;2022-12-31;3.08;Imposto de Renda e Contribuição Social sobre o Lucro;-15185000.0000000000;S;21216
33.592.510/0001-54;2023-12-31;1;VALE S.A.;004170;DF Consolidado - Demonstração do Resultado;REAL;MIL;ÚLTIMO;2023-01-01;2023-12-31;3.08;Imposto de Renda e Contribuição Social sobre o Lucro;-15000000.0000000000;S;21217
33.592.510/0001-54;2023-12-31;1;VALE S.A.;004170;DF Consolidado - Demonstração do Resultado;REAL;MIL;PENÚLTIMO;2022-01-01;2022-12-31;3.08.01;Corrente;-10259000.0000000000;S;21218
33.592.510/0001-54;2023-12-31;1;VALE S.A.;004170;DF Consolidado - Demonstração do Resultado;REAL;MIL;ÚLTIMO;2023-01-01;2023-12-31;3.08.01;Corrente;-6869000.0000000000;S;21219
33.592.510/0001-54;2023-12-31;1;VALE S.A.;004170;DF Consolidado - Demonstração do Resultado;REAL;MIL;PENÚLTIMO;2022-01-01;2022-12-31;3.08.02;Diferido;-4926000.0000000000;S;21220
33.592.510/0001-54;2023-12-31;1;VALE S.A.;004170;DF Consolidado - Demonstração do Resultado;REAL;MIL;ÚLTIMO;2023-01-01;2023-12-31;3.08.02;Diferido;-8131000.0000000000;S;21221
33.592.510/0001-54;2023-12-31;1;VALE S.A.;004170;DF Consolidado - Demonstração do Resultado;REAL;MIL;PENÚLTIMO;2022-01-01;2022-12-31;3.09;Resultado Líquido das Operações Continuadas;86519000.0000000000;S;21222
33.592.510/0001-54;2023-12-31;1;VALE S.A.;004170;DF Consolidado - Demonstração do Resultado;REAL;MIL;ÚLTIMO;2023-01-01;2023-12-31;3.09;Resultado Líquido das Operações Continuadas;40554000.0000000000;S;21223
33.592.510/0001-54;2023-12-31;1;VALE S.A.;004170;DF Consolidado - Demonstração do Resultado;REAL;MIL;PENÚLTIMO;2022-01-01;2022-12-31;3.10;Resultado Líquido de Operações Descontinuadas;9818000.0000000000;S;21224
33.592.510/0001-54;2023-12-31;1;VALE S.A.;004170;DF Consolidado - Demonstração do Resultado;REAL;MIL;ÚLTIMO;2023-01-01;2023-12-31;3.10;Resultado Líquido de Operações Descontinuadas;0.0000000000;S;21225
33.592.510/0001-54;2023-12-31;1;VALE S.A.;004170;DF Consolidado - Demonstração do Resultado;REAL;MIL;PENÚLTIMO;2022-01-01;2022-12-31;3.10.01;Lucro/Prejuízo Líquido das Operações Descontinuadas;9818000.0000000000;S;21226
33.592.510/0001-54;2023-12-31;1;VALE S.A.;004170;DF Consolidado - Demonstração do Resultado;REAL;MIL;ÚLTIMO;2023-01-01;2023-12-31;3.10.01;Lucro/Prejuízo Líquido das Operações Descontinuadas;0.0000000000;S;21227
33.592.510/0001-54;2023-12-31;1;VALE S.A.;004170;DF Consolidado - Demonstração do Resultado;REAL;MIL;PENÚLTIMO;2022-01-01;2022-12-31;3.10.02;Ganhos/Perdas Líquidas sobre Ativos de Operações Descontinuadas;0.0000000000;S;21228
33.592.510/0001-54;2023-12-31;1;VALE S.A.;004170;DF Consolidado - Demonstração do Resultado;REAL;MIL;ÚLTIMO;2023-01-01;2023-12-31;3.10.02;Ganhos/Perdas Líquidas sobre Ativos de Operações Descontinuadas;0.0000000000;S;21229
33.592.510/0001-54;2023-12-31;1;VALE S.A.;004170;DF Consolidado - Demonstração do Resultado;REAL;MIL;PENÚLTIMO;2022-01-01;2022-12-31;3.11;Lucro/Prejuízo Consolidado do Período;96337000.0000000000;S;21230
33.592.510/0001-54;2023-12-31;1;VALE S.A.;004170;DF Consolidado - Demonstração do Resultado;REAL;MIL;ÚLTIMO;2023-01-01;2023-12-31;3.11;Lucro/Prejuízo Consolidado do Período;40554000.0000000000;S;21231
33.592.510/0001-54;2023-12-31;1;VALE S.A.;004170;DF Consolidado - Demonstração do Resultado;REAL;MIL;PENÚLTIMO;2022-01-01;2022-12-31;3.11.01;Atribuído a Sócios da Empresa Controladora;95924000.0000000000;S;21232
33.592.510/0001-54;2023-12-31;1;VALE S.A.;004170;DF Consolidado - Demonstração do Resultado;REAL;MIL;ÚLTIMO;2023-01-01;2023-12-31;3.11.01;Atribuído a Sócios da Empresa Controladora;39940000.0000000000;S;21233
33.592.510/0001-54;2023-12-31;1;VALE S.A.;004170;DF Consolidado - Demonstração do Resultado;REAL;MIL;PENÚLTIMO;2022-01-01;2022-12-31;3.11.02;Atribuído a Sócios Não Controladores;413000.0000000000;S;21234
33.592.510/0001-54;2023-12-31;1;VALE S.A.;004170;DF Consolidado - Demonstração do Resultado;REAL;MIL;ÚLTIMO;2023-01-01;2023-12-31;3.11.02;Atribuído a Sócios Não Controladores;614000.0000000000;S;21235
33.592.510/0001-54;2023-12-31;1;VALE S.A.;004170;DF Consolidado - Demonstração do Resultado;REAL;MIL;PENÚLTIMO;2022-01-01;2022-12-31;3.99;Lucro por Ação - (Reais / Ação);0.0000000000;N;21236
33.592.510/0001-54;2023-12-31;1;VALE S.A.;004170;DF Consolidado - Demonstração do Resultado;REAL;MIL;ÚLTIMO;2023-01-01;2023-12-31;3.99;Lucro por Ação - (Reais / Ação);0.0000000000;N;21237
33.592.510/0001-54;2023-12-31;1;VALE S.A.;004170;DF Consolidado - Demonstração do Resultado;REAL;MIL;PENÚLTIMO;2022-01-01;2022-12-31;3.99.01;Lucro Básico por Ação;0.0000000000;N;21238
33.592.510/0001-54;2023-12-31;1;VALE S.A.;004170;DF Consolidado - Demonstração do Resultado;REAL;MIL;ÚLTIMO;2023-01-01;2023-12-31;3.99.01;Lucro Básico por Ação;0.0000000000;N;21239
33.592.510/0001-54;2023-12-31;1;VALE S.A.;004170;DF Consolidado - Demonstração do Resultado;REAL;MIL;PENÚLTIMO;2022-01-01;2022-12-31;3.99.01.01;PNA;0.0000000000;N;21240
33.592.510/0001-54;2023-12-31;1;VALE S.A.;004170;DF Consolidado - Demonstração do Resultado;REAL;MIL;ÚLTIMO;2023-01-01;2023-12-31;3.99.01.01;PNA;0.0000000000;N;21241
33.592.510/0001-54;2023-12-31;1;VALE S.A.;004170;DF Consolidado - Demonstração do Resultado;REAL;MIL;PENÚLTIMO;2022-01-01;2022-12-31;3.99.01.02;ON;20.6700000000;N;21242
33.592.510/0001-54;2023-12-31;1;VALE S.A.;004170;DF Consolidado - Demonstração do Resultado;REAL;MIL;ÚLTIMO;2023-01-01;2023-12-31;3.99.01.02;ON;9.1500000000;N;21243
33.592.510/0001-54;2023-12-31;1;VALE S.A.;004170;DF Consolidado - Demonstração do Resultado;REAL;MIL;PENÚLTIMO;2022-01-01;2022-12-31;3.99.02;Lucro Diluído por Ação;0.0000000000;N;21244
33.592.510/0001-54;2023-12-31;1;VALE S.A.;004170;DF Consolidado - Demonstração do Resultado;REAL;MIL;ÚLTIMO;2023-01-01;2023-12-31;3.99.02;Lucro Diluído por Ação;0.0000000000;N;21245
33.592.510/0001-54;2023-12-31;1;VALE S.A.;004170;DF Consolidado - Demonstração do Resultado;REAL;MIL;PENÚLTIMO;2022-01-01;2022-12-31;3.99.02.01;PNA;0.0000000000;N;21246
33.592.510/0001-54;2023-12-31;1;VALE S.A.;004170;DF Consolidado - Demonstração do Resultado;REAL;MIL;ÚLTIMO;2023-01-01;2023-12-31;3.99.02.01;PNA;0.0000000000;N;21247
33.592.510/0001-54;2023-12-31;1;VALE S.A.;004170;DF Consolidado - Demonstração do Resultado;REAL;MIL;PENÚLTIMO;2022-01-01;2022-12-31;3.99.02.02;ON;20.6700000000;N;21248
33.592.510/0001-54;2023-12-31;1;VALE S.A.;004170;DF Consolidado - Demonstração do Resultado;REAL;MIL;ÚLTIMO;2023-01-01;2023-12-31;3.99.02.02;ON;9.1500000000;N;21249
33.611.500/0001-19;2023-12-31;1;GERDAU S.A.;003980;DF Consolidado - Demonstração do Resultado;REAL;MIL;PENÚLTIMO;2022-01-01;2022-12-31;3.01;Receita de Venda de Bens e/ou Serviços;82412210.0000000000;S;21250
33.611.500/0001-19;2023-12-31;1;GERDAU S.A.;003980;DF Consolidado - Demonstração do Resultado;REAL;MIL;ÚLTIMO;2023-01-01;2023-12-31;3.01;Receita de Venda de Bens e/ou Serviços;68916447.0000000000;S;21251
33.611.500/0001-19;2023-12-31;1;GERDAU S.A.;003980;DF Consolidado - Demonstração do Resultado;REAL;MIL;PENÚLTIMO;2022-01-01;2022-12-31;3.02;Custo dos Bens e/ou Serviços Vendidos;-63661156.0000000000;S;21252
33.611.500/0001-19;2023-12-31;1;GERDAU S.A.;003980;DF Consolidado - Demonstração do Resultado;REAL;MIL;ÚLTIMO;2023-01-01;2023-12-31;3.02;Custo dos Bens e/ou Serviços Vendidos;-57583992.0000000000;S;21253
33.611.500/0001-19;2023-12-31;1;GERDAU S.A.;003980;DF Consolidado - Demonstração do Resultado;REAL;MIL;PENÚLTIMO;2022-01-01;2022-12-31;3.03;Resultado Bruto;18751054.0000000000;S;21254
33.611.500/0001-19;2023-12-31;1;GERDAU S.A.;003980;DF Consolidado - Demonstração do Resultado;REAL;MIL;ÚLTIMO;2023-01-01;2023-12-31;3.03;Resultado Bruto;11332455.0000000000;S;21255
33.611.500/0001-19;2023-12-31;1;GERDAU S.A.;003980;DF Consolidado - Demonstração do Resultado;REAL;MIL;PENÚLTIMO;2022-01-01;2022-12-31;3.04;Despesas/Receitas Operacionais;-999601.0000000000;S;21256
33.611.500/0001-19;2023-12-31;1;GERDAU S.A.;003980;DF Consolidado - Demonstração do Resultado;REAL;MIL;ÚLTIMO;2023-01-01;2023-12-31;3.04;Despesas/Receitas Operacionais;-879728.0000000000;S;21257
33.611.500/0001-19;2023-12-31;1;GERDAU S.A.;003980;DF Consolidado - Demonstração do Resultado;REAL;MIL;PENÚLTIMO;2022-01-01;2022-12-31;3.04.01;Despesas com Vendas;-733026.0000000000;S;21258
33.611.500/0001-19;2023-12-31;1;GERDAU S.A.;003980;DF Consolidado - Demonstração do Resultado;REAL;MIL;ÚLTIMO;2023-01-01;2023-12-31;3.04.01;Despesas com Vendas;-716195.0000000000;S;21259
33.611.500/0001-19;2023-12-31;1;GERDAU S.A.;003980;DF Consolidado - Demonstração do Resultado;REAL;MIL;PENÚLTIMO;2022-01-01;2022-12-31;3.04.02;Despesas Gerais e Administrativas;-1454592.0000000000;S;21260
33.611.500/0001-19;2023-12-31;1;GERDAU S.A.;003980;DF Consolidado - Demonstração do Resultado;REAL;MIL;ÚLTIMO;2023-01-01;2023-12-31;3.04.02;Despesas Gerais e Administrativas;-1491441.0000000000;S;21261
33.611.500/0001-19;2023-12-31;1;GERDAU S.A.;003980;DF Consolidado - Demonstração do Resultado;REAL;MIL;PENÚLTIMO;2022-01-01;2022-12-31;3.04.03;Perdas pela Não Recuperabilidade de Ativos;0.0000000000;S;21262
33.611.500/0001-19;2023-12-31;1;GERDAU S.A.;003980;DF Consolidado - Demonstração do Resultado;REAL;MIL;ÚLTIMO;2023-01-01;2023-12-31;3.04.03;Perdas pela Não Recuperabilidade de Ativos;0.0000000000;S;21263
33.611.500/0001-19;2023-12-31;1;GERDAU S.A.;003980;DF Consolidado - Demonstração do Resultado;REAL;MIL;PENÚLTIMO;2022-01-01;2022-12-31;3.04.04;Outras Receitas Operacionais;246313.0000000000;S;21264
33.611.500/0001-19;2023-12-31;1;GERDAU S.A.;003980;DF Consolidado - Demonstração do Resultado;REAL;MIL;ÚLTIMO;2023-01-01;2023-12-31;3.04.04;Outras Receitas Operacionais;1033506.0000000000;S;21265
33.611.500/0001-19;2023-12-31;1;GERDAU S.A.;003980;DF Consolidado - Demonstração do Resultado;REAL;MIL;PENÚLTIMO;2022-01-01;2022-12-31;3.04.04.01;Outras Receitas Operacionais;246313.0000000000;N;21266
33.611.500/0001-19;2023-12-31;1;GERDAU S.A.;003980;DF Consolidado - Demonstração do Resultado;REAL;MIL;ÚLTIMO;2023-01-01;2023-12-31;3.04.04.01;Outras Receitas Operacionais;1033506.0000000000;N;21267
33.611.500/0001-19;2023-12-31;1;GERDAU S.A.;003980;DF Consolidado - Demonstração do Resultado;REAL;MIL;PENÚLTIMO;2022-01-01;2022-12-31;3.04.04.02;Recuperação de empréstimos compulsórios Eletrobras;0.0000000000;N;21268
33.611.500/0001-19;2023-12-31;1;GERDAU S.A.;003980;DF Consolidado - Demonstração do Resultado;REAL;MIL;ÚLTIMO;2023-01-01;2023-12-31;3.04.04.02;Recuperação de empréstimos compulsórios Eletrobras;0.0000000000;N;21269
33.611.500/0001-19;2023-12-31;1;GERDAU S.A.;003980;DF Consolidado - Demonstração do Resultado;REAL;MIL;PENÚLTIMO;2022-01-01;2022-12-31;3.04.04.03;Ganhos pela não recuperabilidade de ativos financeiros;0.0000000000;N;21270
33.611.500/0001-19;2023-12-31;1;GERDAU S.A.;003980;DF Consolidado - Demonstração do Resultado;REAL;MIL;ÚLTIMO;2023-01-01;2023-12-31;3.04.04.03;Ganhos pela não recuperabilidade de ativos financeiros;0.0000000000;N;21271
33.611.500/0001-19;2023-12-31;1;GERDAU S.A.;003980;DF Consolidado - Demonstração do Resultado;REAL;MIL;PENÚLTIMO;2022-01-01;2022-12-31;3.04.05;Outras Despesas Operacionais;-210123.0000000000;S;21272
33.611.500/0001-19;2023-12-31;1;GERDAU S.A.;003980;DF Consolidado - Demonstração do Resultado;REAL;MIL;ÚLTIMO;2023-01-01;2023-12-31;3.04.05;Outras Despesas Operacionais;-533204.0000000000;S;21273
33.611.500/0001-19;2023-12-31;1;GERDAU S.A.;003980;DF Consolidado - Demonstração do Resultado;REAL;MIL;PENÚLTIMO;2022-01-01;2022-12-31;3.04.05.01;Outras Despesas Operacionais;-210042.0000000000;N;21274
33.611.500/0001-19;2023-12-31;1;GERDAU S.A.;003980;DF Consolidado - Demonstração do Resultado;REAL;MIL;ÚLTIMO;2023-01-01;2023-12-31;3.04.05.01;Outras Despesas Operacionais;-522476.0000000000;N;21275
33.611.500/0001-19;2023-12-31;1;GERDAU S.A.;003980;DF Consolidado - Demonstração do Resultado;REAL;MIL;PENÚLTIMO;2022-01-01;2022-12-31;3.04.05.02;Ganhos e perdas em ativos mantidos para venda e vendas de participações em controladas;0.0000000000;N;21276
33.611.500/0001-19;2023-12-31;1;GERDAU S.A.;003980;DF Consolidado - Demonstração do Resultado;REAL;MIL;ÚLTIMO;2023-01-01;2023-12-31;3.04.05.02;Ganhos e perdas em ativos mantidos para venda e vendas de participações em controladas;0.0000000000;N;21277
33.611.500/0001-19;2023-12-31;1;GERDAU S.A.;003980;DF Consolidado - Demonstração do Resultado;REAL;MIL;PENÚLTIMO;2022-01-01;2022-12-31;3.04.05.03;(Perdas) Reversão pela não recuperabilidade de ativos financeiros;-81.0000000000;N;21278
33.611.500/0001-19;2023-12-31;1;GERDAU S.A.;003980;DF Consolidado - Demonstração do Resultado;REAL;MIL;ÚLTIMO;2023-01-01;2023-12-31;3.04.05.03;(Perdas) Reversão pela não recuperabilidade de ativos financeiros;-10728.0000000000;N;21279
33.611.500/0001-19;2023-12-31;1;GERDAU S.A.;003980;DF Consolidado - Demonstração do Resultado;REAL;MIL;PENÚLTIMO;2022-01-01;2022-12-31;3.04.05.04;Resultado em operações com controlada e empresas controladas em conjunto;0.0000000000;N;21280
33.611.500/0001-19;2023-12-31;1;GERDAU S.A.;003980;DF Consolidado - Demonstração do Resultado;REAL;MIL;ÚLTIMO;2023-01-01;2023-12-31;3.04.05.04;Resultado em operações com controlada e empresas controladas em conjunto;0.0000000000;N;21281
33.611.500/0001-19;2023-12-31;1;GERDAU S.A.;003980;DF Consolidado - Demonstração do Resultado;REAL;MIL;PENÚLTIMO;2022-01-01;2022-12-31;3.04.06;Resultado de Equivalência Patrimonial;1151827.0000000000;S;21282
33.611.500/0001-19;2023-12-31;1;GERDAU S.A.;003980;DF Consolidado - Demonstração do Resultado;REAL;MIL;ÚLTIMO;2023-01-01;2023-12-31;3.04.06;Resultado de Equivalência Patrimonial;827606.0000000000;S;21283
33.611.500/0001-19;2023-12-31;1;GERDAU S.A.;003980;DF Consolidado - Demonstração do Resultado;REAL;MIL;PENÚLTIMO;2022-01-01;2022-12-31;3.05;Resultado Antes do Resultado Financeiro e dos Tributos;17751453.0000000000;S;21284
33.611.500/0001-19;2023-12-31;1;GERDAU S.A.;003980;DF Consolidado - Demonstração do Resultado;REAL;MIL;ÚLTIMO;2023-01-01;2023-12-31;3.05;Resultado Antes do Resultado Financeiro e dos Tributos;10452727.0000000000;S;21285
33.611.500/0001-19;2023-12-31;1;GERDAU S.A.;003980;DF Consolidado - Demonstração do Resultado;REAL;MIL;PENÚLTIMO;2022-01-01;2022-12-31;3.06;Resultado Financeiro;-1892426.0000000000;S;21286
33.611.500/0001-19;2023-12-31;1;GERDAU S.A.;003980;DF Consolidado - Demonstração do Resultado;REAL;MIL;ÚLTIMO;2023-01-01;2023-12-31;3.06;Resultado Financeiro;-1106122.0000000000;S;21287
33.611.500/0001-19;2023-12-31;1;GERDAU S.A.;003980;DF Consolidado - Demonstração do Resultado;REAL;MIL;PENÚLTIMO;2022-01-01;2022-12-31;3.06.01;Receitas Financeiras;645441.0000000000;S;21288
33.611.500/0001-19;2023-12-31;1;GERDAU S.A.;003980;DF Consolidado - Demonstração do Resultado;REAL;MIL;ÚLTIMO;2023-01-01;2023-12-31;3.06.01;Receitas Financeiras;1156021.0000000000;S;21289
33.611.500/0001-19;2023-12-31;1;GERDAU S.A.;003980;DF Consolidado - Demonstração do Resultado;REAL;MIL;PENÚLTIMO;2022-01-01;2022-12-31;3.06.01.01;Receitas Financeiras;606362.0000000000;N;21290
33.611.500/0001-19;2023-12-31;1;GERDAU S.A.;003980;DF Consolidado - Demonstração do Resultado;REAL;MIL;ÚLTIMO;2023-01-01;2023-12-31;3.06.01.01;Receitas Financeiras;903019.0000000000;N;21291
33.611.500/0001-19;2023-12-31;1;GERDAU S.A.;003980;DF Consolidado - Demonstração do Resultado;REAL;MIL;PENÚLTIMO;2022-01-01;2022-12-31;3.06.01.02;Atualização de créditos tributários;0.0000000000;N;21292
33.611.500/0001-19;2023-12-31;1;GERDAU S.A.;003980;DF Consolidado - Demonstração do Resultado;REAL;MIL;ÚLTIMO;2023-01-01;2023-12-31;3.06.01.02;Atualização de créditos tributários;253002.0000000000;N;21293
33.611.500/0001-19;2023-12-31;1;GERDAU S.A.;003980;DF Consolidado - Demonstração do Resultado;REAL;MIL;PENÚLTIMO;2022-01-01;2022-12-31;3.06.01.04;Ganhos com instrumentos financeiros, líquido;39079.0000000000;N;21294
33.611.500/0001-19;2023-12-31;1;GERDAU S.A.;003980;DF Consolidado - Demonstração do Resultado;REAL;MIL;ÚLTIMO;2023-01-01;2023-12-31;3.06.01.04;Ganhos com instrumentos financeiros, líquido;0.0000000000;N;21295
33.611.500/0001-19;2023-12-31;1;GERDAU S.A.;003980;DF Consolidado - Demonstração do Resultado;REAL;MIL;PENÚLTIMO;2022-01-01;2022-12-31;3.06.02;Despesas Financeiras;-2537867.0000000000;S;21296
33.611.500/0001-19;2023-12-31;1;GERDAU S.A.;003980;DF Consolidado - Demonstração do Resultado;REAL;MIL;ÚLTIMO;2023-01-01;2023-12-31;3.06.02;Despesas Financeiras;-2262143.0000000000;S;21297
33.611.500/0001-19;2023-12-31;1;GERDAU S.A.;003980;DF Consolidado - Demonstração do Resultado;REAL;MIL;PENÚLTIMO;2022-01-01;2022-12-31;3.06.02.01;Despesas Financeiras;-1563158.0000000000;N;21298
33.611.500/0001-19;2023-12-31;1;GERDAU S.A.;003980;DF Consolidado - Demonstração do Resultado;REAL;MIL;ÚLTIMO;2023-01-01;2023-12-31;3.06.02.01;Despesas Financeiras;-1396789.0000000000;N;21299
33.611.500/0001-19;2023-12-31;1;GERDAU S.A.;003980;DF Consolidado - Demonstração do Resultado;REAL;MIL;PENÚLTIMO;2022-01-01;2022-12-31;3.06.02.02;Variação cambial, líquida;-974709.0000000000;N;21300
33.611.500/0001-19;2023-12-31;1;GERDAU S.A.;003980;DF Consolidado - Demonstração do Resultado;REAL;MIL;ÚLTIMO;2023-01-01;2023-12-31;3.06.02.02;Variação cambial, líquida;-850375.0000000000;N;21301
33.611.500/0001-19;2023-12-31;1;GERDAU S.A.;003980;DF Consolidado - Demonstração do Resultado;REAL;MIL;PENÚLTIMO;2022-01-01;2022-12-31;3.06.02.03;Perdas com instrumentos financeiros, líquido;0.0000000000;N;21302
33.611.500/0001-19;2023-12-31;1;GERDAU S.A.;003980;DF Consolidado - Demonstração do Resultado;REAL;MIL;ÚLTIMO;2023-01-01;2023-12-31;3.06.02.03;Perdas com instrumentos financeiros, líquido;-14979.0000000000;N;21303
33.611.500/0001-19;2023-12-31;1;GERDAU S.A.;003980;DF Consolidado - Demonstração do Resultado;REAL;MIL;PENÚLTIMO;2022-01-01;2022-12-31;3.06.02.04;Despesas na recompra de Bonds;0.0000000000;N;21304
33.611.500/0001-19;2023-12-31;1;GERDAU S.A.;003980;DF Consolidado - Demonstração do Resultado;REAL;MIL;ÚLTIMO;2023-01-01;2023-12-31;3.06.02.04;Despesas na recompra de Bonds;0.0000000000;N;21305
33.611.500/0001-19;2023-12-31;1;GERDAU S.A.;003980;DF Consolidado - Demonstração do Resultado;REAL;MIL;PENÚLTIMO;2022-01-01;2022-12-31;3.07;Resultado Antes dos Tributos sobre o Lucro;15859027.0000000000;S;21306
33.611.500/0001-19;2023-12-31;1;GERDAU S.A.;003980;DF Consolidado - Demonstração do Resultado;REAL;MIL;ÚLTIMO;2023-01-01;2023-12-31;3.07;Resultado Antes dos Tributos sobre o Lucro;9346605.0000000000;S;21307
33.611.500/0001-19;2023-12-31;1;GERDAU S.A.;003980;DF Consolidado - Demonstração do Resultado;REAL;MIL;PENÚLTIMO;2022-01-01;2022-12-31;3.08;Imposto de Renda e Contribuição Social sobre o Lucro;-4379475.0000000000;S;21308
33.611.500/0001-19;2023-12-31;1;GERDAU S.A.;003980;DF Consolidado - Demonstração do Resultado;REAL;MIL;ÚLTIMO;2023-01-01;2023-12-31;3.08;Imposto de Renda e Contribuição Social sobre o Lucro;-1809622.0000000000;S;21309
33.611.500/0001-19;2023-12-31;1;GERDAU S.A.;003980;DF Consolidado - Demonstração do Resultado;REAL;MIL;PENÚLTIMO;2022-01-01;2022-12-31;3.08.01;Corrente;-3709414.0000000000;S;21310
33.611.500/0001-19;2023-12-31;1;GERDAU S.A.;003980;DF Consolidado - Demonstração do Resultado;REAL;MIL;ÚLTIMO;2023-01-01;2023-12-31;3.08.01;Corrente;-1810459.0000000000;S;21311
33.611.500/0001-19;2023-12-31;1;GERDAU S.A.;003980;DF Consolidado - Demonstração do Resultado;REAL;MIL;PENÚLTIMO;2022-01-01;2022-12-31;3.08.02;Diferido;-670061.0000000000;S;21312
33.611.500/0001-19;2023-12-31;1;GERDAU S.A.;003980;DF Consolidado - Demonstração do Resultado;REAL;MIL;ÚLTIMO;2023-01-01;2023-12-31;3.08.02;Diferido;837.0000000000;S;21313
33.611.500/0001-19;2023-12-31;1;GERDAU S.A.;003980;DF Consolidado - Demonstração do Resultado;REAL;MIL;PENÚLTIMO;2022-01-01;2022-12-31;3.09;Resultado Líquido das Operações Continuadas;11479552.0000000000;S;21314
33.611.500/0001-19;2023-12-31;1;GERDAU S.A.;003980;DF Consolidado - Demonstração do Resultado;REAL;MIL;ÚLTIMO;2023-01-01;2023-12-31;3.09;Resultado Líquido das Operações Continuadas;7536983.0000000000;S;21315
33.611.500/0001-19;2023-12-31;1;GERDAU S.A.;003980;DF Consolidado - Demonstração do Resultado;REAL;MIL;PENÚLTIMO;2022-01-01;2022-12-31;3.10;Resultado Líquido de Operações Descontinuadas;0.0000000000;S;21316
33.611.500/0001-19;2023-12-31;1;GERDAU S.A.;003980;DF Consolidado - Demonstração do Resultado;REAL;MIL;ÚLTIMO;2023-01-01;2023-12-31;3.10;Resultado Líquido de Operações Descontinuadas;0.0000000000;S;21317
33.611.500/0001-19;2023-12-31;1;GERDAU S.A.;003980;DF Consolidado - Demonstração do Resultado;REAL;MIL;PENÚLTIMO;2022-01-01;2022-12-31;3.10.01;Lucro/Prejuízo Líquido das Operações Descontinuadas;0.0000000000;S;21318
33.611.500/0001-19;2023-12-31;1;GERDAU S.A.;003980;DF Consolidado - Demonstração do Resultado;REAL;MIL;ÚLTIMO;2023-01-01;2023-12-31;3.10.01;Lucro/Prejuízo Líquido das Operações Descontinuadas;0.0000000000;S;21319
33.611.500/0001-19;2023-12-31;1;GERDAU S.A.;003980;DF Consolidado - Demonstração do Resultado;REAL;MIL;PENÚLTIMO;2022-01-01;2022-12-31;3.10.02;Ganhos/Perdas Líquidas sobre Ativos de Operações Descontinuadas;0.0000000000;S;21320
33.611.500/0001-19;2023-12-31;1;GERDAU S.A.;003980;DF Consolidado - Demonstração do Resultado;REAL;MIL;ÚLTIMO;2023-01-01;2023-12-31;3.10.02;Ganhos/Perdas Líquidas sobre Ativos de Operações Descontinuadas;0.0000000000;S;21321
33.611.500/0001-19;2023-12-31;1;GERDAU S.A.;003980;DF Consolidado - Demonstração do Resultado;REAL;MIL;PENÚLTIMO;2022-01-01;2022-12-31;3.11;Lucro/Prejuízo Consolidado do Período;11479552.0000000000;S;21322
33.611.500/0001-19;2023-12-31;1;GERDAU S.A.;003980;DF Consolidado - Demonstração do Resultado;REAL;MIL;ÚLTIMO;2023-01-01;2023-12-31;3.11;Lucro/Prejuízo Consolidado do Período;7536983.0000000000;S;21323
33.611.500/0001-19;2023-12-31;1;GERDAU S.A.;003980;DF Consolidado - Demonstração do Resultado;REAL;MIL;PENÚLTIMO;2022-01-01;2022-12-31;3.11.01;Atribuído a Sócios da Empresa Controladora;11425512.0000000000;S;21324
33.611.500/0001-19;2023-12-31;1;GERDAU S.A.;003980;DF Consolidado - Demonstração do Resultado;REAL;MIL;ÚLTIMO;2023-01-01;2023-12-31;3.11.01;Atribuído a Sócios da Empresa Controladora;7501565.0000000000;S;21325
33.611.500/0001-19;2023-12-31;1;GERDAU S.A.;003980;DF Consolidado - Demonstração do Resultado;REAL;MIL;PENÚLTIMO;2022-01-01;2022-12-31;3.11.02;Atribuído a Sócios Não Controladores;54040.0000000000;S;21326
33.611.500/0001-19;2023-12-31;1;GERDAU S.A.;003980;DF Consolidado - Demonstração do Resultado;REAL;MIL;ÚLTIMO;2023-01-01;2023-12-31;3.11.02;Atribuído a Sócios Não Controladores;35418.0000000000;S;21327
33.611.500/0001-19;2023-12-31;1;GERDAU S.A.;003980;DF Consolidado - Demonstração do Resultado;REAL;MIL;PENÚLTIMO;2022-01-01;2022-12-31;3.99;Lucro por Ação - (Reais / Ação);0.0000000000;N;21328
33.611.500/0001-19;2023-12-31;1;GERDAU S.A.;003980;DF Consolidado - Demonstração do Resultado;REAL;MIL;ÚLTIMO;2023-01-01;2023-12-31;3.99;Lucro por Ação - (Reais / Ação);0.0000000000;N;21329
33.611.500/0001-19;2023-12-31;1;GERDAU S.A.;003980;DF Consolidado - Demonstração do Resultado;REAL;MIL;PENÚLTIMO;2022-01-01;2022-12-31;3.99.01;Lucro Básico por Ação;0.0000000000;N;21330
33.611.500/0001-19;2023-12-31;1;GERDAU S.A.;003980;DF Consolidado - Demonstração do Resultado;REAL;MIL;ÚLTIMO;2023-01-01;2023-12-31;3.99.01;Lucro Básico por Ação;0.0000000000;N;21331
33.611.500/0001-19;2023-12-31;1;GERDAU S.A.;003980;DF Consolidado - Demonstração do Resultado;REAL;MIL;PENÚLTIMO;2022-01-01;2022-12-31;3.99.01.01;ON;6.5300000000;N;21332
33.611.500/0001-19;2023-12-31;1;GERDAU S.A.;003980;DF Consolidado - Demonstração do Resultado;REAL;MIL;ÚLTIMO;2023-01-01;2023-12-31;3.99.01.01;ON;4.2900000000;N;21333
33.611.500/0001-19;2023-12-31;1;GERDAU S.A.;003980;DF Consolidado - Demonstração do Resultado;REAL;MIL;PENÚLTIMO;2022-01-01;2022-12-31;3.99.01.02;PN;6.5300000000;N;21334
33.611.500/0001-19;2023-12-31;1;GERDAU S.A.;003980;DF Consolidado - Demonstração do Resultado;REAL;MIL;ÚLTIMO;2023-01-01;2023-12-31;3.99.01.02;PN;4.2900000000;N;21335
33.611.500/0001-19;2023-12-31;1;GERDAU S.A.;003980;DF Consolidado - Demonstração do Resultado;REAL;MIL;PENÚLTIMO;2022-01-01;2022-12-31;3.99.02;Lucro Diluído por Ação;0.0000000000;N;21336
33.611.500/0001-19;2023-12-31;1;GERDAU S.A.;003980;DF Consolidado - Demonstração do Resultado;REAL;MIL;ÚLTIMO;2023-01-01;2023-12-31;3.99.02;Lucro Diluído por Ação;0.0000000000;N;21337
33.611.500/0001-19;2023-12-31;1;GERDAU S.A.;003980;DF Consolidado - Demonstração do Resultado;REAL;MIL;PENÚLTIMO;2022-01-01;2022-12-31;3.99.02.01;ON;6.5000000000;N;21338
33.611.500/0001-19;2023-12-31;1;GERDAU S.A.;003980;DF Consolidado - Demonstração do Resultado;REAL;MIL;ÚLTIMO;2023-01-01;2023-12-31;3.99.02.01;ON;4.2600000000;N;21339
33.611.500/0001-19;2023-12-31;1;GERDAU S.A.;003980;DF Consolidado - Demonstração do Resultado;REAL;MIL;PENÚLTIMO;2022-01-01;2022-12-31;3.99.02.02;PN;6.5000000000;N;21340
33.611.500/0001-19;2023-12-31;1;GERDAU S.A.;003980;DF Consolidado - Demonstração do Resultado;REAL;MIL;ÚLTIMO;2023-01-01;2023-12-31;3.99.02.02;PN;4.2600000000;N;21341
89.637.490/0001-45;2023-12-31;1;KLABIN S.A.;012653;DF Consolidado - Demonstração do Resultado;REAL;MIL;PENÚLTIMO;2022-01-01;2022-12-31;3.01;Receita de Venda de Bens e/ou Serviços;20032699.0000000000;S;32358
89.637.490/0001-45;2023-12-31;1;KLABIN S.A.;012653;DF Consolidado - Demonstração do Resultado;REAL;MIL;ÚLTIMO;2023-01-01;2023-12-31;3.01;Receita de Venda de Bens e/ou Serviços;18023749.0000000000;S;32359
89.637.490/0001-45;2023-12-31;1;KLABIN S.A.;012653;DF Consolidado - Demonstração do Resultado;REAL;MIL;PENÚLTIMO;2022-01-01;2022-12-31;3.02;Custo dos Bens e/ou Serviços Vendidos;-10517844.0000000000;S;32360
89.637.490/0001-45;2023-12-31;1;KLABIN S.A.;012653;DF Consolidado - Demonstração do Resultado;REAL;MIL;ÚLTIMO;2023-01-01;2023-12-31;3.02;Custo dos Bens e/ou Serviços Vendidos;-11174303.0000000000;S;32361
89.637.490/0001-45;2023-12-31;1;KLABIN S.A.;012653;DF Consolidado - Demonstração do Resultado;REAL;MIL;PENÚLTIMO;2022-01-01;2022-12-31;3.02.01;Variação do Valor Justo dos Ativos Biológicos;1883087.0000000000;N;32362
89.637.490/0001-45;2023-12-31;1;KLABIN S.A.;012653;DF Consolidado - Demonstração do Resultado;REAL;MIL;ÚLTIMO;2023-01-01;2023-12-31;3.02.01;Variação do Valor Justo dos Ativos Biológicos;1229441.0000000000;N;32363
89.637.490/0001-45;2023-12-31;1;KLABIN S.A.;012653;DF Consolidado - Demonstração do Resultado;REAL;MIL;PENÚLTIMO;2022-01-01;2022-12-31;3.02.02;Custo dos Produtos Vendidos;-12400931.0000000000;N;32364
89.637.490/0001-45;2023-12-31;1;KLABIN S.A.;012653;DF Consolidado - Demonstração do Resultado;REAL;MIL;ÚLTIMO;2023-01-01;2023-12-31;3.02.02;Custo dos Produtos Vendidos;-12403744.0000000000;N;32365
89.637.490/0001-45;2023-12-31;1;KLABIN S.A.;012653;DF Consolidado - Demonstração do Resultado;REAL;MIL;PENÚLTIMO;2022-01-01;2022-12-31;3.03;Resultado Bruto;9514855.0000000000;S;32366
89.637.490/0001-45;2023-12-31;1;KLABIN S.A.;012653;DF Consolidado - Demonstração do Resultado;REAL;MIL;ÚLTIMO;2023-01-01;2023-12-31;3.03;Resultado Bruto;6849446.0000000000;S;32367
89.637.490/0001-45;2023-12-31;1;KLABIN S.A.;012653;DF Consolidado - Demonstração do Resultado;REAL;MIL;PENÚLTIMO;2022-01-01;2022-12-31;3.04;Despesas/Receitas Operacionais;-2824261.0000000000;S;32368
89.637.490/0001-45;2023-12-31;1;KLABIN S.A.;012653;DF Consolidado - Demonstração do Resultado;REAL;MIL;ÚLTIMO;2023-01-01;2023-12-31;3.04;Despesas/Receitas Operacionais;-2600236.0000000000;S;32369
89.637.490/0001-45;2023-12-31;1;KLABIN S.A.;012653;DF Consolidado - Demonstração do Resultado;REAL;MIL;PENÚLTIMO;2022-01-01;2022-12-31;3.04.01;Despesas com Vendas;-1901242.0000000000;S;32370
89.637.490/0001-45;2023-12-31;1;KLABIN S.A.;012653;DF Consolidado - Demonstração do Resultado;REAL;MIL;ÚLTIMO;2023-01-01;2023-12-31;3.04.01;Despesas com Vendas;-1542318.0000000000;S;32371
89.637.490/0001-45;2023-12-31;1;KLABIN S.A.;012653;DF Consolidado - Demonstração do Resultado;REAL;MIL;PENÚLTIMO;2022-01-01;2022-12-31;3.04.02;Despesas Gerais e Administrativas;-1051201.0000000000;S;32372
89.637.490/0001-45;2023-12-31;1;KLABIN S.A.;012653;DF Consolidado - Demonstração do Resultado;REAL;MIL;ÚLTIMO;2023-01-01;2023-12-31;3.04.02;Despesas Gerais e Administrativas;-1001272.0000000000;S;32373
89.637.490/0001-45;2023-12-31;1;KLABIN S.A.;012653;DF Consolidado - Demonstração do Resultado;REAL;MIL;PENÚLTIMO;2022-01-01;2022-12-31;3.04.03;Perdas pela Não Recuperabilidade de Ativos;0.0000000000;S;32374
89.637.490/0001-45;2023-12-31;1;KLABIN S.A.;012653;DF Consolidado - Demonstração do Resultado;REAL;MIL;ÚLTIMO;2023-01-01;2023-12-31;3.04.03;Perdas pela Não Recuperabilidade de Ativos;0.0000000000;S;32375
89.637.490/0001-45;2023-12-31;1;KLABIN S.A.;012653;DF Consolidado - Demonstração do Resultado;REAL;MIL;PENÚLTIMO;2022-01-01;2022-12-31;3.04.04;Outras Receitas Operacionais;84616.0000000000;S;32376
89.637.490/0001-45;2023-12-31;1;KLABIN S.A.;012653;DF Consolidado - Demonstração do Resultado;REAL;MIL;ÚLTIMO;2023-01-01;2023-12-31;3.04.04;Outras Receitas Operacionais;-71334.0000000000;S;32377
89.637.490/0001-45;2023-12-31;1;KLABIN S.A.;012653;DF Consolidado - Demonstração do Resultado;REAL;MIL;PENÚLTIMO;2022-01-01;2022-12-31;3.04.05;Outras Despesas Operacionais;0.0000000000;S;32378
89.637.490/0001-45;2023-12-31;1;KLABIN S.A.;012653;DF Consolidado - Demonstração do Resultado;REAL;MIL;ÚLTIMO;2023-01-01;2023-12-31;3.04.05;Outras Despesas Operacionais;0.0000000000;S;32379
89.637.490/0001-45;2023-12-31;1;KLABIN S.A.;012653;DF Consolidado - Demonstração do Resultado;REAL;MIL;PENÚLTIMO;2022-01-01;2022-12-31;3.04.06;Resultado de Equivalência Patrimonial;43566.0000000000;S;32380
89.637.490/0001-45;2023-12-31;1;KLABIN S.A.;012653;DF Consolidado - Demonstração do Resultado;REAL;MIL;ÚLTIMO;2023-01-01;2023-12-31;3.04.06;Resultado de Equivalência Patrimonial;14688.0000000000;S;32381
89.637.490/0001-45;2023-12-31;1;KLABIN S.A.;012653;DF Consolidado - Demonstração do Resultado;REAL;MIL;PENÚLTIMO;2022-01-01;2022-12-31;3.05;Resultado Antes do Resultado Financeiro e dos Tributos;6690594.0000000000;S;32382
89.637.490/0001-45;2023-12-31;1;KLABIN S.A.;012653;DF Consolidado - Demonstração do Resultado;REAL;MIL;ÚLTIMO;2023-01-01;2023-12-31;3.05;Resultado Antes do Resultado Financeiro e dos Tributos;4249210.0000000000;S;32383
89.637.490/0001-45;2023-12-31;1;KLABIN S.A.;012653;DF Consolidado - Demonstração do Resultado;REAL;MIL;PENÚLTIMO;2022-01-01;2022-12-31;3.06;Resultado Financeiro;-91439.0000000000;S;32384
89.637.490/0001-45;2023-12-31;1;KLABIN S.A.;012653;DF Consolidado - Demonstração do Resultado;REAL;MIL;ÚLTIMO;2023-01-01;2023-12-31;3.06;Resultado Financeiro;-435153.0000000000;S;32385
89.637.490/0001-45;2023-12-31;1;KLABIN S.A.;012653;DF Consolidado - Demonstração do Resultado;REAL;MIL;PENÚLTIMO;2022-01-01;2022-12-31;3.06.01;Receitas Financeiras;580706.0000000000;S;32386
89.637.490/0001-45;2023-12-31;1;KLABIN S.A.;012653;DF Consolidado - Demonstração do Resultado;REAL;MIL;ÚLTIMO;2023-01-01;2023-12-31;3.06.01;Receitas Financeiras;591193.0000000000;S;32387
89.637.490/0001-45;2023-12-31;1;KLABIN S.A.;012653;DF Consolidado - Demonstração do Resultado;REAL;MIL;PENÚLTIMO;2022-01-01;2022-12-31;3.06.02;Despesas Financeiras;-672145.0000000000;S;32388
89.637.490/0001-45;2023-12-31;1;KLABIN S.A.;012653;DF Consolidado - Demonstração do Resultado;REAL;MIL;ÚLTIMO;2023-01-01;2023-12-31;3.06.02;Despesas Financeiras;-1026346.0000000000;S;32389
89.637.490/0001-45;2023-12-31;1;KLABIN S.A.;012653;DF Consolidado - Demonstração do Resultado;REAL;MIL;PENÚLTIMO;2022-01-01;2022-12-31;3.07;Resultado Antes dos Tributos sobre o Lucro;6599155.0000000000;S;32390
89.637.490/0001-45;2023-12-31;1;KLABIN S.A.;012653;DF Consolidado - Demonstração do Resultado;REAL;MIL;ÚLTIMO;2023-01-01;2023-12-31;3.07;Resultado Antes dos Tributos sobre o Lucro;3814057.0000000000;S;32391
89.637.490/0001-45;2023-12-31;1;KLABIN S.A.;012653;DF Consolidado - Demonstração do Resultado;REAL;MIL;PENÚLTIMO;2022-01-01;2022-12-31;3.08;Imposto de Renda e Contribuição Social sobre o Lucro;-1910252.0000000000;S;32392
89.637.490/0001-45;2023-12-31;1;KLABIN S.A.;012653;DF Consolidado - Demonstração do Resultado;REAL;MIL;ÚLTIMO;2023-01-01;2023-12-31;3.08;Imposto de Renda e Contribuição Social sobre o Lucro;-966669.0000000000;S;32393
89.637.490/0001-45;2023-12-31;1;KLABIN S.A.;012653;DF Consolidado - Demonstração do Resultado;REAL;MIL;PENÚLTIMO;2022-01-01;2022-12-31;3.08.01;Corrente;-588924.0000000000;S;32394
89.637.490/0001-45;2023-12-31;1;KLABIN S.A.;012653;DF Consolidado - Demonstração do Resultado;REAL;MIL;ÚLTIMO;2023-01-01;2023-12-31;3.08.01;Corrente;-180037.0000000000;S;32395
89.637.490/0001-45;2023-12-31;1;KLABIN S.A.;012653;DF Consolidado - Demonstração do Resultado;REAL;MIL;PENÚLTIMO;2022-01-01;2022-12-31;3.08.02;Diferido;-1321328.0000000000;S;32396
89.637.490/0001-45;2023-12-31;1;KLABIN S.A.;012653;DF Consolidado - Demonstração do Resultado;REAL;MIL;ÚLTIMO;2023-01-01;2023-12-31;3.08.02;Diferido;-786632.0000000000;S;32397
89.637.490/0001-45;2023-12-31;1;KLABIN S.A.;012653;DF Consolidado - Demonstração do Resultado;REAL;MIL;PENÚLTIMO;2022-01-01;2022-12-31;3.09;Resultado Líquido das Operações Continuadas;4688903.0000000000;S;32398
89.637.490/0001-45;2023-12-31;1;KLABIN S.A.;012653;DF Consolidado - Demonstração do Resultado;REAL;MIL;ÚLTIMO;2023-01-01;2023-12-31;3.09;Resultado Líquido das Operações Continuadas;2847388.0000000000;S;32399
89.637.490/0001-45;2023-12-31;1;KLABIN S.A.;012653;DF Consolidado - Demonstração do Resultado;REAL;MIL;PENÚLTIMO;2022-01-01;2022-12-31;3.10;Resultado Líquido de Operações Descontinuadas;0.0000000000;S;32400
89.637.490/0001-45;2023-12-31;1;KLABIN S.A.;012653;DF Consolidado - Demonstração do Resultado;REAL;MIL;ÚLTIMO;2023-01-01;2023-12-31;3.10;Resultado Líquido de Operações Descontinuadas;0.0000000000;S;32401
89.637.490/0001-45;2023-12-31;1;KLABIN S.A.;012653;DF Consolidado - Demonstração do Resultado;REAL;MIL;PENÚLTIMO;2022-01-01;2022-12-31;3.10.01;Lucro/Prejuízo Líquido das Operações Descontinuadas;0.0000000000;S;32402
89.637.490/0001-45;2023-12-31;1;KLABIN S.A.;012653;DF Consolidado - Demonstração do Resultado;REAL;MIL;ÚLTIMO;2023-01-01;2023-12-31;3.10.01;Lucro/Prejuízo Líquido das Operações Descontinuadas;0.0000000000;S;32403
89.637.490/0001-45;2023-12-31;1;KLABIN S.A.;012653;DF Consolidado - Demonstração do Resultado;REAL;MIL;PENÚLTIMO;2022-01-01;2022-12-31;3.10.02;Ganhos/Perdas Líquidas sobre Ativos de Operações Descontinuadas;0.0000000000;S;32404
89.637.490/0001-45;2023-12-31;1;KLABIN S.A.;012653;DF Consolidado - Demonstração do Resultado;REAL;MIL;ÚLTIMO;2023-01-01;2023-12-31;3.10.02;Ganhos/Perdas Líquidas sobre Ativos de Operações Descontinuadas;0.0000000000;S;32405
89.637.490/0001-45;2023-12-31;1;KLABIN S.A.;012653;DF Consolidado - Demonstração do Resultado;REAL;MIL;PENÚLTIMO;2022-01-01;2022-12-31;3.11;Lucro/Prejuízo Consolidado do Período;4688903.0000000000;S;32406
89.637.490/0001-45;2023-12-31;1;KLABIN S.A.;012653;DF Consolidado - Demonstração do Resultado;REAL;MIL;ÚLTIMO;2023-01-01;2023-12-31;3.11;Lucro/Prejuízo Consolidado do Período;2847388.0000000000;S;32407
89.637.490/0001-45;2023-12-31;1;KLABIN S.A.;012653;DF Consolidado - Demonstração do Resultado;REAL;MIL;PENÚLTIMO;2022-01-01;2022-12-31;3.11.01;Atribuído a Sócios da Empresa Controladora;4691729.0000000000;S;32408
89.637.490/0001-45;2023-12-31;1;KLABIN S.A.;012653;DF Consolidado - Demonstração do Resultado;REAL;MIL;ÚLTIMO;2023-01-01;2023-12-31;3.11.01;Atribuído a Sócios da Empresa Controladora;2694538.0000000000;S;32409
89.637.490/0001-45;2023-12-31;1;KLABIN S.A.;012653;DF Consolidado - Demonstração do Resultado;REAL;MIL;PENÚLTIMO;2022-01-01;2022-12-31;3.11.02;Atribuído a Sócios Não Controladores;227652.0000000000;S;32410
89.637.490/0001-45;2023-12-31;1;KLABIN S.A.;012653;DF Consolidado - Demonstração do Resultado;REAL;MIL;ÚLTIMO;2023-01-01;2023-12-31;3.11.02;Atribuído a Sócios Não Controladores;152850.0000000000;S;32411
89.637.490/0001-45;2023-12-31;1;KLABIN S.A.;012653;DF Consolidado - Demonstração do Resultado;REAL;MIL;PENÚLTIMO;2022-01-01;2022-12-31;3.99;Lucro por Ação - (Reais / Ação);0.0000000000;N;32412
89.637.490/0001-45;2023-12-31;1;KLABIN S.A.;012653;DF Consolidado - Demonstração do Resultado;REAL;MIL;ÚLTIMO;2023-01-01;2023-12-31;3.99;Lucro por Ação - (Reais / Ação);0.0000000000;N;32413
89.637.490/0001-45;2023-12-31;1;KLABIN S.A.;012653;DF Consolidado - Demonstração do Resultado;REAL;MIL;PENÚLTIMO;2022-01-01;2022-12-31;3.99.01;Lucro Básico por Ação;0.0000000000;N;32414
89.637.490/0001-45;2023-12-31;1;KLABIN S.A.;012653;DF Consolidado - Demonstração do Resultado;REAL;MIL;ÚLTIMO;2023-01-01;2023-12-31;3.99.01;Lucro Básico por Ação;0.0000000000;N;32415
89.637.490/0001-45;2023-12-31;1;KLABIN S.A.;012653;DF Consolidado - Demonstração do Resultado;REAL;MIL;PENÚLTIMO;2022-01-01;2022-12-31;3.99.01.01;ON;0.8109000000;N;32416
89.637.490/0001-45;2023-12-31;1;KLABIN S.A.;012653;DF Consolidado - Demonstração do Resultado;REAL;MIL;ÚLTIMO;2023-01-01;2023-12-31;3.99.01.01;ON;0.4886000000;N;32417
89.637.490/0001-45;2023-12-31;1;KLABIN S.A.;012653;DF Consolidado - Demonstração do Resultado;REAL;MIL;PENÚLTIMO;2022-01-01;2022-12-31;3.99.01.02;PN;0.8109000000;N;32418
89.637.490/0001-45;2023-12-31;1;KLABIN S.A.;012653;DF Consolidado - Demonstração do Resultado;REAL;MIL;ÚLTIMO;2023-01-01;2023-12-31;3.99.01.02;PN;0.4886000000;N;32419
89.637.490/0001-45;2023-12-31;1;KLABIN S.A.;012653;DF Consolidado - Demonstração do Resultado;REAL;MIL;PENÚLTIMO;2022-01-01;2022-12-31;3.99.02;Lucro Diluído por Ação;0.0000000000;N;32420
89.637.490/0001-45;2023-12-31;1;KLABIN S.A.;012653;DF Consolidado - Demonstração do Resultado;REAL;MIL;ÚLTIMO;2023-01-01;2023-12-31;3.99.02;Lucro Diluído por Ação;0.0000000000;N;32421
89.637.490/0001-45;2023-12-31;1;KLABIN S.A.;012653;DF Consolidado - Demonstração do Resultado;REAL;MIL;PENÚLTIMO;2022-01-01;2022-12-31;3.99.02.01;ON;0.8109000000;N;32422
89.637.490/0001-45;2023-12-31;1;KLABIN S.A.;012653;DF Consolidado - Demonstração do Resultado;REAL;MIL;ÚLTIMO;2023-01-01;2023-12-31;3.99.02.01;ON;0.4886000000;N;32423
89.637.490/0001-45;2023-12-31;1;KLABIN S.A.;012653;DF Consolidado - Demonstração do Resultado;REAL;MIL;PENÚLTIMO;2022-01-01;2022-12-31;3.99.02.02;PN;0.8109000000;N;32424
89.637.490/0001-45;2023-12-31;1;KLABIN S.A.;012653;DF Consolidado - Demonstração do Resultado;REAL;MIL;ÚLTIMO;2023-01-01;2023-12-31;3.99.02.02;PN;0.4886000000;N;32425
